area,lat,lon,score,pred_home_36m,pred_home_36m_group_net,reach_target,elderly_65,elderly_75,market_home,latent_home,underserved_ratio,competitor_units,competition_density,facility_residents,exclusive_ratio_new,e75_growth_20_25,e85_growth_25_35,e85_growth_25_40,cm_offices_n,cm_per_10k75,nursing_n,nursing_per_10k75,latent_home_2035,nearest_clinic,nearest_clinic_km,underserved_extrapolated
神奈川県三浦市,35.169,139.6239,24.3873,281.7499,281.7499,129.1552,38331.8772,20559.412,439.3409,675.2487,1.537,7.324,3.5624,2373.9,1.0,1.1568,1.39,1.3954,39,18.9694,16,7.7823,938.5958,調布,53.86,False
神奈川県三浦市,35.169,139.646,28.4828,282.5773,282.5773,176.6188,47532.0861,26023.3969,538.4383,829.1236,1.5399,8.324,3.1987,2942.8,1.0,1.1568,1.39,1.3954,48,18.4449,18,6.9169,1152.4819,三軒茶屋,53.7699,False
神奈川県三浦市,35.187,139.6239,28.9284,274.8728,274.8728,184.2044,53674.9742,29226.7434,634.3643,959.5781,1.5127,10.374,3.5495,3063.9,1.0,1.1568,1.39,1.3954,55,18.8184,19,6.5009,1333.8135,調布,51.8753,False
神奈川県三浦市,35.187,139.646,30.1167,271.5405,271.5405,197.9931,65955.9318,35631.82,790.504,1186.3962,1.5008,14.548,4.0829,3594.1,1.0,1.1568,1.39,1.3954,75,21.0486,29,8.1388,1649.0908,三軒茶屋,51.7674,False
神奈川県三浦市,35.187,139.6681,33.8302,266.8335,266.8335,247.2143,76562.7318,41294.4833,941.261,1396.8138,1.484,15.898,3.8499,3884.9,1.0,1.1568,1.39,1.3954,80,19.373,36,8.7179,1941.5712,三軒茶屋,51.7166,False
神奈川県箱根町,35.205,139.1372,23.4164,272.7037,272.7037,64.0263,32137.5429,17218.8243,391.1317,588.6345,1.505,10.7864,6.2643,1818.3,1.0,1.1612,1.4326,1.4227,25,14.519,18,10.4537,843.2918,府中,60.0464,False
神奈川県三浦市,35.205,139.6018,25.8886,275.072,275.072,157.9238,58338.6647,31994.9079,698.7634,1057.4858,1.5134,14.598,4.5626,3384.0,1.0,1.1498,1.384,1.3497,62,19.3781,23,7.1886,1463.5985,調布,49.6334,False
神奈川県三浦市,35.205,139.6239,32.6631,262.2577,262.2577,239.9428,83361.0656,45288.5843,1075.48,1578.2891,1.4675,20.298,4.4819,3984.4,1.0,1.1568,1.39,1.3954,85,18.7685,35,7.7282,2193.8219,調布,49.8923,False
神奈川県三浦市,35.205,139.646,37.183,257.1627,257.1627,325.1592,104217.119,56152.4025,1369.3106,1984.2291,1.4491,23.348,4.158,4381.4,1.0,1.1568,1.39,1.3954,100,17.8087,42,7.4796,2758.0785,三軒茶屋,49.765,False
神奈川県三浦市,35.205,139.6681,39.4111,251.9384,251.9384,397.5291,117582.6927,63324.2491,1594.4523,2280.0975,1.43,24.748,3.9081,4204.9,1.0,,1.39,1.3954,103,16.2655,43,6.7904,3169.3355,三軒茶屋,49.7122,False
神奈川県横須賀市,35.205,139.6903,38.0318,251.0252,251.0252,381.9758,109089.3765,58463.8288,1466.8052,2092.6539,1.4267,21.824,3.7329,3700.7,1.0,,1.3891,1.3058,92,15.7362,42,7.1839,2906.9161,三軒茶屋,49.7401,False
神奈川県葉山町,35.2231,139.6018,33.5172,257.4055,257.4055,280.5609,78704.0934,42914.0118,1062.9154,1541.1781,1.45,16.0624,3.7429,3436.8,1.0,1.1387,1.3743,1.2755,74,17.2438,27,6.2917,2118.1041,調布,47.6415,False
神奈川県葉山町,35.2231,139.6239,36.3873,254.7128,254.7128,337.5194,113517.495,61315.0152,1532.1354,2206.5113,1.4402,27.3124,4.4544,4517.8,1.0,1.1457,1.3878,1.3032,107,17.4509,48,7.8284,3062.2981,三軒茶屋,47.9018,False
神奈川県横須賀市,35.2231,139.646,38.5517,250.7011,250.7011,395.0893,125394.5531,67383.109,1727.2283,2462.1407,1.4255,28.6124,4.2462,4320.6,1.0,1.1457,1.3878,1.3032,112,16.6214,52,7.7171,3417.0724,三軒茶屋,47.7629,False
神奈川県横須賀市,35.2231,139.6681,40.4721,251.6018,251.6018,419.0711,126269.0047,67729.5113,1707.2671,2439.321,1.4288,26.8624,3.9661,4432.6,1.0,1.1463,1.3891,1.3058,110,16.2411,48,7.087,3388.4732,三軒茶屋,47.7078,False
神奈川県横須賀市,35.2231,139.6903,38.9231,251.2609,251.2609,395.4194,119811.0886,64183.7189,1615.8873,2306.7408,1.4275,25.5124,3.9749,4127.2,1.0,1.1463,1.3891,1.3058,108,16.8267,48,7.4785,3204.3054,三軒茶屋,47.7369,False
神奈川県横須賀市,35.2231,139.7124,33.9788,250.2298,250.2298,329.3454,105787.3638,56734.4202,1424.9067,2028.7222,1.4238,23.8124,4.1972,3457.8,1.0,1.1463,1.3891,1.3058,97,17.0972,43,7.5792,2818.1083,三軒茶屋,47.85,False
神奈川県箱根町,35.2411,139.0929,23.1141,264.6429,264.6429,81.0185,34213.4049,17879.9143,425.1279,627.5371,1.4761,9.4364,5.2777,1673.1,1.0,1.1682,1.432,1.4284,27,15.1007,16,8.9486,898.6044,府中,58.8919,False
神奈川県箱根町,35.2411,139.115,20.7162,255.5782,255.5782,105.9866,47460.6031,24836.8386,628.5946,907.2555,1.4433,14.4864,5.8326,1913.3,1.0,1.1682,1.432,1.4284,35,14.092,29,11.6762,1299.1483,府中,57.7373,False
神奈川県箱根町,35.2411,139.1372,22.2865,256.2975,256.2975,129.006,54784.9635,28433.3116,713.1835,1031.2106,1.4459,15.4864,5.4466,2221.5,1.0,1.1682,1.432,1.4284,43,15.1231,33,11.6061,1476.6463,府中,56.6302,False
神奈川県小田原市,35.2411,139.1593,20.7162,254.1665,254.1665,121.6356,55975.486,28953.8572,736.7935,1059.6282,1.4382,17.1864,5.9358,2127.5,1.0,1.1682,1.432,1.4284,42,14.5058,33,11.3974,1517.339,府中,55.5733,False
神奈川県葉山町,35.2411,139.6018,29.9735,253.8652,253.8652,259.7328,107008.8748,58338.1008,1468.1503,2109.8235,1.4371,32.2892,5.5348,4200.7,1.0,1.1391,1.3696,1.2803,113,19.3698,47,8.0565,2889.6557,調布,45.6506,False
神奈川県葉山町,35.2411,139.6239,36.0212,250.9686,250.9686,364.2833,133643.7942,71992.22,1839.7679,2624.3687,1.4265,35.3392,4.9088,4658.8,1.0,1.1391,1.3696,1.2803,129,17.9186,54,7.5008,3594.3868,三軒茶屋,45.9059,False
神奈川県横須賀市,35.2411,139.646,43.3475,252.9467,252.9467,455.541,139534.4228,75047.6757,1878.9467,2693.8596,1.4337,30.2392,4.0293,5166.7,1.0,1.1457,1.3878,1.3032,126,16.7893,56,7.4619,3738.6625,三軒茶屋,45.7609,False
神奈川県横須賀市,35.2411,139.6681,41.2573,250.667,250.667,435.3914,129776.2828,69705.3905,1772.6372,2526.6489,1.4254,27.5624,3.9541,4415.5,1.0,1.1463,1.3891,1.3058,113,16.2111,50,7.173,3509.7808,三軒茶屋,45.7034,False
神奈川県横須賀市,35.2411,139.6903,39.0504,249.7663,249.7663,410.2363,120165.8282,64597.167,1652.4653,2349.8993,1.4221,25.2124,3.903,3941.4,1.0,1.1463,1.3891,1.3058,107,16.5642,48,7.4307,3264.257,三軒茶屋,45.7338,False
神奈川県横須賀市,35.2411,139.7124,35.6552,248.7509,248.7509,361.9272,108773.2424,58631.1521,1498.6616,2125.5908,1.4183,23.4624,4.0017,3383.2,1.0,1.1463,1.3891,1.3058,99,16.8852,45,7.6751,2952.669,三軒茶屋,45.8518,False
神奈川県横須賀市,35.2411,139.7345,29.9257,247.4566,247.4566,283.6363,89931.1707,48377.1038,1239.5106,1752.1259,1.4136,20.3624,4.2091,2588.1,1.0,1.1463,1.3891,1.3058,78,16.1233,36,7.4415,2433.8869,三軒茶屋,46.0568,False
神奈川県箱根町,35.2591,139.0708,23.7241,270.0627,270.0627,92.4211,30888.4458,16317.4335,370.845,554.6127,1.4955,6.672,4.0889,1640.5,1.0,1.1688,1.4317,1.4235,23,14.0954,12,7.3541,794.0144,府中,58.5116,False
神奈川県小田原市,35.2591,139.1372,23.0451,254.3182,254.3182,148.5485,68343.0558,35556.2544,899.6802,1294.3837,1.4387,21.1104,5.9372,2611.6,1.0,1.1738,1.4429,1.4358,57,16.0309,39,10.9685,1867.6203,府中,54.9522,False
神奈川県小田原市,35.2591,139.1593,23.3263,255.2,255.2,146.9428,67600.4922,35121.4275,884.0609,1274.7541,1.4419,20.7604,5.911,2649.8,1.0,1.1743,1.4454,1.4428,53,15.0905,38,10.8196,1842.5678,府中,53.8626,False
神奈川県小田原市,35.2591,139.1814,24.3024,254.0681,254.0681,162.4434,66643.6224,34551.612,875.1612,1258.3093,1.4378,18.2364,5.278,2515.4,1.0,1.1743,1.4454,1.4428,53,15.3394,38,10.998,1818.798,府中,52.8266,False
神奈川県小田原市,35.2591,139.2035,21.9523,252.3906,252.3906,154.4499,67123.7364,35041.4097,903.0484,1292.8708,1.4317,19.9864,5.7037,2433.9,1.0,1.1708,1.4247,1.4088,50,14.2688,39,11.1297,1841.9274,府中,51.8474,False
神奈川県葉山町,35.2591,139.5796,24.748,252.1078,252.1078,224.6727,96264.9176,52992.5745,1378.7983,1972.563,1.4306,31.7016,5.9823,3704.7,1.0,1.1043,1.2877,1.1902,91,17.1722,36,6.7934,2540.1542,調布,43.4576,False
神奈川県葉山町,35.2591,139.6018,32.435,249.5435,249.5435,324.4991,127329.5053,69388.2883,1819.5247,2585.9784,1.4212,37.6776,5.43,4337.1,1.0,1.1391,1.3696,1.2803,118,17.0058,55,7.9264,3541.8067,調布,43.6609,False
神奈川県葉山町,35.2591,139.6239,39.1618,248.8328,248.8328,426.821,149148.4272,80483.8099,2089.7061,2964.5137,1.4186,38.0892,4.7325,4768.1,1.0,1.1391,1.3696,1.2803,134,16.6493,60,7.4549,4060.2561,三軒茶屋,43.9107,False
神奈川県横須賀市,35.2591,139.646,41.5172,250.4847,250.4847,452.7305,156444.5448,84387.7326,2160.2812,3077.7376,1.4247,39.0892,4.6321,5348.1,1.0,1.1391,1.3696,1.2803,145,17.1826,63,7.4655,4215.3298,三軒茶屋,43.7591,False
神奈川県横須賀市,35.2591,139.6681,42.1379,248.4855,248.4855,467.869,141363.2732,76136.5793,1968.6904,2790.3227,1.4173,30.9392,4.0636,4395.5,1.0,1.1457,1.3878,1.3032,124,16.2865,56,7.3552,3872.5385,三軒茶屋,43.6991,False
神奈川県横須賀市,35.2591,139.6903,40.4721,248.712,248.712,438.2733,118845.2619,63956.5091,1642.578,2329.4762,1.4182,23.1624,3.6216,3705.1,1.0,1.1463,1.3891,1.3058,101,15.792,46,7.1924,3235.8871,三軒茶屋,43.7308,False
神奈川県横須賀市,35.2591,139.7124,35.5279,247.7933,247.7933,364.6993,106305.6695,57393.2369,1480.6381,2094.8107,1.4148,22.4624,3.9138,3171.0,1.0,1.1463,1.3891,1.3058,88,15.3328,42,7.3179,2909.9121,三軒茶屋,43.8542,False
神奈川県横須賀市,35.2591,139.7345,31.0504,245.5119,245.5119,302.3929,91803.7527,49581.755,1299.1304,1827.0828,1.4064,20.4124,4.1169,2394.8,1.0,1.1463,1.3891,1.3058,75,15.1265,33,6.6557,2538.0099,三軒茶屋,44.0685,False
神奈川県小田原市,35.2772,139.1372,26.5623,253.1994,253.1994,189.2286,79493.5212,41353.8281,1050.8447,1507.5742,1.4346,22.4488,5.4285,2919.5,1.0,1.1753,1.4403,1.434,66,15.9598,42,10.1563,2171.426,府中,53.2967,False
神奈川県小田原市,35.2772,139.1593,26.8329,253.8305,253.8305,189.2003,81436.7182,42162.6514,1060.9615,1524.5332,1.4369,23.1488,5.4904,3015.8,1.0,1.176,1.4427,1.4363,70,16.6024,46,10.9101,2199.4958,府中,52.1729,False
神奈川県小田原市,35.2772,139.1814,27.2361,254.7184,254.7184,187.6122,82522.1809,42964.5203,1076.8226,1550.8128,1.4402,24.1988,5.6323,3167.7,1.0,1.18,1.4516,1.4401,68,15.827,45,10.4738,2251.2102,府中,51.1028,False
神奈川県小田原市,35.2772,139.2035,26.5146,254.1573,254.1573,183.6758,77836.274,40456.913,1017.5872,1463.4211,1.4381,21.9632,5.4288,2931.0,1.0,1.18,1.4516,1.4401,59,14.5834,42,10.3814,2124.3497,府中,50.0901,False
神奈川県二宮町,35.2772,139.2257,21.6976,252.3433,252.3433,145.9975,67064.5582,34830.0411,886.3476,1268.8074,1.4315,20.6248,5.9216,2374.2,1.0,1.1751,1.4404,1.4274,52,14.9296,39,11.1972,1827.5576,府中,49.1383,False
神奈川県葉山町,35.2772,139.5575,28.7798,249.097,249.097,289.591,104335.1045,58826.3651,1580.3236,2243.4246,1.4196,31.0516,5.2785,3734.2,1.0,1.1043,1.2877,1.1902,91,15.4693,39,6.6297,2888.9543,調布,41.3428,False
神奈川県葉山町,35.2772,139.5796,34.0318,247.2492,247.2492,360.0173,125624.732,69676.1091,1884.6436,2662.6219,1.4128,35.112,5.0393,4009.9,1.0,1.141,1.3578,1.3005,106,15.2132,48,6.889,3615.3685,調布,41.4597,False
神奈川県葉山町,35.2772,139.6018,33.9682,249.1631,249.1631,344.7857,148570.349,80952.3907,2142.319,3041.7526,1.4198,48.662,6.0112,5021.4,1.0,1.1435,1.3718,1.3029,139,17.1706,67,8.2765,4172.6528,調布,41.6727,False
神奈川県葉山町,35.2772,139.6239,39.8408,248.0511,248.0511,423.3621,161550.7097,87367.4281,2305.6782,3264.2676,1.4158,45.8996,5.2536,5064.8,1.0,1.1548,1.3969,1.3339,147,16.8255,74,8.47,4559.8105,三軒茶屋,41.9164,False
神奈川県横須賀市,35.2772,139.646,42.8541,249.2514,249.2514,464.0934,166170.0846,89226.7728,2315.975,3289.068,1.4202,43.0872,4.829,5401.1,1.0,1.1548,1.3969,1.3339,150,16.8111,70,7.8452,4594.4539,三軒茶屋,41.7576,False
神奈川県横須賀市,35.2772,139.6681,45.496,248.5522,248.5522,517.0205,152301.7787,81901.8696,2126.4553,3014.453,1.4176,32.5372,3.9727,4772.1,1.0,1.1611,1.4124,1.3555,136,16.6052,63,7.6921,4257.7609,三軒茶屋,41.6947,False
神奈川県横須賀市,35.2772,139.6903,38.8806,246.2904,246.2904,419.4365,123417.574,66525.8261,1744.077,2457.863,1.4093,26.5624,3.9928,3405.0,1.0,1.1463,1.3891,1.3058,98,14.7311,46,6.9146,3414.23,三軒茶屋,41.728,False
千葉県富津市,35.2772,139.8673,30.3448,438.0607,438.0607,129.7396,30362.8177,15222.6433,267.5571,546.6109,2.043,4.37,2.8707,910.0,1.0,1.1587,1.4265,1.4785,32,21.0213,14,9.1968,779.7449,三軒茶屋,45.3043,False
神奈川県南足柄市,35.2952,139.115,26.2493,253.9662,253.9662,184.4032,81602.4386,42432.3217,1071.5062,1540.2162,1.4374,24.1488,5.6911,3066.1,1.0,1.1752,1.4387,1.4347,66,15.5542,41,9.6624,2215.8955,府中,52.8764,False
神奈川県小田原市,35.2952,139.1372,28.3024,255.1365,255.1365,201.1258,83576.5909,43462.5563,1090.4879,1572.1552,1.4417,23.1488,5.3261,3259.0,1.0,1.1753,1.4403,1.434,68,15.6457,43,9.8936,2264.4449,府中,51.666,False
神奈川県小田原市,35.2952,139.1593,30.4138,257.1857,257.1857,210.1425,88880.2402,46315.5862,1141.2714,1653.8793,1.4492,24.8372,5.3626,3653.7,1.0,1.1807,1.4524,1.4507,72,15.5455,47,10.1478,2402.1199,府中,50.5061,False
神奈川県大井町,35.2952,139.1814,29.3899,254.5682,254.5682,219.1497,94068.0855,48965.8298,1229.0362,1769.3539,1.4396,26.9372,5.5012,3595.8,1.0,1.1797,1.4456,1.4327,75,15.3168,49,10.007,2557.7826,府中,49.4002,False
神奈川県中井町,35.2952,139.2035,29.3581,255.7982,255.7982,208.9305,89553.91,46243.4518,1150.807,1661.8906,1.4441,25.0632,5.4198,3515.5,1.0,1.18,1.4516,1.4401,73,15.786,48,10.3798,2412.4544,府中,48.3521,False
神奈川県二宮町,35.2952,139.2257,28.87,259.4159,259.4159,177.022,76595.9999,39459.7508,955.087,1391.7969,1.4572,21.1392,5.3572,3270.9,1.0,1.1825,1.4625,1.4456,59,14.9519,43,10.8972,2035.4525,府中,47.3656,False
神奈川県二宮町,35.2952,139.2478,28.8859,255.9168,255.9168,175.4055,70370.5815,36052.0044,891.654,1288.0305,1.4445,18.0384,5.0034,2729.9,1.0,1.1963,1.5059,1.4418,56,15.5331,33,9.1534,1939.5837,府中,46.4445,False
神奈川県二宮町,35.2952,139.2699,30.8806,253.296,253.296,214.5564,76948.1054,39305.6675,993.0946,1425.0746,1.435,17.7884,4.5257,2759.1,1.0,1.1963,1.5059,1.4418,68,17.3003,33,8.3957,2145.9519,府中,45.5929,False
神奈川県逗子市,35.2952,139.5575,37.3316,249.5147,249.5147,368.7613,162129.7823,90726.3731,2382.9927,3386.5489,1.4211,56.7716,6.2575,5702.6,1.0,1.168,1.4124,1.3667,152,16.7537,84,9.2586,4783.1731,調布,39.3396,False
神奈川県逗子市,35.2952,139.5796,41.0981,249.7346,249.7346,455.6519,164838.0067,91805.5832,2421.6753,3443.4773,1.4219,47.2736,5.1493,5863.2,1.0,1.141,1.3578,1.3005,151,16.4478,73,7.9516,4675.6317,調布,39.4624,False
神奈川県逗子市,35.2952,139.6018,39.7825,251.06,251.06,419.9243,169686.6382,93012.1249,2415.3812,3446.271,1.4268,52.012,5.592,6188.7,1.0,1.1435,1.3718,1.3029,145,15.5894,68,7.3109,4727.568,調布,39.6861,False
神奈川県逗子市,35.2952,139.6239,38.9125,251.094,251.094,407.8318,172264.4573,93271.1803,2416.0803,3447.57,1.4269,53.7236,5.7599,6184.3,1.0,1.1435,1.3718,1.3029,156,16.7254,73,7.8266,4729.3499,三軒茶屋,39.9231,False
神奈川県横須賀市,35.2952,139.646,41.7082,246.2777,246.2777,454.915,171773.5451,92132.6637,2463.7146,3471.9067,1.4092,47.9112,5.2002,4846.8,1.0,1.1548,1.3969,1.3339,139,15.0869,72,7.8148,4849.8587,三軒茶屋,39.7565,False
神奈川県横須賀市,35.2952,139.6681,40.6048,246.158,246.158,439.7752,156194.5279,83723.9917,2230.4923,3142.2603,1.4088,40.7612,4.8685,4341.7,1.0,1.1548,1.3969,1.3339,126,15.0494,69,8.2414,4389.3802,三軒茶屋,39.6903,False
千葉県富津市,35.2952,139.8673,33.6976,442.234,442.234,165.0648,33590.0759,16771.7816,287.1153,590.1652,2.0555,3.67,2.1882,1022.5,1.0,1.1587,1.4265,1.4785,36,21.4646,14,8.3474,841.8754,三軒茶屋,43.4659,False
千葉県富津市,35.2952,139.8894,35.6923,438.135,438.135,188.8117,38772.404,19294.8857,330.3991,675.0689,2.0432,4.02,2.0835,1121.6,1.0,1.1587,1.4265,1.4785,42,21.7674,15,7.7741,962.9913,三軒茶屋,44.3205,False
千葉県君津市,35.2952,139.9336,43.6605,448.1857,448.1857,182.8157,38636.7001,19235.5867,307.7304,653.6311,2.124,4.185,2.1757,1362.3,1.0,1.1587,1.4265,1.4785,41,21.3147,15,7.798,932.41,津田沼,44.5708,False
神奈川県南足柄市,35.3132,139.0929,26.2759,253.3527,253.3527,187.5391,58185.7975,30464.9553,770.2818,1105.5013,1.4352,12.2364,4.0165,2152.5,1.0,1.1772,1.4386,1.4373,45,14.7711,24,7.8779,1590.3635,府中,52.6049,False
神奈川県南足柄市,35.3132,139.115,26.6154,253.9303,253.9303,187.8806,76151.1157,39622.6773,998.6076,1435.2985,1.4373,20.6248,5.2053,2852.4,1.0,1.1772,1.4386,1.4373,59,14.8905,36,9.0857,2064.8067,府中,51.3103,False
神奈川県大井町,35.3132,139.1372,29.7029,256.5001,256.5001,207.8949,88876.5104,46200.0069,1150.3468,1664.1638,1.4467,25.1988,5.4543,3603.8,1.0,1.1803,1.4503,1.4508,75,16.2338,46,9.9567,2413.4635,府中,50.0624,False
神奈川県大井町,35.3132,139.1593,33.8302,256.6416,256.6416,255.825,103116.0583,53254.8681,1312.2864,1899.1115,1.4472,26.9372,5.0582,4122.1,1.0,1.1807,1.4524,1.4507,82,15.3977,53,9.9521,2758.2989,府中,48.8647,False
神奈川県大井町,35.3132,139.1814,38.5729,256.0429,256.0429,272.4935,113650.1576,58582.3055,1446.8416,2090.6856,1.445,30.6256,5.2278,4451.7,1.0,1.2101,1.5335,1.5356,93,15.8751,60,10.242,3205.9759,府中,47.7211,False
神奈川県中井町,35.3132,139.2035,38.2918,256.2766,256.2766,257.3679,112822.0074,57838.8764,1422.8472,2057.2236,1.4458,31.5016,5.4464,4408.9,1.0,1.2143,1.5444,1.5499,96,16.5978,61,10.5465,3177.2271,府中,46.6355,False
神奈川県中井町,35.3132,139.2257,44.7003,255.9118,255.9118,267.3067,101828.2559,51745.851,1263.0305,1824.476,1.4445,24.0652,4.6507,3853.5,1.0,1.2488,1.6519,1.6531,79,15.2669,48,9.2761,3013.8603,府中,45.6121,False
神奈川県二宮町,35.3132,139.2478,40.5199,256.1229,256.1229,215.5849,98944.3448,49933.9619,1219.9578,1763.1937,1.4453,27.8268,5.5727,3748.6,1.0,1.2485,1.6542,1.6547,79,15.8209,46,9.2122,2916.6581,府中,44.655,False
神奈川県二宮町,35.3132,139.2699,34.557,254.6571,254.6571,206.2649,103039.1968,52083.1588,1290.2443,1857.8891,1.44,31.9652,6.1373,3764.0,1.0,1.2235,1.5736,1.5681,83,15.9361,45,8.64,2923.5634,府中,43.7688,False
神奈川県大磯町,35.3132,139.292,37.6764,256.8775,256.8775,230.6086,109263.2477,55952.6727,1362.4166,1972.8274,1.448,32.6152,5.8291,4301.6,1.0,1.2235,1.5736,1.5681,92,16.4425,48,8.5787,3104.4296,府中,42.9578,False
神奈川県大磯町,35.3132,139.3142,41.8037,255.3768,255.3768,299.7772,118764.8947,61371.6768,1502.1002,2166.8914,1.4426,30.2268,4.9252,4502.5,1.0,1.2221,1.5666,1.5592,101,16.4571,56,9.1247,3394.6225,府中,42.2263,False
神奈川県大磯町,35.3132,139.3363,35.2891,252.635,252.635,258.6764,132326.6165,68337.3606,1707.2425,2445.7408,1.4326,44.0248,6.4423,4604.2,1.0,1.2134,1.5201,1.5071,114,16.6819,66,9.658,3717.8891,府中,41.5784,False
神奈川県平塚市,35.3132,139.3584,37.9469,250.9885,250.9885,299.3552,146217.4363,75778.898,1923.3472,2743.7322,1.4265,47.3248,6.2451,4833.2,1.0,1.2161,1.5285,1.5214,123,16.2314,67,8.8415,4193.8688,調布,40.8426,False
神奈川県茅ヶ崎市,35.3132,139.3805,39.878,250.0911,250.0911,335.2218,159875.4879,83060.7389,2137.9781,3042.875,1.4232,51.3728,6.185,5162.5,1.0,1.2161,1.5285,1.5214,142,17.0959,75,9.0295,4651.1168,調布,40.0694,False
神奈川県茅ヶ崎市,35.3132,139.4027,40.3448,250.5433,250.5433,337.6714,170629.9101,88976.577,2299.2022,3276.1513,1.4249,58.8208,6.6108,5691.9,1.0,1.2172,1.5277,1.5239,154,17.3079,88,9.8902,5004.9744,調布,39.383,False
神奈川県茅ヶ崎市,35.3132,139.4248,35.7772,248.7508,248.7508,296.2471,176864.1267,93158.5138,2449.5864,3474.3107,1.4183,74.4428,7.991,5561.6,1.0,1.2111,1.5082,1.5029,151,16.2089,97,10.4124,5240.0819,調布,38.7881,False
神奈川県藤沢市,35.3132,139.469,35.8568,251.057,251.057,336.9334,185777.5701,100556.0287,2632.9484,3756.6677,1.4268,76.3928,7.597,6747.9,1.0,1.1759,1.4141,1.3805,161,16.011,103,10.243,5312.3371,調布,37.889,False
神奈川県藤沢市,35.3132,139.4912,35.8939,250.1866,250.1866,343.0517,185754.8831,101235.8195,2680.9553,3816.6063,1.4236,76.7428,7.5806,6622.7,1.0,1.1671,1.4134,1.3773,165,16.2986,99,9.7791,5394.2098,調布,37.5919,False
神奈川県鎌倉市,35.3132,139.5133,42.4085,252.8334,252.8334,429.0874,193892.9872,107864.6918,2787.9909,3996.0084,1.4333,68.4456,6.3455,7717.6,1.0,1.162,1.4003,1.3443,179,16.5949,94,8.7146,5595.7966,調布,37.3998,False
神奈川県鎌倉市,35.3132,139.5354,46.4721,252.6271,252.6271,509.0696,211650.6132,117648.7191,3013.1826,4316.5014,1.4325,67.9716,5.7775,8252.3,1.0,1.1609,1.3992,1.3412,182,15.4698,97,8.2449,6039.4469,調布,37.3144,False
神奈川県鎌倉市,35.3132,139.5575,48.069,252.9441,252.9441,530.2334,224348.6864,124066.4338,3171.1134,4546.4178,1.4337,72.484,5.8424,8789.7,1.0,1.168,1.4124,1.3667,189,15.2338,112,9.0274,6421.3759,調布,37.3365,False
神奈川県逗子市,35.3132,139.5796,49.1141,251.7251,251.7251,618.1068,217468.0829,119910.3767,3082.5355,4405.6778,1.4292,58.236,4.8566,8123.5,1.0,1.1482,1.3711,1.3028,186,15.5116,101,8.423,6040.6534,調布,37.4659,False
神奈川県逗子市,35.3132,139.6018,46.5252,250.169,250.169,555.7924,211252.0159,115226.7739,2973.7849,4233.2866,1.4235,59.8004,5.1898,7282.9,1.0,1.1475,1.3781,1.304,182,15.7949,99,8.5918,5833.8123,調布,37.7013,False
神奈川県横浜市金沢区,35.3132,139.6239,43.0716,249.3494,249.3494,494.5395,193080.5489,104625.8433,2708.463,3847.4408,1.4205,55.462,5.301,6356.4,1.0,1.1435,1.3718,1.3029,151,14.4324,78,7.4551,5277.8896,三軒茶屋,37.931,False
神奈川県横浜市金沢区,35.3132,139.646,42.1751,247.5587,247.5587,463.1981,169909.3779,91074.8437,2405.1783,3400.7747,1.4139,45.5612,5.0026,5119.4,1.0,1.1548,1.3969,1.3339,137,15.0426,69,7.5762,4750.4954,三軒茶屋,37.7556,False
千葉県富津市,35.3132,139.8451,31.0239,426.9865,426.9865,147.5531,30061.6183,14898.8912,265.4507,533.4267,2.0095,3.67,2.4633,779.8,1.0,1.1587,1.4265,1.4785,33,22.1493,13,8.7255,760.9375,三軒茶屋,40.8307,False
千葉県富津市,35.3132,139.8673,35.183,443.763,443.763,178.6927,37272.709,18467.1533,310.1288,638.8898,2.0601,4.02,2.1768,1121.6,1.0,1.1587,1.4265,1.4785,39,21.1186,15,8.1225,911.3814,三軒茶屋,41.6429,False
千葉県君津市,35.3132,139.8894,38.2812,431.939,431.939,182.0588,43620.0082,21513.5418,369.3092,747.6713,2.0245,6.02,2.7982,1157.4,1.0,1.1815,1.5175,1.5504,45,20.9171,18,8.3668,1134.5932,三軒茶屋,42.5339,False
千葉県君津市,35.3132,139.9115,34.0584,439.6805,439.6805,128.7491,46140.3471,22766.4248,385.2304,788.8891,2.0478,9.505,4.175,1330.4,1.0,1.1815,1.5175,1.5504,52,22.8407,22,9.6634,1197.1413,津田沼,43.0329,False
千葉県君津市,35.3132,139.9336,41.2838,448.1857,448.1857,101.785,46168.8522,22786.3621,372.4167,777.1856,2.0869,11.855,5.2027,1475.6,1.0,1.1815,1.5175,1.5504,54,23.6984,23,10.0938,1179.3813,津田沼,42.6021,False
千葉県君津市,35.3132,139.9558,43.183,448.1857,448.1857,91.7817,39949.5537,19758.4059,305.9889,661.2877,2.1611,9.7,4.9093,1492.7,1.0,1.1886,1.5551,1.5963,50,25.3057,18,9.11,1028.3439,津田沼,42.2618,False
千葉県君津市,35.3132,139.9779,37.8674,448.1857,448.1857,73.968,32753.0614,16205.6914,243.566,539.2455,2.214,8.05,4.9674,1338.5,1.0,1.1615,1.4562,1.5394,38,23.4486,14,8.6389,785.2696,津田沼,42.0144,True
神奈川県南足柄市,35.3312,139.0929,22.6897,247.7358,247.7358,172.0332,47641.5242,24874.2643,646.6748,914.7803,1.4146,9.0124,3.6232,1372.7,1.0,1.1892,1.4519,1.447,38,15.2768,18,7.2364,1328.2108,府中,51.1089,False
神奈川県開成町,35.3312,139.115,29.2679,254.0198,254.0198,219.0814,65329.7131,33819.6823,843.9886,1213.3404,1.4376,12.7624,3.7737,2412.4,1.0,1.1892,1.4519,1.447,51,15.08,27,7.9835,1761.7036,府中,49.7757,False
神奈川県開成町,35.3312,139.1372,34.0106,255.8927,255.8927,264.145,87600.1991,45092.174,1112.1872,1606.502,1.4445,18.6864,4.144,3402.2,1.0,1.1803,1.4503,1.4508,72,15.9673,38,8.4272,2329.8391,府中,48.4886,False
神奈川県大井町,35.3312,139.1593,41.1565,257.7225,257.7225,286.4624,109429.1189,55651.4869,1356.8573,1968.9424,1.4511,26.0632,4.6833,4407.5,1.0,1.2121,1.541,1.5531,92,16.5315,53,9.5236,3034.2174,府中,47.2514,False
神奈川県大井町,35.3312,139.1814,44.366,256.4915,256.4915,351.0765,123598.7366,62714.7053,1532.7762,2217.3628,1.4466,26.9892,4.3035,4775.8,1.0,1.2101,1.5335,1.5356,98,15.6263,56,8.9293,3400.23,府中,46.068,False
神奈川県中井町,35.3312,139.2035,47.7507,252.5409,252.5409,345.4286,122179.1951,61686.3699,1541.5678,2207.8701,1.4322,26.8652,4.3551,4126.6,1.0,1.249,1.6376,1.6471,89,14.4278,52,8.4297,3615.7169,府中,44.9427,False
神奈川県中井町,35.3312,139.2257,50.9178,256.2181,256.2181,342.9622,117799.6268,58893.6088,1425.6867,2061.0256,1.4456,24.1152,4.0947,4384.1,1.0,1.2572,1.6712,1.6821,85,14.4328,50,8.4899,3444.3893,府中,43.88,False
神奈川県中井町,35.3312,139.2478,46.4191,255.8828,255.8828,290.7358,118519.8323,59428.0557,1437.9017,2076.9294,1.4444,28.9268,4.8675,4368.2,1.0,1.2485,1.6542,1.6547,92,15.4809,43,7.2356,3435.6369,府中,42.8846,False
神奈川県二宮町,35.3312,139.2699,44.1273,257.1304,257.1304,265.9901,124711.1502,62923.3912,1513.7244,2193.3174,1.449,35.3536,5.6185,4804.7,1.0,1.2404,1.6238,1.6314,95,15.0977,55,8.7408,3561.5736,府中,41.9612,False
神奈川県大磯町,35.3312,139.292,41.4111,257.0324,257.0324,274.2567,136521.1419,69561.1009,1681.8085,2436.2646,1.4486,42.1036,6.0528,5329.3,1.0,1.2235,1.5736,1.5681,113,16.2447,64,9.2005,3833.6916,府中,41.1148,False
神奈川県大磯町,35.3312,139.3142,47.4218,256.0474,256.0474,351.5003,150606.3283,77220.8746,1874.1654,2708.1991,1.445,40.5392,5.2498,5743.7,1.0,1.2225,1.5977,1.5986,123,15.9283,71,9.1944,4326.9136,府中,40.35,False
神奈川県平塚市,35.3312,139.3363,40.1326,252.9152,252.9152,321.6032,165495.646,85514.4038,2114.649,3031.5446,1.4336,54.9248,6.4229,5757.0,1.0,1.2161,1.5285,1.5214,142,16.6054,82,9.589,4633.7978,府中,39.6717,False
神奈川県平塚市,35.3312,139.3584,43.8462,253.1126,253.1126,370.6628,169327.0053,87825.3148,2182.933,3131.0106,1.4343,50.5488,5.7556,6005.1,1.0,1.2161,1.5285,1.5214,143,16.2823,80,9.109,4785.8344,調布,39.0192,False
神奈川県茅ヶ崎市,35.3312,139.3805,44.8435,253.2989,253.2989,386.6639,186219.2767,96431.7362,2400.8567,3445.2156,1.435,58.5448,6.0711,6658.5,1.0,1.2161,1.5285,1.5214,164,17.0068,89,9.2293,5266.1051,調布,38.2094,False
神奈川県茅ヶ崎市,35.3312,139.4027,42.2971,250.7553,250.7553,362.3893,202759.7826,105488.5651,2703.3189,3854.0821,1.4257,76.4428,7.2465,6741.5,1.0,1.2172,1.5277,1.5239,172,16.3051,103,9.7641,5887.8789,調布,37.4891,False
神奈川県茅ヶ崎市,35.3312,139.4248,41.443,252.4744,252.4744,356.828,208313.5671,109469.4946,2785.0708,3988.1668,1.432,83.3668,7.6155,7514.8,1.0,1.2111,1.5082,1.5029,173,15.8035,113,10.3225,6015.0984,調布,36.8638,False
神奈川県茅ヶ崎市,35.3312,139.4469,44.0265,253.471,253.471,416.2562,214622.9312,114973.12,2918.8861,4190.42,1.4356,78.864,6.8593,8224.0,1.0,1.2028,1.4761,1.4637,180,15.6558,116,10.0893,6185.4354,調布,36.3382,False
神奈川県藤沢市,35.3312,139.469,43.2626,253.1494,253.1494,435.8189,231803.2232,125184.0164,3193.8074,4581.3506,1.4344,89.6648,7.1626,8900.4,1.0,1.1759,1.4141,1.3805,196,15.657,127,10.1451,6478.5284,調布,35.9168,False
神奈川県藤沢市,35.3312,139.4912,44.7215,252.4583,252.4583,465.2331,243853.9924,132895.3321,3385.4217,4847.6578,1.4319,94.3532,7.0998,9173.7,1.0,1.1757,1.4149,1.3704,203,15.2752,133,10.0079,6858.8252,調布,35.6033,False
神奈川県藤沢市,35.3312,139.5133,47.7082,252.4158,252.4158,526.2965,251728.0962,138755.5009,3524.1158,5045.7091,1.4318,90.6416,6.5325,9539.1,1.0,1.1691,1.4172,1.3758,216,15.567,126,9.0807,7150.6429,調布,35.4005,False
神奈川県鎌倉市,35.3312,139.5354,52.7374,253.5458,253.5458,639.7493,279051.6757,154308.5019,3887.6834,5582.3099,1.4359,91.7444,5.9455,11004.2,1.0,1.1691,1.4172,1.3758,237,15.3588,141,9.1375,7911.0991,調布,35.3103,False
神奈川県鎌倉市,35.3312,139.5575,54.5146,253.1625,253.1625,696.9821,295867.5372,162428.2068,4109.9494,5895.706,1.4345,93.6184,5.7637,11459.4,1.0,1.1726,1.4237,1.3879,243,14.9605,150,9.2348,8393.7841,調布,35.3336,False
神奈川県鎌倉市,35.3312,139.5796,54.1592,251.3635,251.3635,845.6108,278444.4609,152209.3099,3880.6111,5541.179,1.4279,67.9608,4.465,10026.5,1.0,1.1579,1.3642,1.3003,226,14.848,123,8.081,7559.3663,調布,35.4702,False
神奈川県横浜市金沢区,35.3312,139.6018,52.0371,250.1669,250.1669,731.3045,249711.1332,135861.0963,3491.9729,4970.9183,1.4235,62.9244,4.6315,8535.4,1.0,1.1579,1.3642,1.3003,204,15.0153,109,8.0229,6781.4074,調布,35.7188,False
神奈川県横浜市金沢区,35.3312,139.6239,48.4562,248.7765,248.7765,622.5587,216599.6259,117379.9693,3053.1757,4330.6854,1.4184,55.636,4.7398,6958.2,1.0,1.1501,1.3805,1.314,173,14.7385,91,7.7526,5978.3267,三軒茶屋,35.9403,False
神奈川県横浜市金沢区,35.3312,139.646,43.7347,248.3554,248.3554,491.1681,173121.1432,93082.7964,2418.5445,3426.7664,1.4169,44.2496,4.7538,5368.7,1.0,1.1557,1.3982,1.3372,134,14.3958,72,7.735,4791.172,三軒茶屋,35.7551,False
千葉県富津市,35.3312,139.8451,30.2175,419.1566,419.1566,142.7994,31211.0043,15367.4853,276.0936,548.2316,1.9857,4.02,2.6159,713.7,1.0,1.1587,1.4265,1.4785,32,20.8232,14,9.1101,782.0568,三軒茶屋,38.9877,False
千葉県富津市,35.3312,139.8673,33.4218,432.3469,432.3469,125.1261,40593.2794,19922.0072,341.5035,691.7992,2.0257,7.505,3.7672,1075.8,1.0,1.1815,1.5175,1.5504,44,22.0861,20,10.0391,1049.8072,三軒茶屋,39.8372,False
千葉県君津市,35.3312,139.8894,34.7798,432.495,432.495,144.6024,49671.5031,24506.4538,421.1971,853.4265,2.0262,9.855,4.0214,1330.4,1.0,1.1815,1.5175,1.5504,53,21.627,22,8.9772,1295.077,三軒茶屋,40.7675,False
千葉県君津市,35.3312,139.9115,42.8117,448.1857,448.1857,133.0225,54474.1954,27068.9048,445.0812,927.1306,2.0831,12.855,4.749,1741.9,1.0,1.1815,1.5175,1.5504,58,21.4268,24,8.8663,1406.9231,津田沼,41.0882,False
千葉県君津市,35.3312,139.9336,42.6419,448.1857,448.1857,129.6743,53666.1263,26722.2941,430.8047,905.9031,2.1028,12.72,4.7601,1793.4,1.0,1.1815,1.5175,1.5504,59,22.0789,24,8.9813,1374.7104,津田沼,40.6369,False
千葉県君津市,35.3312,139.9558,44.0106,448.1857,448.1857,119.1832,49085.3051,24369.0567,395.5803,827.9578,2.093,11.535,4.7335,1598.0,1.0,1.1886,1.5551,1.5963,53,21.7489,19,7.7968,1287.5263,津田沼,40.2801,False
神奈川県山北町,35.3493,139.0708,18.5358,252.7996,252.7996,89.5196,31264.5752,16311.8567,410.9524,588.9645,1.4332,7.3124,4.4829,1120.8,1.0,1.1625,1.4219,1.4143,28,17.1654,10,6.1305,837.4215,府中,51.0636,False
神奈川県山北町,35.3493,139.0929,20.1645,249.8927,249.8927,136.0164,41925.0237,21791.7464,557.8189,793.5089,1.4225,8.6624,3.9751,1330.8,1.0,1.1892,1.4519,1.447,36,16.52,16,7.3422,1152.1313,府中,49.6488,False
神奈川県開成町,35.3493,139.115,32.939,256.9874,256.9874,242.6305,60292.1544,31338.5717,761.918,1103.5885,1.4484,9.7124,3.0992,2416.9,1.0,1.1892,1.4519,1.447,48,15.3166,22,7.0201,1602.3499,府中,48.2756,False
神奈川県松田町,35.3493,139.1372,35.1618,256.9291,256.9291,257.0816,77348.3689,39412.9735,955.9852,1384.4794,1.4482,14.4624,3.6695,3021.0,1.0,1.1965,1.4819,1.4821,61,15.4771,31,7.8654,2051.6984,府中,46.9477,False
神奈川県松田町,35.3493,139.1593,43.3687,254.4602,254.4602,276.0882,97720.2976,49036.4153,1213.671,1746.7555,1.4392,21.1392,4.3109,3510.5,1.0,1.2421,1.6234,1.644,75,15.2948,37,7.5454,2835.7087,府中,45.669,False
神奈川県中井町,35.3493,139.2035,44.1008,254.7451,254.7451,275.9906,108579.4053,54116.5241,1325.9684,1909.7553,1.4403,25.5152,4.7149,3865.6,1.0,1.249,1.6376,1.6471,77,14.2286,42,7.761,3127.5094,府中,43.2765,False
神奈川県中井町,35.3493,139.2257,49.4854,257.0384,257.0384,325.6361,109125.9412,53955.4434,1291.0779,1870.2812,1.4486,21.1152,3.9135,4074.1,1.0,1.2519,1.6546,1.6646,75,13.9004,37,6.8575,3094.56,府中,42.1722,False
神奈川県中井町,35.3493,139.2478,48.2016,255.9142,255.9142,319.6007,126954.4116,63600.9866,1527.8887,2207.0827,1.4445,29.9268,4.7054,4639.1,1.0,1.2485,1.6542,1.6547,93,14.6224,50,7.8615,3650.9351,府中,41.1357,False
神奈川県中井町,35.3493,139.2699,48.4085,258.1565,258.1565,323.5112,142732.2938,72231.0186,1724.6783,2505.4063,1.4527,38.1152,5.2768,5659.6,1.0,1.2373,1.6242,1.6335,114,15.7827,68,9.4142,4069.3692,府中,40.1723,False
神奈川県大磯町,35.3493,139.292,45.5225,255.317,255.317,301.7565,150228.605,76164.7179,1858.5724,2680.7239,1.4424,46.1036,6.0531,5544.3,1.0,1.2373,1.6242,1.6335,125,16.4118,72,9.4532,4354.1263,府中,39.2875,False
神奈川県平塚市,35.3493,139.3142,51.0504,255.9685,255.9685,409.6514,169389.6944,86032.8408,2076.9798,3000.6723,1.4447,42.9392,4.991,6334.3,1.0,1.2225,1.5977,1.5986,134,15.5754,86,9.9962,4794.2007,府中,38.4867,False
神奈川県平塚市,35.3493,139.3363,47.3263,255.4878,255.4878,396.0005,186647.2301,95669.6801,2312.3009,3336.601,1.443,54.9248,5.7411,6935.5,1.0,1.2167,1.5419,1.5382,155,16.2016,95,9.93,5144.5721,府中,37.7751,False
神奈川県平塚市,35.3493,139.3584,48.1114,253.6433,253.6433,421.7245,197950.4452,102293.9385,2512.8371,3609.0677,1.4363,59.6488,5.8311,7042.8,1.0,1.2167,1.5419,1.5382,163,15.9345,97,9.4825,5564.6776,府中,37.1579,False
神奈川県寒川町,35.3493,139.3805,47.305,252.4804,252.4804,431.0548,208881.6621,108034.5798,2691.5565,3854.3155,1.432,65.8208,6.0926,7205.6,1.0,1.2161,1.5285,1.5214,182,16.8465,103,9.534,5891.4254,調布,36.3647,False
神奈川県茅ヶ崎市,35.3493,139.4027,45.7135,253.0381,253.0381,404.2864,221978.1005,115629.806,2899.0648,4157.3782,1.434,81.0188,7.0067,7972.9,1.0,1.2172,1.5277,1.5239,194,16.7777,116,10.032,6351.2242,調布,35.6074,False
神奈川県茅ヶ崎市,35.3493,139.4248,46.6844,254.3018,254.3018,422.8015,238050.3497,125485.7775,3123.2363,4493.261,1.4387,90.8668,7.2412,9037.7,1.0,1.2111,1.5082,1.5029,199,15.8584,129,10.28,6776.8999,調布,34.9485,False
神奈川県藤沢市,35.3493,139.4469,48.9284,254.8167,254.8167,488.4233,251993.7539,134888.909,3360.1821,4840.4546,1.4405,91.086,6.7527,9932.3,1.0,1.2028,1.4761,1.4637,203,15.0494,132,9.7858,7144.9446,調布,34.3938,False
神奈川県藤沢市,35.3493,139.469,48.4987,252.1563,252.1563,535.1025,280834.9929,151716.4727,3856.9506,5518.5888,1.4308,106.6128,7.0271,10299.2,1.0,1.1791,1.4314,1.3989,236,15.5553,150,9.8869,7899.3869,調布,33.9484,False
神奈川県藤沢市,35.3493,139.4912,50.7056,253.6683,253.6683,570.8027,296364.6679,161877.457,4057.3885,5827.8038,1.4363,112.6136,6.9567,11513.3,1.0,1.1753,1.4345,1.4009,250,15.4438,153,9.4516,8359.9903,調布,33.6166,False
神奈川県藤沢市,35.3493,139.5133,53.8886,253.8629,253.8629,656.1331,310413.0641,170628.5621,4249.2947,6106.4654,1.4371,108.202,6.3414,12141.5,1.0,1.1753,1.4345,1.4009,259,15.1792,157,9.2013,8759.7307,調布,33.4017,False
神奈川県横浜市栄区,35.3493,139.5354,55.5332,252.8262,252.8262,774.6535,339853.3387,186273.6286,4684.4125,6714.0128,1.4333,110.0048,5.9055,12861.9,1.0,1.1721,1.4043,1.3611,274,14.7095,155,8.3211,9428.4547,調布,33.3062,False
神奈川県横浜市栄区,35.3493,139.5575,56.1804,251.8507,251.8507,858.4087,359651.8122,196267.5316,4988.3789,7131.8766,1.4297,111.1076,5.661,13162.6,1.0,1.1756,1.4128,1.3762,294,14.9796,175,8.9164,10075.9695,調布,33.3309,False
神奈川県横浜市栄区,35.3493,139.5796,55.7772,252.3441,252.3441,890.5881,332185.2945,180616.6541,4557.7766,6524.4738,1.4315,90.1596,4.9918,12260.1,1.0,1.1665,1.3896,1.3467,276,15.281,155,8.5817,9066.5285,調布,33.4756,False
神奈川県横浜市金沢区,35.3493,139.6018,53.4907,250.0275,250.0275,818.3288,289544.8415,156513.5138,4003.8012,5697.4717,1.423,74.2492,4.7439,9692.6,1.0,1.1602,1.369,1.314,236,15.0786,133,8.4977,7799.5557,調布,33.7389,False
神奈川県横浜市金沢区,35.3493,139.6239,49.6286,249.9425,249.9425,653.4354,240103.2474,129426.1085,3295.3011,4688.2358,1.4227,63.2724,4.8887,7926.3,1.0,1.1602,1.369,1.314,202,15.6074,110,8.4991,6417.962,三軒茶屋,33.9512,False
神奈川県横浜市金沢区,35.3493,139.646,47.6074,250.566,250.566,554.24,177382.2396,94758.22,2412.4577,3437.7309,1.425,40.0476,4.2263,5977.9,1.0,1.1684,1.3957,1.3482,150,15.8298,84,8.8647,4798.1576,三軒茶屋,33.7551,False
千葉県富津市,35.3493,139.8451,33.6976,416.3124,416.3124,141.5279,32976.5811,16242.7218,291.4013,576.0927,1.977,4.505,2.7735,713.7,1.0,1.1815,1.5175,1.5504,31,19.0855,15,9.2349,874.2222,三軒茶屋,37.1613,False
千葉県君津市,35.3493,139.8673,32.1061,415.0819,415.0819,117.2895,44520.7536,21868.4798,393.1332,775.7318,1.9732,9.855,4.5065,939.6,1.0,1.1815,1.5175,1.5504,47,21.4921,22,10.0601,1177.175,三軒茶屋,38.0515,False
千葉県君津市,35.3493,139.8894,34.2069,431.1989,431.1989,140.4326,55270.159,27547.1408,475.5954,961.7848,2.0223,12.855,4.6665,1477.5,1.0,1.1815,1.5175,1.5504,58,21.0548,25,9.0754,1459.5111,三軒茶屋,39.0242,False
千葉県君津市,35.3493,139.9115,44.9973,448.1857,448.1857,158.7261,58591.555,29386.3897,484.0906,1008.3322,2.0829,12.72,4.3285,1893.5,1.0,1.1815,1.5175,1.5504,63,21.4385,26,8.8476,1530.1468,津田沼,39.1496,False
千葉県木更津市,35.3493,139.9336,47.5119,448.1857,448.1857,162.6307,57762.2559,29070.4556,483.0822,1004.544,2.0794,12.235,4.2087,1868.4,1.0,1.1886,1.5551,1.5963,62,21.3275,25,8.5998,1562.1289,津田沼,38.6757,False
千葉県木更津市,35.3493,139.9558,46.557,448.1857,448.1857,153.8244,54931.4311,27471.3366,456.4772,947.9326,2.0766,11.535,4.1989,1749.2,1.0,1.1886,1.5551,1.5963,62,22.569,22,8.0083,1474.0947,津田沼,38.3008,False
千葉県木更津市,35.3493,139.9779,36.5517,444.616,444.616,128.1006,50981.4953,25324.097,427.7687,882.3292,2.0626,11.885,4.6932,1562.4,1.0,1.1886,1.5551,1.5963,55,21.7184,18,7.1079,1372.0772,津田沼,38.0277,False
神奈川県山北町,35.3673,139.0929,21.3316,254.3643,254.3643,121.4467,36829.4607,19094.7658,474.3731,682.5676,1.4389,7.3124,3.8295,1373.3,1.0,1.1892,1.4519,1.447,29,15.1874,11,5.7607,991.0506,府中,48.2278,False
神奈川県山北町,35.3673,139.115,31.5809,255.6435,255.6435,237.8707,53488.401,27531.3941,673.072,971.6101,1.4435,7.6624,2.7832,2036.7,1.0,1.1892,1.4519,1.447,45,16.345,16,5.8115,1410.7245,府中,46.8132,False
神奈川県松田町,35.3673,139.1593,40.504,256.5033,256.5033,228.2482,78947.0658,39485.807,964.0301,1394.6378,1.4467,16.4392,4.1633,3000.5,1.0,1.2421,1.6234,1.644,60,15.1953,27,6.8379,2264.0756,府中,44.1209,False
神奈川県秦野市,35.3673,139.1814,45.3103,256.5965,256.5965,256.0554,78617.6481,38916.4804,951.9629,1377.5031,1.447,14.2652,3.6656,2970.5,1.0,1.2621,1.6815,1.7115,58,14.9037,26,6.681,2316.332,府中,42.8518,False
神奈川県秦野市,35.3673,139.2035,45.2997,257.4809,257.4809,235.8906,85320.7056,42012.6867,1006.594,1459.7906,1.4502,17.7152,4.2166,3225.1,1.0,1.2666,1.7063,1.7391,60,14.2814,27,6.4266,2490.8267,府中,41.6402,False
神奈川県秦野市,35.3673,139.2257,50.8223,256.0458,256.0458,307.4121,96650.5428,47942.4159,1150.4375,1662.3939,1.445,17.6652,3.6847,3505.4,1.0,1.274,1.7302,1.7658,62,12.9322,33,6.8833,2876.2996,府中,40.4915,False
神奈川県秦野市,35.3673,139.2478,49.7401,258.0999,258.0999,320.2435,122420.0606,61151.0007,1440.7183,2092.6073,1.4525,27.2268,4.4524,4703.7,1.0,1.246,1.6599,1.6732,86,14.0635,52,8.5035,3473.6234,府中,39.4111,False
神奈川県秦野市,35.3673,139.2699,50.6101,257.49,257.49,344.0757,143451.2001,72342.1605,1719.5901,2493.8541,1.4503,35.7268,4.9386,5513.0,1.0,1.2407,1.6464,1.6519,115,15.8967,64,8.8468,4105.8079,府中,38.4047,False
神奈川県伊勢原市,35.3673,139.292,49.4536,257.7935,257.7935,330.3517,157692.7054,79592.8073,1903.0131,2761.9624,1.4514,45.342,5.6967,6171.1,1.0,1.2416,1.6402,1.6573,126,15.8306,77,9.6742,4530.2227,府中,37.4784,False
神奈川県伊勢原市,35.3673,139.3142,53.878,258.0003,258.0003,415.6325,172472.4144,87234.8231,2076.7717,3015.708,1.4521,43.1276,4.9439,6776.9,1.0,1.2269,1.616,1.6262,145,16.6218,87,9.9731,4873.2596,府中,36.6382,False
神奈川県平塚市,35.3673,139.3363,50.0637,257.5619,257.5619,420.2446,192483.7809,98379.3379,2340.953,3395.6033,1.4505,54.1632,5.5055,7532.5,1.0,1.2167,1.5419,1.5382,161,16.3652,99,10.0631,5235.5454,府中,35.8902,False
神奈川県寒川町,35.3673,139.3584,50.5517,255.4064,255.4064,448.0224,216411.905,111105.3274,2684.7896,3873.2981,1.4427,65.4488,5.8907,8029.1,1.0,1.2167,1.5419,1.5382,180,16.2008,108,9.7205,5972.0839,府中,35.2402,False
神奈川県寒川町,35.3673,139.3805,52.1061,254.6412,254.6412,480.0071,231100.885,119108.6254,2911.0915,4191.661,1.4399,70.8708,5.9501,8480.0,1.0,1.2177,1.5419,1.5413,196,16.4556,121,10.1588,6463.2454,調布,34.5379,False
神奈川県寒川町,35.3673,139.4027,51.1247,254.2943,254.2943,480.045,242794.5344,126113.9033,3105.3128,4467.3907,1.4386,79.9688,6.341,8946.9,1.0,1.2172,1.5277,1.5239,207,16.4137,127,10.0703,6824.8301,調布,33.7397,False
神奈川県寒川町,35.3673,139.4248,52.0849,256.7485,256.7485,482.3919,258903.177,136713.9288,3301.994,4779.8544,1.4476,92.3024,6.7515,10386.9,1.0,1.212,1.52,1.5077,213,15.58,136,9.9478,7265.5797,調布,33.0438,False
神奈川県藤沢市,35.3673,139.4469,53.2944,254.9481,254.9481,571.6862,292158.3093,156293.4281,3832.4019,5522.5377,1.441,102.8744,6.5821,11346.4,1.0,1.2006,1.49,1.4693,228,14.5879,149,9.5334,8228.7704,調布,32.4567,False
神奈川県藤沢市,35.3673,139.469,53.1034,253.4578,253.4578,613.7736,321006.1261,173243.8766,4319.5315,6201.0099,1.4356,119.2608,6.884,12122.7,1.0,1.1939,1.4668,1.4457,269,15.5272,173,9.9859,9095.7191,調布,31.9844,False
神奈川県藤沢市,35.3673,139.4912,56.1592,255.7736,255.7736,697.5005,343333.2933,186862.519,4564.7086,6591.5282,1.444,120.3232,6.4391,13937.9,1.0,1.1753,1.4345,1.4009,277,14.8237,169,9.0441,9455.5537,調布,31.6321,False
神奈川県横浜市戸塚区,35.3673,139.5133,58.0265,255.7163,255.7163,839.2713,369084.8904,201684.2035,4924.2642,7109.705,1.4438,116.4144,5.7721,15009.6,1.0,1.1771,1.4197,1.3831,306,15.1722,187,9.2719,10093.4466,調布,31.4037,False
神奈川県横浜市栄区,35.3673,139.5354,57.8143,254.005,254.005,945.61,396308.1922,215498.9433,5356.2846,7700.047,1.4376,119.5672,5.5484,15369.1,1.0,1.1771,1.4197,1.3831,331,15.3597,203,9.42,10931.5385,調布,31.3021,False
神奈川県横浜市栄区,35.3673,139.5575,57.3793,252.0409,252.0409,1095.2023,408074.2172,220525.6842,5560.2577,7953.3617,1.4304,109.1192,4.9481,14745.8,1.0,1.1783,1.4182,1.3873,327,14.8282,201,9.1146,11279.3346,調布,31.3284,False
神奈川県横浜市栄区,35.3673,139.5796,55.6286,251.2769,251.2769,1061.6005,385710.8472,206644.0706,5229.6811,7465.8761,1.4276,99.0212,4.7919,13392.1,1.0,1.1676,1.3825,1.3391,328,15.8727,190,9.1946,10321.3089,調布,31.4823,False
神奈川県横浜市港南区,35.3673,139.6018,55.0398,250.0953,250.0953,965.0268,345157.7713,183934.571,4707.2585,6699.6731,1.4233,87.0088,4.7304,11407.6,1.0,1.1713,1.3891,1.3496,295,16.0383,167,9.0793,9306.3382,調布,31.762,False
神奈川県横浜市金沢区,35.3673,139.6239,55.0769,250.0924,250.0924,932.4503,295109.6778,157121.5437,4013.4203,5712.115,1.4233,65.5832,4.174,9717.3,1.0,1.1813,1.3898,1.3493,248,15.784,134,8.5284,7938.7401,三軒茶屋,31.9639,False
神奈川県横浜市金沢区,35.3673,139.646,51.9469,250.4095,250.4095,700.1931,229198.1135,119991.0199,3053.2779,4349.1414,1.4244,50.7832,4.2323,7479.6,1.0,1.1825,1.3844,1.3564,188,15.6678,104,8.6673,6020.878,三軒茶屋,31.7557,False
千葉県木更津市,35.3673,139.9115,49.6233,448.1857,448.1857,153.8716,58458.6792,29285.6206,480.8397,1007.8454,2.096,13.07,4.4629,1960.9,1.0,1.2061,1.6136,1.6774,64,21.8537,27,9.2195,1626.3072,津田沼,37.2179,False
千葉県木更津市,35.3673,139.9336,51.7454,448.1857,448.1857,175.7171,59578.7904,29849.2006,494.3274,1026.8216,2.0772,11.885,3.9817,1897.5,1.0,1.2061,1.6136,1.6774,64,21.4411,24,8.0404,1656.928,津田沼,36.7192,False
千葉県木更津市,35.3673,139.9558,42.7374,445.2904,445.2904,163.5464,58913.6851,29438.9453,496.9815,1026.092,2.0646,12.585,4.2749,1828.2,1.0,1.2061,1.6136,1.6774,62,21.0605,23,7.8128,1655.7508,津田沼,36.3242,False
千葉県木更津市,35.3673,139.9779,50.3236,448.1857,448.1857,160.2145,55713.0257,27621.3124,458.8958,956.4117,2.0842,11.235,4.0675,1803.6,1.0,1.2061,1.6136,1.6774,55,19.9122,20,7.2408,1543.3112,津田沼,36.0362,False
千葉県睦沢町,35.3673,140.3097,40.3501,448.1857,448.1857,153.5218,30387.6332,15621.366,243.8422,548.8949,2.251,3.7048,2.3716,1428.2,1.0,1.1533,1.4149,1.5007,31,19.8446,14,8.9621,776.6441,津田沼,44.1364,True
神奈川県松田町,35.3853,139.1593,39.7666,261.0952,261.0952,177.5063,59824.4779,29438.1892,697.085,1020.0602,1.4633,11.5268,3.9156,2497.3,1.0,1.2565,1.6587,1.6889,47,15.9657,19,6.4542,1691.9259,府中,42.6109,False
神奈川県秦野市,35.3853,139.1814,40.0053,256.41,256.41,191.2173,61671.4592,29910.4038,727.5409,1052.2679,1.4463,11.2152,3.7496,2248.4,1.0,1.2621,1.6815,1.7115,45,15.0449,19,6.3523,1769.4349,府中,41.2957,False
神奈川県秦野市,35.3853,139.2035,43.3475,260.2732,260.2732,194.2823,69374.17,33605.0217,788.157,1150.9851,1.4604,13.5652,4.0367,2750.4,1.0,1.2666,1.7063,1.7391,50,14.8787,21,6.2491,1963.9148,府中,40.0374,False
神奈川県秦野市,35.3853,139.2257,46.8435,260.3566,260.3566,225.0954,80770.9981,39373.6289,917.738,1340.4956,1.4607,15.9768,4.0577,3207.9,1.0,1.2761,1.7418,1.78,49,12.4449,29,7.3653,2334.8275,府中,38.8415,False
神奈川県秦野市,35.3853,139.2478,47.687,260.2778,260.2778,252.4848,101547.9868,50202.7592,1163.2552,1698.7789,1.4604,23.0152,4.5844,4055.6,1.0,1.2564,1.6998,1.7307,72,14.3418,45,8.9637,2887.522,府中,37.7141,False
神奈川県伊勢原市,35.3853,139.2699,52.6525,259.0175,259.0175,328.6492,126452.935,62960.8629,1476.2583,2149.1412,1.4558,28.0536,4.4557,4960.7,1.0,1.2564,1.6998,1.7307,95,15.0887,58,9.2121,3653.0312,府中,36.6615,False
神奈川県伊勢原市,35.3853,139.292,49.5915,259.1511,259.1511,322.1659,145566.3027,72514.885,1705.5075,2483.7084,1.4563,38.092,5.253,5758.9,1.0,1.2442,1.6445,1.6662,110,15.1693,73,10.0669,4084.3646,府中,35.6902,False
神奈川県伊勢原市,35.3853,139.3142,50.4881,256.8532,256.8532,335.2478,168590.0751,84076.4195,2007.1887,2906.3029,1.4479,49.6632,5.9069,6294.8,1.0,1.2467,1.6654,1.6832,136,16.1758,92,10.9424,4840.0193,府中,34.807,False
神奈川県伊勢原市,35.3853,139.3363,57.2149,258.5422,258.5422,421.4883,199578.4509,101066.871,2376.7016,3455.913,1.4541,56.464,5.5868,7878.5,1.0,1.2467,1.6654,1.6832,163,16.1279,103,10.1913,5755.314,府中,34.0189,False
神奈川県寒川町,35.3853,139.3584,53.9629,258.0509,258.0509,436.8776,227521.513,116376.2828,2738.9812,3977.8146,1.4523,72.1996,6.204,8941.7,1.0,1.2381,1.5968,1.6017,190,16.3264,125,10.741,6351.7429,府中,33.3326,False
神奈川県寒川町,35.3853,139.3805,52.2653,256.2355,256.2355,419.6017,244498.7378,125309.0242,2979.8094,4307.9116,1.4457,87.6592,6.9954,9155.9,1.0,1.2369,1.6022,1.5991,206,16.4394,147,11.731,6902.1819,調布,32.7318,False
神奈川県寒川町,35.3853,139.4027,53.7613,255.6739,255.6739,451.9029,259513.2113,135283.894,3241.1029,4679.0387,1.4437,95.4428,7.055,9787.2,1.0,1.2385,1.5998,1.5946,220,16.2621,148,10.94,7485.444,調布,31.8887,False
神奈川県寒川町,35.3853,139.4248,55.1512,256.5391,256.5391,571.9676,280262.7798,148706.8332,3545.1682,5129.1665,1.4468,90.864,6.1103,11048.4,1.0,1.2091,1.5076,1.4903,234,15.7357,146,9.818,7732.8746,調布,31.1516,False
神奈川県横浜市泉区,35.3853,139.4469,56.6472,256.552,256.552,640.3158,310166.7374,165312.6702,3959.3158,5728.5421,1.4469,100.7724,6.0959,12359.5,1.0,1.1983,1.485,1.4696,246,14.8809,162,9.7996,8506.6376,調布,30.5283,False
神奈川県横浜市泉区,35.3853,139.469,59.2573,257.6886,257.6886,673.9018,333664.3062,179264.5105,4282.8707,6214.3687,1.451,112.6368,6.2833,13892.0,1.0,1.1984,1.5023,1.49,279,15.5636,173,9.6505,9336.1439,調布,30.0258,False
神奈川県横浜市泉区,35.3853,139.4912,61.1565,259.3946,259.3946,808.8903,368561.8345,199701.1651,4709.8204,6863.0055,1.4572,115.4492,5.7811,16090.1,1.0,1.1913,1.4668,1.4452,306,15.3229,184,9.2138,10066.3628,調布,29.6503,False
神奈川県横浜市戸塚区,35.3853,139.5133,60.2122,258.3786,258.3786,968.1743,399246.8081,216840.8192,5158.7955,7498.2379,1.4535,114.428,5.2771,17107.2,1.0,1.1771,1.4197,1.3831,341,15.7258,209,9.6384,10645.0359,調布,29.4066,False
神奈川県横浜市戸塚区,35.3853,139.5354,58.9178,255.4055,255.4055,1083.3414,416680.5921,225991.9187,5544.929,7999.5513,1.4427,113.7048,5.0314,16722.1,1.0,1.1761,1.4172,1.3828,352,15.5758,215,9.5136,11337.2477,調布,29.2981,False
神奈川県横浜市栄区,35.3853,139.5575,58.695,254.7375,254.7375,1181.3911,428052.2583,229860.3682,5668.9835,8164.7221,1.4402,108.2424,4.7091,16684.0,1.0,1.176,1.4084,1.3728,361,15.7052,207,9.0055,11499.4549,調布,29.3261,False
神奈川県横浜市港南区,35.3853,139.5796,56.7586,252.6563,252.6563,1271.475,423782.3907,224893.1002,5646.6,8089.576,1.4326,97.4944,4.3351,15327.7,1.0,1.1713,1.3891,1.3496,358,15.9187,192,8.5374,11237.0155,調布,29.4905,False
神奈川県横浜市港南区,35.3853,139.6018,56.0106,249.655,249.655,1089.3606,402607.2343,210976.8498,5428.0886,7716.8307,1.4216,101.8328,4.8267,12837.1,1.0,1.1781,1.4022,1.376,362,17.1583,200,9.4797,10820.6514,調布,29.7888,False
神奈川県横浜市磯子区,35.3853,139.6239,54.3767,248.8161,248.8161,968.5505,344305.9695,180544.2076,4677.8775,6635.8756,1.4186,84.284,4.6683,10592.9,1.0,1.175,1.386,1.3527,308,17.0595,170,9.416,9197.4655,三軒茶屋,29.979,False
神奈川県横浜市磯子区,35.3853,139.646,52.5199,248.5581,248.5581,759.864,273672.613,141754.9093,3683.2871,5221.4898,1.4176,66.3716,4.6821,8203.3,1.0,1.1775,1.3834,1.3588,250,17.6361,132,9.3118,7223.1504,三軒茶屋,29.757,False
千葉県木更津市,35.3853,139.9115,41.6552,442.0523,442.0523,156.1199,57378.2128,28761.4608,487.8797,1002.5704,2.055,12.585,4.3756,1732.3,1.0,1.2061,1.6136,1.6774,55,19.1228,25,8.6922,1617.7952,津田沼,35.2943,False
千葉県木更津市,35.3853,139.9336,49.1565,448.1857,448.1857,148.6818,56749.4239,28273.614,461.9669,971.2791,2.1025,12.585,4.4511,1921.8,1.0,1.2061,1.6136,1.6774,57,20.1601,23,8.1348,1567.302,津田沼,34.7682,False
千葉県木更津市,35.3853,139.9558,47.5225,448.1857,448.1857,126.65,57192.5425,28023.6327,460.2998,967.3902,2.1017,14.585,5.2045,1911.7,1.0,1.2061,1.6136,1.6774,53,18.9126,22,7.8505,1561.0268,津田沼,34.3508,False
千葉県袖ケ浦市,35.3853,139.9779,52.1963,448.1857,448.1857,130.6943,54410.4543,26688.2698,413.0921,904.4899,2.1896,12.585,4.7156,2154.2,1.0,1.2287,1.6992,1.7523,49,18.3601,18,6.7445,1536.8643,津田沼,34.0462,True
千葉県袖ケ浦市,35.3853,140.0,51.2838,448.1857,448.1857,118.6474,51544.2743,25159.2723,408.2531,871.019,2.1335,12.585,5.0021,1857.0,1.0,1.2287,1.6992,1.7523,50,19.8734,18,7.1544,1479.9922,津田沼,33.8574,False
千葉県袖ケ浦市,35.3853,140.0221,52.748,448.1857,448.1857,85.0071,37446.2078,17949.575,275.3986,608.1676,2.2083,8.75,4.8748,1499.4,1.0,1.2793,1.8754,2.0396,32,17.8277,10,5.5712,1140.5461,津田沼,33.7864,True
千葉県睦沢町,35.3853,140.3319,50.2281,448.1857,448.1857,183.1446,35219.452,17918.1767,308.8179,654.8071,2.1204,3.7048,2.0676,1351.3,1.0,1.2084,1.5732,1.6147,36,20.0913,15,8.3714,1030.1657,津田沼,43.77,False
千葉県一宮町,35.3853,140.354,44.8276,448.1857,448.1857,159.8412,31647.8091,16086.5858,282.6393,591.2939,2.092,4.0548,2.5206,1139.9,1.0,1.173,1.5114,1.5612,31,19.2707,14,8.7029,893.6814,津田沼,45.0692,False
神奈川県松田町,35.4033,139.1372,28.4775,259.4216,259.4216,187.3774,40521.1958,20060.01,478.677,697.5601,1.4573,5.0884,2.5366,1633.3,1.0,1.1842,1.4131,1.428,30,14.9551,11,5.4835,985.6947,府中,42.5572,False
神奈川県秦野市,35.4033,139.1593,37.0239,256.8198,256.8198,143.8401,46156.4876,22484.5178,546.4587,791.1768,1.4478,8.4268,3.7478,1714.4,1.0,1.2679,1.7099,1.7438,34,15.1215,14,6.2265,1352.8331,府中,41.1432,False
神奈川県秦野市,35.4033,139.1814,41.7347,253.4151,253.4151,215.9791,49787.4402,23881.7311,595.3325,854.5514,1.4354,6.4384,2.696,1641.7,1.0,1.2679,1.7099,1.7438,29,12.1432,14,5.8622,1461.1974,府中,39.7797,False
神奈川県秦野市,35.4033,139.2035,43.496,263.5818,263.5818,178.5123,59265.2656,28565.0468,655.7668,965.4818,1.4723,10.5268,3.6852,2505.6,1.0,1.2767,1.7386,1.7759,36,12.6028,15,5.2512,1678.5752,府中,38.4722,False
神奈川県秦野市,35.4033,139.2257,44.9178,259.5379,259.5379,205.8929,74327.4224,36297.9625,852.4631,1242.6255,1.4577,14.9268,4.1123,2909.3,1.0,1.2767,1.7386,1.7759,44,12.1219,28,7.7139,2160.414,府中,37.2264,False
神奈川県伊勢原市,35.4033,139.2699,51.2149,263.523,263.523,294.6245,108692.1331,53381.7429,1192.1229,1754.9032,1.4721,21.6652,4.0585,4535.3,1.0,1.2559,1.6959,1.7259,77,14.4244,46,8.6172,2976.1232,府中,34.9462,False
神奈川県伊勢原市,35.4033,139.292,47.7135,258.7487,258.7487,248.1535,132668.1054,65958.0465,1544.3101,2246.706,1.4548,40.6892,6.169,5143.5,1.0,1.2672,1.7219,1.748,109,16.5257,73,11.0676,3868.6798,府中,33.9261,False
神奈川県伊勢原市,35.4033,139.3142,51.2255,258.1713,258.1713,299.2449,155545.9238,77576.349,1814.548,2636.0557,1.4527,46.5632,6.0022,5930.5,1.0,1.2577,1.723,1.7441,125,16.1132,85,10.9569,4541.8768,府中,32.996,False
神奈川県伊勢原市,35.4033,139.3363,51.0345,258.129,258.129,335.4747,180080.4283,90492.6789,2102.2361,3053.6671,1.4526,56.1256,6.2022,6856.4,1.0,1.2517,1.6631,1.6798,144,15.9129,97,10.7191,5078.6246,府中,32.1637,False
神奈川県伊勢原市,35.4033,139.3584,57.4111,259.8455,259.8455,418.6634,202302.2306,102561.4742,2346.0081,3422.3619,1.4588,57.1256,5.5699,8067.1,1.0,1.2486,1.6637,1.6686,158,15.4054,108,10.5303,5693.6557,府中,31.4371,False
神奈川県寒川町,35.4033,139.3805,60.5995,260.0521,260.0521,444.2761,224174.9673,114430.8207,2579.4871,3764.8902,1.4595,66.0736,5.7741,8908.8,1.0,1.2564,1.6983,1.6986,174,15.2057,133,11.6227,6393.8492,府中,30.8235,False
神奈川県寒川町,35.4033,139.4027,56.4244,257.9191,257.9191,501.0792,249622.2056,129206.1569,2961.9989,4300.286,1.4518,75.5544,5.8476,9589.4,1.0,1.2279,1.5782,1.5672,202,15.6339,141,10.9128,6786.5209,調布,30.0573,False
神奈川県綾瀬市,35.4033,139.4248,59.6499,258.4665,258.4665,580.0584,277078.1724,145367.5135,3334.4911,4847.7004,1.4538,82.7784,5.6944,11004.0,1.0,1.2287,1.5729,1.5587,220,15.1341,152,10.4563,7624.7976,調布,29.2744,False
神奈川県横浜市泉区,35.4033,139.4469,61.931,260.7541,260.7541,661.7281,311162.2564,165185.7407,3781.8032,5529.3341,1.4621,94.0484,5.6935,13387.1,1.0,1.2094,1.5392,1.5278,250,15.1345,159,9.6255,8510.8209,調布,28.6103,False
神奈川県横浜市泉区,35.4033,139.469,60.435,259.8922,259.8922,736.5548,337916.5233,180904.6322,4204.8259,6134.7201,1.459,102.6656,5.6751,14545.6,1.0,1.1917,1.4751,1.456,272,15.0355,178,9.8394,9049.0231,調布,28.0736,False
神奈川県横浜市泉区,35.4033,139.4912,61.3369,261.7639,261.7639,775.2197,368443.3851,198112.2443,4588.1308,6724.9987,1.4657,117.102,5.9109,16734.6,1.0,1.1896,1.4683,1.4385,309,15.5972,207,10.4486,9874.4756,調布,27.6717,False
神奈川県横浜市戸塚区,35.4033,139.5133,61.0292,258.2653,258.2653,1024.5639,424208.9683,229192.6871,5439.2701,7903.6685,1.4531,120.4692,5.2562,17962.9,1.0,1.187,1.4361,1.4063,348,15.1837,227,9.9043,11350.5865,調布,27.4105,False
神奈川県横浜市戸塚区,35.4033,139.5354,59.0133,256.4351,256.4351,1257.3477,452898.9658,244771.1793,5929.1236,8576.0417,1.4464,113.7568,4.6475,18496.4,1.0,1.1703,1.3913,1.3543,389,15.8924,224,9.1514,11931.9003,調布,27.2941,False
神奈川県横浜市戸塚区,35.4033,139.5575,58.0371,254.1264,254.1264,1360.5762,461507.0409,246696.6644,6105.5058,8779.8125,1.438,108.4704,4.3969,17557.9,1.0,1.1729,1.3959,1.366,404,16.3764,226,9.161,12256.1331,調布,27.3242,False
神奈川県横浜市港南区,35.4033,139.5796,55.9469,251.1576,251.1576,1171.0257,458808.4377,242000.0579,6158.5527,8789.2392,1.4272,123.7616,5.1141,15670.8,1.0,1.1695,1.3853,1.3565,422,17.438,236,9.7521,12175.8132,調布,27.5005,False
神奈川県横浜市港南区,35.4033,139.6018,55.7347,249.9322,249.9322,1063.3017,421801.2385,220432.3633,5668.4021,8064.2409,1.4227,113.9116,5.1676,13593.5,1.0,1.1731,1.396,1.3717,378,17.1481,215,9.7536,11257.5574,調布,27.8201,False
神奈川県横浜市磯子区,35.4033,139.6239,54.0265,248.9472,248.9472,903.9484,361020.4352,187863.3981,4876.8731,6920.5148,1.419,97.9992,5.2165,11115.5,1.0,1.1695,1.3811,1.3511,341,18.1515,188,10.0073,9557.6419,三軒茶屋,27.9969,False
千葉県木更津市,35.4033,139.9115,51.0504,448.1857,448.1857,108.9384,46349.3949,23228.841,378.2122,797.3773,2.1083,11.585,4.9873,1600.2,1.0,1.2287,1.6992,1.7523,43,18.5115,20,8.61,1354.8638,津田沼,33.3803,False
千葉県木更津市,35.4033,139.9336,50.8806,448.1857,448.1857,105.1806,48438.2924,23903.1568,377.1615,812.7329,2.1549,12.585,5.265,1811.4,1.0,1.2287,1.6992,1.7523,42,17.5709,19,7.9487,1380.9553,津田沼,32.8236,False
千葉県袖ケ浦市,35.4033,139.9558,51.1777,448.1857,448.1857,112.8448,50055.7994,24607.2002,392.4776,847.0071,2.1581,12.585,5.1144,1900.2,1.0,1.2287,1.6992,1.7523,45,18.2873,18,7.3149,1439.1924,津田沼,32.3813,False
千葉県袖ケ浦市,35.4033,139.9779,51.3899,448.1857,448.1857,121.0072,52720.959,25850.7252,409.7796,888.627,2.1685,12.935,5.0037,2035.0,1.0,1.2287,1.6992,1.7523,47,18.1813,18,6.9631,1509.9107,津田沼,32.058,False
千葉県袖ケ浦市,35.4033,140.0221,54.9125,448.1857,448.1857,136.3828,41856.1603,19979.3659,304.1045,676.2327,2.2237,6.75,3.3785,1710.2,1.0,1.2793,1.8754,2.0396,35,17.5181,8,4.0041,1268.194,津田沼,31.782,True
千葉県袖ケ浦市,35.4033,140.0442,57.5862,448.1857,448.1857,166.1753,37199.5554,17407.1909,268.6442,594.1356,2.2116,3.2198,1.8497,1475.9,1.0,,1.8754,2.0396,29,16.6598,4,2.2979,1114.2306,津田沼,31.8325,True
千葉県袖ケ浦市,35.4033,140.0664,55.4854,448.1857,448.1857,144.3634,31800.571,14695.5793,247.483,516.1505,2.0856,2.5198,1.7146,979.7,1.0,,1.8754,2.0396,30,20.4143,3,2.0414,967.9788,津田沼,32.0083,False
千葉県長南町,35.4033,140.2434,46.2653,448.1857,448.1857,161.4345,30303.5141,15441.7268,272.5495,577.1854,2.1177,3.5245,2.2825,1183.4,1.0,1.2056,1.5355,1.5939,26,16.8375,15,9.7139,886.2429,津田沼,37.4537,False
千葉県長南町,35.4033,140.2655,47.5225,448.1857,448.1857,178.8866,35059.7524,17710.2895,290.7772,639.5829,2.1996,3.5245,1.9901,1539.1,1.0,1.1997,1.5264,1.5853,33,18.6332,18,10.1636,976.2579,津田沼,38.5502,True
千葉県茂原市,35.4033,140.2876,48.2493,448.1857,448.1857,189.1392,37810.962,19041.8088,304.6289,676.2398,2.2199,3.7048,1.9456,1683.8,1.0,1.1969,1.5211,1.5832,36,18.9058,17,8.9277,1028.6417,津田沼,39.7174,True
千葉県長生村,35.4033,140.3097,49.3899,448.1857,448.1857,191.4079,39879.5195,19928.0078,327.9428,712.5413,2.1728,5.0548,2.5365,1639.5,1.0,1.1991,1.5399,1.5933,41,20.5741,18,9.0325,1097.2071,津田沼,40.9492,False
千葉県長生村,35.4033,140.3319,41.9788,445.9469,445.9469,177.5389,39178.6611,19561.8396,348.3494,719.9027,2.0666,5.4048,2.7629,1294.9,1.0,1.2053,1.5744,1.615,39,19.9368,16,8.1792,1133.4447,津田沼,42.24,False
千葉県長生村,35.4033,140.354,40.8753,446.4341,446.4341,165.9089,36644.1735,18342.7295,324.4556,670.9957,2.0681,5.0548,2.7557,1211.7,1.0,1.2053,1.5744,1.615,38,20.7167,17,9.268,1056.4435,津田沼,43.5845,False
神奈川県伊勢原市,35.4214,139.2699,43.7454,258.9264,258.9264,216.1906,94619.8459,46426.1043,1080.6862,1572.9092,1.4555,23.0152,4.9574,3613.1,1.0,1.2561,1.695,1.7253,62,13.3546,49,10.5544,2666.1236,府中,33.2634,False
神奈川県伊勢原市,35.4214,139.292,44.6897,257.0031,257.0031,227.5117,112483.0175,55572.8002,1297.8792,1879.9675,1.4485,31.2892,5.6303,4069.4,1.0,1.262,1.7117,1.7319,82,14.7554,60,10.7966,3218.0164,府中,32.1902,False
神奈川県伊勢原市,35.4214,139.3142,47.183,258.6532,258.6532,258.0583,134988.4853,66963.75,1543.3218,2244.734,1.4545,39.6892,5.927,5109.1,1.0,1.2662,1.6939,1.7113,100,14.9335,74,11.0508,3802.4645,府中,31.2086,False
神奈川県伊勢原市,35.4214,139.3363,50.939,261.9716,261.9716,286.4244,158191.0712,79205.4292,1776.4757,2605.1802,1.4665,49.0872,6.1975,6482.8,1.0,1.2626,1.7036,1.7219,129,16.2868,92,11.6154,4438.2454,府中,30.3275,False
神奈川県厚木市,35.4214,139.3584,56.2706,261.4134,261.4134,370.8784,179455.8184,90281.5429,2011.5458,2945.8531,1.4645,48.8612,5.4121,7218.9,1.0,1.2564,1.6983,1.6986,133,14.7317,104,11.5195,5002.8923,府中,29.556,False
神奈川県厚木市,35.4214,139.3805,63.0239,257.1215,257.1215,529.7172,214724.8132,109311.8591,2496.507,3617.2437,1.4489,50.8612,4.6529,7845.4,1.0,1.2508,1.6838,1.6823,157,14.3626,112,10.2459,6090.6837,府中,28.9026,False
神奈川県綾瀬市,35.4214,139.4027,62.8435,259.7098,259.7098,544.4211,246072.1574,126820.3512,2833.2465,4131.7541,1.4583,65.5804,5.1711,9673.5,1.0,1.2383,1.6364,1.6278,195,15.3761,135,10.645,6761.2841,調布,28.2495,False
神奈川県綾瀬市,35.4214,139.4248,64.5623,261.2703,261.2703,607.441,279266.269,146353.8536,3263.3216,4777.3571,1.464,78.4284,5.3588,11680.8,1.0,1.232,1.6196,1.6035,225,15.3737,152,10.3858,7737.5933,調布,27.4151,False
神奈川県綾瀬市,35.4214,139.4469,64.0424,262.4633,262.4633,718.2956,312798.2517,165619.5392,3709.9714,5447.2118,1.4683,85.5792,5.1672,13740.6,1.0,1.2068,1.5401,1.5075,242,14.6118,163,9.8418,8389.3896,調布,26.705,False
神奈川県横浜市泉区,35.4214,139.469,63.9788,263.7576,263.7576,781.5689,333562.9839,177803.2969,3994.6982,5883.9,1.4729,91.206,5.1296,15312.0,1.0,1.2013,1.5098,1.4848,256,14.3979,172,9.6736,8883.6455,調布,26.1294,False
神奈川県横浜市泉区,35.4214,139.4912,62.244,262.3822,262.3822,917.6982,372266.0948,200559.4816,4566.9228,6704.1054,1.468,99.832,4.9777,16910.3,1.0,1.1771,1.453,1.4216,285,14.2102,190,9.4735,9740.758,調布,25.6972,False
神奈川県横浜市泉区,35.4214,139.5133,60.2759,258.5308,258.5308,1091.8061,423956.4416,228222.5935,5411.5228,7868.5606,1.454,112.0712,4.9106,18018.2,1.0,1.1699,1.3994,1.361,347,15.2045,223,9.7712,11011.254,調布,25.4158,False
神奈川県横浜市戸塚区,35.4214,139.5354,57.8249,254.8606,254.8606,1340.7271,480851.3386,258643.1857,6336.4512,9128.8828,1.4407,119.9952,4.6394,18713.6,1.0,1.1667,1.3871,1.353,418,16.1613,253,9.7818,12662.6354,調布,25.2902,False
神奈川県横浜市戸塚区,35.4214,139.5575,57.4005,254.2746,254.2746,1324.3269,492215.2375,262734.2297,6518.6333,9377.4204,1.4386,126.7624,4.8247,18863.9,1.0,1.1659,1.3858,1.3532,454,17.2798,259,9.8579,12994.8595,調布,25.3227,False
神奈川県横浜市港南区,35.4214,139.5796,55.4324,250.4607,250.4607,1166.5098,475295.1913,249915.7223,6407.9607,9128.8119,1.4246,133.2616,5.3323,15792.0,1.0,1.1639,1.3797,1.353,430,17.2058,250,10.0034,12595.3127,調布,25.5127,False
神奈川県横浜市南区,35.4214,139.6018,54.4775,249.207,249.207,992.184,428577.2336,223294.6595,5785.407,8215.2918,1.42,125.978,5.6418,13374.0,1.0,1.1639,1.3797,1.353,403,18.0479,224,10.0316,11334.8999,調布,25.8569,False
神奈川県横浜市南区,35.4214,139.6239,52.7427,248.2583,248.2583,845.31,365358.9125,189202.2188,4976.1859,7048.8371,1.4165,107.5012,5.6818,10943.7,1.0,1.1636,1.3638,1.3428,341,18.023,196,10.3593,9613.2846,三軒茶屋,26.0181,False
神奈川県横浜市中区,35.4214,139.646,48.0531,245.3285,245.3285,639.2739,300335.8425,153409.9554,4136.4527,5814.6587,1.4057,95.0772,6.1976,7491.7,1.0,1.1636,1.3638,1.3428,296,19.2947,166,10.8207,7930.098,三軒茶屋,25.7621,False
神奈川県横浜市中区,35.4214,139.6681,36.5729,243.3999,243.3999,404.7841,210052.1982,106072.1025,2933.3294,4102.4822,1.3986,73.2504,6.9057,4512.7,1.0,1.1636,1.3638,1.3428,229,21.5891,131,12.3501,5595.0122,三軒茶屋,25.6601,False
千葉県袖ケ浦市,35.4214,139.9115,50.0106,448.1857,448.1857,62.4111,34965.2117,17616.7168,277.5364,602.3477,2.1703,11.585,6.5761,1380.9,1.0,1.2287,1.6992,1.7523,33,18.7322,16,9.0823,1023.4793,津田沼,31.4775,False
千葉県袖ケ浦市,35.4214,139.9336,50.1804,448.1857,448.1857,79.8741,40774.5236,20095.4024,300.6353,675.8023,2.2479,11.585,5.765,1767.0,1.0,1.2287,1.6992,1.7523,35,17.4169,17,8.4596,1148.2896,津田沼,30.8866,True
千葉県袖ケ浦市,35.4214,139.9558,50.5199,448.1857,448.1857,92.7103,43597.8613,21466.7506,330.7537,734.2977,2.2201,11.585,5.3967,1838.7,1.0,1.2287,1.6992,1.7523,38,17.7018,17,7.9192,1247.6821,津田沼,30.4163,True
千葉県袖ケ浦市,35.4214,139.9779,51.1141,448.1857,448.1857,109.6135,47788.5373,23580.2157,345.8185,790.363,2.2855,11.585,4.913,2175.9,1.0,1.2287,1.6992,1.7523,45,19.0838,16,6.7853,1342.9455,津田沼,30.072,True
千葉県袖ケ浦市,35.4214,140.0,54.0637,448.1857,448.1857,123.8817,49579.4849,24305.1022,376.605,830.3231,2.2048,11.1,4.5669,2029.2,1.0,1.2793,1.8754,2.0396,46,18.9261,16,6.583,1557.1723,津田沼,29.8582,True
千葉県袖ケ浦市,35.4214,140.0221,54.1485,448.1857,448.1857,124.9949,44301.9311,21246.7411,337.9024,725.2599,2.1464,8.4,3.9535,1591.7,1.0,1.2793,1.8754,2.0396,34,16.0025,14,6.5892,1360.1387,津田沼,29.7777,False
千葉県袖ケ浦市,35.4214,140.0442,56.2918,448.1857,448.1857,153.6839,41570.1026,19444.9946,286.5709,646.0566,2.2544,5.5697,2.8644,1717.8,1.0,,1.8754,2.0396,35,17.9995,13,6.6855,1211.6023,津田沼,29.8315,True
千葉県市原市,35.4214,140.0885,49.8196,448.1857,448.1857,157.0495,35355.5825,16697.9497,255.9011,561.5077,2.1942,3.5198,2.1079,1353.9,1.0,,1.6122,1.6654,35,20.9607,12,7.1865,905.2571,津田沼,30.3376,True
千葉県長柄町,35.4214,140.2434,46.8382,448.1857,448.1857,167.7376,32163.458,16161.7291,286.372,599.7213,2.0942,3.5245,2.1808,1163.4,1.0,1.2056,1.5355,1.5939,30,18.5624,17,10.5187,920.8457,津田沼,35.7674,False
千葉県茂原市,35.4214,140.2655,48.1751,448.1857,448.1857,180.6879,35600.1098,17763.8201,300.5616,646.0235,2.1494,3.5245,1.9841,1420.5,1.0,1.2056,1.5355,1.5939,32,18.0141,17,9.57,991.9407,津田沼,36.9137,False
千葉県茂原市,35.4214,140.2876,49.4801,448.1857,448.1857,205.496,40101.9197,20075.8878,344.9333,734.7212,2.13,4.5245,2.2537,1550.8,1.0,1.1969,1.5211,1.5832,37,18.4301,18,8.966,1117.5989,津田沼,38.1308,False
千葉県茂原市,35.4214,140.3097,50.9072,448.1857,448.1857,220.4014,43499.2294,21703.6465,369.3106,788.0131,2.1337,5.2245,2.4072,1677.5,1.0,1.1955,1.5281,1.5839,43,19.8123,20,9.215,1204.1803,津田沼,39.4119,False
千葉県長生村,35.4214,140.3319,44.313,444.4316,444.4316,207.8789,43110.8132,21462.669,384.2744,792.4046,2.0621,5.5745,2.5973,1406.4,1.0,1.2053,1.5744,1.615,44,20.5007,19,8.8526,1247.5947,津田沼,40.7511,False
千葉県長生村,35.4214,140.354,42.7639,441.6051,441.6051,190.7313,39972.3172,19928.9067,357.3377,733.8335,2.0536,5.2245,2.6216,1268.3,1.0,1.2053,1.5744,1.615,42,21.0749,17,8.5303,1155.3779,津田沼,42.1428,False
千葉県長生村,35.4214,140.3761,45.2732,448.1857,448.1857,113.4881,32975.5712,16541.2256,292.8203,609.6678,2.0821,6.0548,3.6604,1145.4,1.0,1.2106,1.586,1.6248,34,20.5547,16,9.6728,966.9238,津田沼,43.5821,False
神奈川県伊勢原市,35.4394,139.292,41.443,260.5512,260.5512,171.6234,96780.472,47856.4161,1089.0933,1591.5526,1.4614,30.2392,6.3187,3818.6,1.0,1.262,1.7117,1.7319,70,14.6271,56,11.7017,2724.3251,府中,30.4872,False
神奈川県伊勢原市,35.4394,139.3142,45.9735,261.9355,261.9355,232.8351,119200.2597,58953.2324,1329.7222,1949.8484,1.4664,33.6392,5.7061,4849.0,1.0,1.2662,1.6939,1.7113,95,16.1145,70,11.8738,3302.9434,府中,29.4492,False
神奈川県厚木市,35.4394,139.3363,50.8966,258.1076,258.1076,315.7114,151109.6121,75435.0616,1728.0121,2509.9429,1.4525,40.8632,5.417,5613.8,1.0,1.2662,1.6939,1.7113,114,15.1123,86,11.4005,4251.7148,府中,28.514,False
神奈川県厚木市,35.4394,139.3584,56.87,258.9138,258.9138,405.519,179261.6939,89431.3952,2016.9452,2935.516,1.4554,44.1112,4.9324,6710.9,1.0,1.2508,1.6838,1.6823,131,14.6481,102,11.4054,4942.7964,府中,27.6921,False
神奈川県海老名市,35.4394,139.3805,61.305,259.559,259.559,469.4307,208076.1003,104776.4913,2339.2525,3410.08,1.4578,51.8612,4.9497,7937.7,1.0,1.2508,1.6838,1.6823,163,15.5569,116,11.0712,5741.8632,府中,26.9939,False
神奈川県海老名市,35.4394,139.4027,64.5093,259.2029,259.2029,571.1226,254512.3872,130902.1727,2950.2437,4296.9554,1.4565,67.1064,5.1265,9926.7,1.0,1.2435,1.657,1.6417,211,16.1189,140,10.695,7119.8666,府中,26.4291,False
神奈川県綾瀬市,35.4394,139.4248,64.4934,260.4984,260.4984,675.322,290980.6547,152066.0763,3427.1362,5007.6109,1.4612,76.8312,5.0525,12011.0,1.0,1.2221,1.5776,1.5546,239,15.7169,170,11.1794,7900.0082,調布,25.5778,False
神奈川県綾瀬市,35.4394,139.4469,66.4668,261.4556,261.4556,746.5377,313385.1738,165498.7159,3732.7282,5467.0461,1.4646,82.5812,4.9898,13559.1,1.0,1.2221,1.5776,1.5546,249,15.0454,180,10.8762,8624.8131,調布,24.8154,False
神奈川県横浜市泉区,35.4394,139.469,62.1751,263.4572,263.4572,768.0431,341321.3677,181475.6563,4072.1289,5993.5447,1.4718,96.4944,5.3172,15779.3,1.0,1.1897,1.4829,1.4568,276,15.2087,190,10.4697,8887.9136,調布,24.195,False
神奈川県横浜市泉区,35.4394,139.4912,62.6048,263.5347,263.5347,962.1479,375902.1826,202471.5056,4567.9015,6724.5195,1.4721,96.4204,4.7622,17596.7,1.0,1.1771,1.453,1.4216,298,14.7181,199,9.8285,9770.4187,調布,23.7277,False
神奈川県横浜市瀬谷区,35.4394,139.5133,62.6207,262.5646,262.5646,1146.3586,420585.1262,227308.2081,5217.0576,7661.9152,1.4686,103.5184,4.5541,19532.3,1.0,1.1713,1.4378,1.4094,331,14.5617,205,9.0186,11016.2077,調布,23.4227,False
神奈川県横浜市旭区,35.4394,139.5354,59.8515,259.2606,259.2606,1357.4465,482979.0122,260976.2825,6205.7301,9039.7871,1.4567,118.4192,4.5375,21143.1,1.0,1.1649,1.3816,1.3543,409,15.6719,243,9.3112,12488.9736,調布,23.2863,False
神奈川県横浜市旭区,35.4394,139.5575,58.2175,256.104,256.104,1257.1784,508851.7082,271773.798,6666.1837,9634.1155,1.4452,141.9084,5.2216,20591.1,1.0,1.1641,1.3842,1.3622,462,16.9994,269,9.8979,13335.3538,調布,23.3217,False
神奈川県横浜市保土ケ谷区,35.4394,139.5796,56.0531,252.7679,252.7679,1085.2616,488914.5138,257456.5778,6520.2466,9343.8633,1.4331,151.0364,5.8665,17810.1,1.0,1.1626,1.3763,1.3541,453,17.5952,270,10.4872,12859.7923,調布,23.5278,False
神奈川県横浜市南区,35.4394,139.6018,54.7056,250.5631,250.5631,946.397,439170.2935,228737.045,5922.1881,8439.0017,1.425,138.976,6.0758,14691.6,1.0,1.163,1.3764,1.3566,416,18.1868,240,10.4924,11615.1882,調布,23.9004,False
神奈川県横浜市南区,35.4394,139.6239,53.0398,249.2254,249.2254,824.228,385022.2968,198763.2716,5210.8943,7399.8352,1.4201,121.5896,6.1173,12087.9,1.0,1.1636,1.3638,1.3428,369,18.5648,213,10.7163,10091.9799,三軒茶屋,24.0437,False
神奈川県横浜市中区,35.4394,139.646,49.9841,245.1921,245.1921,700.7681,316723.899,161703.014,4417.0288,6206.8406,1.4052,97.5888,6.0351,7972.3,1.0,1.1636,1.3638,1.3428,308,19.0473,182,11.2552,8464.9601,三軒茶屋,23.7664,False
神奈川県横浜市中区,35.4394,139.6681,37.6233,243.5792,243.5792,404.6761,236103.8706,118295.7642,3295.6834,4611.4506,1.3992,91.8512,7.7645,5171.7,1.0,1.1624,1.3895,1.3824,260,21.9788,152,12.8491,6407.4325,三軒茶屋,23.6558,False
千葉県袖ケ浦市,35.4394,139.9336,50.0531,448.1857,448.1857,66.4081,36106.1076,17955.5059,274.6722,609.8328,2.2202,11.235,6.2571,1526.3,1.0,1.2287,1.6992,1.7523,31,17.2649,14,7.7971,1036.1975,津田沼,28.9589,True
千葉県袖ケ浦市,35.4394,139.9558,50.2228,448.1857,448.1857,81.5044,40486.0754,20058.568,312.7057,690.8628,2.2093,11.585,5.7756,1698.3,1.0,1.2287,1.6992,1.7523,33,16.4518,14,6.9796,1173.8797,津田沼,28.4568,True
千葉県袖ケ浦市,35.4394,139.9779,53.2361,448.1857,448.1857,102.8172,45419.1685,22436.6685,325.6778,746.5255,2.2922,11.1,4.9473,2074.2,1.0,1.2793,1.8754,2.0396,43,19.1651,16,7.1312,1400.0199,津田沼,28.0886,True
千葉県袖ケ浦市,35.4394,140.0,55.0398,448.1857,448.1857,138.2428,45040.0784,22041.4456,302.8897,713.3761,2.3552,7.75,3.5161,2143.2,1.0,1.2793,1.8754,2.0396,38,17.2402,16,7.2591,1337.8521,津田沼,27.8596,True
千葉県袖ケ浦市,35.4394,140.0442,57.1194,448.1857,448.1857,160.5339,42697.0444,19903.5833,295.2222,659.3038,2.2332,5.5698,2.7984,1699.2,1.0,,1.8754,2.0396,35,17.5848,15,7.5363,1236.4458,津田沼,27.831,True
千葉県市原市,35.4394,140.0664,53.3634,448.1857,448.1857,193.7152,46379.9713,21510.2298,314.5075,707.7374,2.2503,5.3548,2.4894,1873.7,1.0,1.2326,1.6122,1.6654,48,22.315,17,7.9032,1141.0071,津田沼,28.0318,True
千葉県市原市,35.4394,140.0885,50.4562,448.1857,448.1857,163.8257,46126.4832,21384.2218,325.1697,714.4986,2.1973,6.3548,2.9717,1735.5,1.0,1.2326,1.6122,1.6654,47,21.9788,21,9.8203,1151.9073,津田沼,28.3727,True
千葉県市原市,35.4394,140.1106,50.8594,448.1857,448.1857,167.7709,40051.2746,18805.0613,291.1634,637.6216,2.1899,4.8698,2.5896,1525.9,1.0,1.2326,1.6122,1.6654,43,22.8662,15,7.9766,1027.967,津田沼,28.8487,True
千葉県市原市,35.4394,140.1327,48.0584,448.1857,448.1857,137.6884,32331.0565,15303.3876,194.5252,492.2848,2.5307,2.3395,1.5287,1740.1,1.0,1.2326,1.6122,1.6654,36,23.5242,9,5.8811,793.6565,津田沼,29.4532,True
千葉県長柄町,35.4394,140.2434,46.4775,448.1857,448.1857,164.111,32532.2533,16368.4044,267.7088,586.7551,2.1918,3.6942,2.2569,1394.9,1.0,1.2056,1.5355,1.5939,32,19.5499,17,10.3859,900.9367,津田沼,34.1154,True
千葉県茂原市,35.4394,140.2655,41.1618,447.0024,447.0024,187.7519,36073.4316,17963.9528,324.3266,671.2795,2.0698,3.5245,1.962,1219.5,1.0,1.2056,1.5355,1.5939,31,17.2568,16,8.9067,1030.7202,津田沼,35.3152,False
千葉県茂原市,35.4394,140.2876,49.7507,448.1857,448.1857,202.5049,39742.3108,19761.9026,341.4912,724.0267,2.1202,4.5245,2.2895,1496.0,1.0,1.2018,1.5287,1.5906,37,18.7229,19,9.6145,1106.8263,津田沼,36.5852,False
千葉県茂原市,35.4394,140.3097,52.9231,448.1857,448.1857,221.5845,44198.5311,21865.6998,371.6774,792.2431,2.1315,4.5245,2.0692,1679.7,1.0,1.2086,1.5664,1.6143,47,21.4949,19,8.6894,1240.9653,津田沼,37.9183,False
千葉県茂原市,35.4394,140.3319,55.1034,448.1857,448.1857,231.7821,46063.213,22878.1918,389.4112,828.7034,2.1281,4.8745,2.1306,1743.2,1.0,1.2116,1.5902,1.6319,52,22.7291,20,8.7419,1317.7722,津田沼,39.3081,False
千葉県白子町,35.4394,140.354,51.9576,448.1857,448.1857,194.537,44607.8559,22193.6748,377.5266,800.7406,2.121,6.2245,2.8046,1657.8,1.0,1.2106,1.586,1.6248,52,23.4301,18,8.1104,1269.9624,津田沼,40.7488,False
千葉県白子町,35.4394,140.3761,46.8647,448.1857,448.1857,142.0159,37660.9154,18836.2657,326.4038,688.7492,2.1101,6.2245,3.3045,1389.6,1.0,1.2106,1.586,1.6248,42,22.2974,17,9.0251,1092.3456,津田沼,42.2352,False
神奈川県清川村,35.4574,139.292,39.5968,258.4535,258.4535,160.4448,85469.9705,41682.9365,963.2792,1400.3747,1.4538,24.7892,5.9471,3165.6,1.0,1.262,1.7117,1.7319,65,15.5939,51,12.2352,2397.078,府中,28.8231,False
神奈川県清川村,35.4574,139.3142,43.7347,260.9661,260.9661,199.5919,109869.9726,53426.8267,1208.316,1767.5922,1.4629,32.2392,6.0343,4282.4,1.0,1.2699,1.7035,1.7269,91,17.0326,61,11.4175,3011.1531,府中,27.723,False
神奈川県厚木市,35.4574,139.3363,52.0849,259.9644,259.9644,330.2287,151626.1758,74882.6163,1690.4375,2466.7412,1.4592,38.1132,5.0897,5814.1,1.0,1.257,1.6772,1.6885,119,15.8915,84,11.2176,4137.2677,府中,26.7278,False
神奈川県厚木市,35.4574,139.3584,59.7029,259.3017,259.3017,450.3433,181649.5734,90228.4819,2034.5344,2963.976,1.4568,40.4632,4.4845,6853.2,1.0,1.2524,1.6761,1.6727,143,15.8487,99,10.9721,4967.843,府中,25.8493,False
神奈川県海老名市,35.4574,139.3805,58.0584,257.4246,257.4246,530.3655,226836.0188,114105.5672,2589.1919,3754.3879,1.45,55.0372,4.8234,8205.6,1.0,1.2188,1.5877,1.5676,195,17.0894,134,11.7435,5960.7809,府中,25.1001,False
神奈川県海老名市,35.4574,139.4027,63.7666,258.0444,258.0444,675.2698,274429.5482,140605.5174,3201.7891,4649.8736,1.4523,65.9708,4.6919,10415.5,1.0,1.2188,1.5877,1.5676,230,16.3578,161,11.4505,7382.529,府中,24.4918,False
神奈川県綾瀬市,35.4574,139.4248,62.8488,257.9541,257.9541,713.4139,307170.8837,161206.5159,3681.2865,5345.0281,1.4519,82.2956,5.105,12877.2,1.0,1.2073,1.5468,1.5232,262,16.2524,187,11.6,8267.83,調布,23.7675,False
神奈川県綾瀬市,35.4574,139.4469,63.2732,258.5568,258.5568,714.65,335822.8885,177829.5803,4041.3757,5876.6951,1.4541,99.639,5.6031,15282.3,1.0,1.2073,1.5468,1.5232,290,16.3077,207,11.6404,9090.2266,調布,22.9452,False
神奈川県横浜市瀬谷区,35.4574,139.469,62.9072,259.821,259.821,903.6995,368237.6785,196419.2465,4413.2147,6437.6148,1.4587,95.339,4.8539,17453.9,1.0,1.1894,1.4867,1.4533,301,15.3244,206,10.4878,9570.6935,調布,22.2729,False
神奈川県横浜市瀬谷区,35.4574,139.4912,61.634,259.1127,259.1127,934.9906,396312.2365,213353.4972,4880.0878,7106.1289,1.4561,110.487,5.1786,18537.3,1.0,1.1798,1.4622,1.4378,327,15.3267,218,10.2178,10390.7525,調布,21.7645,False
神奈川県横浜市瀬谷区,35.4574,139.5133,62.504,262.6588,262.6588,1065.3792,418197.5142,224825.5371,5131.7747,7538.4111,1.469,108.3944,4.8213,20181.3,1.0,1.1715,1.4364,1.4176,347,15.4342,213,9.474,10827.809,調布,21.4317,False
神奈川県横浜市旭区,35.4574,139.5354,61.1565,259.1708,259.1708,1156.718,465782.4856,249604.5634,5954.2149,8671.4703,1.4564,127.498,5.108,20513.6,1.0,1.1708,1.4216,1.4011,405,16.2257,246,9.8556,12327.6755,調布,21.2826,False
神奈川県横浜市旭区,35.4574,139.5575,59.3316,257.4124,257.4124,1063.9046,484402.4903,256974.3008,6283.1671,9110.4595,1.45,149.9384,5.8348,20270.0,1.0,1.1666,1.3951,1.3763,456,17.745,274,10.6625,12709.6446,調布,21.3212,False
神奈川県横浜市保土ケ谷区,35.4574,139.5796,56.7851,254.6621,254.6621,988.1437,477563.121,250160.4557,6284.9234,9050.0976,1.44,156.1124,6.2405,18477.2,1.0,1.1617,1.3765,1.3547,457,18.2683,268,10.7131,12457.5174,調布,21.5465,False
神奈川県横浜市保土ケ谷区,35.4574,139.6018,54.8117,250.637,250.637,979.2001,445188.5914,230629.1701,5986.282,8531.9566,1.4253,136.9232,5.9369,14901.4,1.0,1.1616,1.3713,1.356,422,18.2978,245,10.6231,11700.1383,調布,21.9527,False
神奈川県横浜市西区,35.4574,139.6239,53.2308,249.2348,249.2348,787.8701,394088.2959,202757.6236,5342.0836,7586.317,1.4201,133.0268,6.5609,12412.5,1.0,1.1638,1.3832,1.3717,404,19.9253,230,11.3436,10493.4748,三軒茶屋,22.0746,False
神奈川県横浜市中区,35.4574,139.646,49.6021,248.0518,248.0518,629.8235,336657.894,170595.8993,4565.8811,6464.1643,1.4158,119.302,6.9933,9935.7,1.0,1.1661,1.3993,1.4001,347,20.3405,198,11.6064,9045.1002,三軒茶屋,21.7723,False
千葉県袖ケ浦市,35.4574,139.9779,53.7029,448.1857,448.1857,116.0114,38021.2844,18678.7804,268.8658,615.2765,2.2884,6.75,3.6137,1704.1,1.0,1.2793,1.8754,2.0396,31,16.5964,14,7.4951,1153.8779,津田沼,26.1083,True
千葉県袖ケ浦市,35.4574,140.0,53.9788,448.1857,448.1857,122.5734,37350.4538,17817.8965,249.8842,580.5266,2.3232,5.75,3.2271,1687.3,1.0,1.2793,1.8754,2.0396,28,15.7145,15,8.4185,1088.7087,津田沼,25.8619,True
千葉県袖ケ浦市,35.4574,140.0221,54.2122,448.1857,448.1857,126.4226,39327.5338,18296.6559,259.5116,596.7795,2.2996,5.885,3.2164,1690.8,1.0,1.2793,1.8754,2.0396,28,15.3033,16,8.7448,1119.189,津田沼,25.7689,True
千葉県市原市,35.4574,140.0442,47.8674,448.1857,448.1857,134.8269,47182.6499,21885.6838,327.339,728.254,2.2248,8.0548,3.6804,1852.4,1.0,1.2326,1.6122,1.6654,43,19.6475,20,9.1384,1174.0836,津田沼,25.8311,True
千葉県市原市,35.4574,140.0664,51.4536,448.1857,448.1857,175.008,53977.1999,24862.6637,382.001,832.1024,2.1783,8.0547,3.2397,1952.9,1.0,1.2326,1.6122,1.6654,52,20.9149,22,8.8486,1341.5071,津田沼,26.0473,True
千葉県市原市,35.4574,140.0885,54.9337,448.1857,448.1857,215.9283,55813.8419,25899.4404,390.5199,863.2076,2.2104,7.0548,2.7239,2144.4,1.0,1.2326,1.6122,1.6654,57,22.0082,22,8.4944,1391.6545,津田沼,26.4137,True
千葉県市原市,35.4574,140.1106,49.9257,448.1857,448.1857,158.3064,53954.6948,25482.1543,363.7714,830.1275,2.282,9.1047,3.573,2294.1,1.0,1.2326,1.6122,1.6654,60,23.5459,25,9.8108,1338.3232,津田沼,26.9242,True
千葉県市原市,35.4574,140.1327,52.6844,448.1857,448.1857,187.0833,47618.066,22611.109,321.4344,735.231,2.2873,6.0547,2.6778,2045.2,1.0,1.2326,1.6122,1.6654,50,22.113,15,6.6339,1185.332,津田沼,27.5709,True
千葉県市原市,35.4574,140.1549,50.3873,448.1857,448.1857,171.1455,37674.5781,18083.4633,269.8187,611.906,2.2678,4.2198,2.3335,1650.2,1.0,1.2303,1.5987,1.6546,37,20.4607,9,4.9769,978.2366,津田沼,28.3443,True
千葉県長柄町,35.4574,140.2434,44.5889,448.1857,448.1857,144.4434,34056.8193,16847.257,282.6846,613.3565,2.1698,4.8745,2.8933,1403.6,1.0,1.2056,1.5355,1.5939,35,20.7749,18,10.6842,941.782,津田沼,32.5032,False
千葉県茂原市,35.4574,140.2655,46.8382,448.1857,448.1857,145.8398,41124.7295,20188.584,336.8007,728.8291,2.164,6.8745,3.4051,1651.8,1.0,1.2182,1.5771,1.6211,42,20.8038,21,10.4019,1149.4325,津田沼,33.76,False
千葉県茂原市,35.4574,140.2876,48.4244,448.1857,448.1857,160.7652,46357.1451,22664.826,376.563,819.7415,2.1769,7.8745,3.4743,1903.6,1.0,1.2183,1.5776,1.6462,51,22.5018,21,9.2655,1293.1847,津田沼,35.086,False
千葉県茂原市,35.4574,140.3097,54.5464,448.1857,448.1857,222.2221,49185.9757,24077.7911,422.1614,883.7558,2.0934,6.5245,2.7098,1713.0,1.0,1.221,1.5953,1.661,55,22.8426,21,8.7217,1409.8593,津田沼,36.4737,False
千葉県白子町,35.4574,140.3319,54.1432,448.1857,448.1857,217.4581,50159.6028,24524.7505,430.4513,894.595,2.0783,6.8745,2.8031,1664.4,1.0,1.221,1.5953,1.661,60,24.4651,20,8.155,1427.1512,津田沼,37.9162,False
千葉県白子町,35.4574,140.354,51.2997,448.1857,448.1857,182.0613,47289.7257,23376.9238,414.541,860.0472,2.0747,7.5245,3.2188,1584.0,1.0,1.221,1.5953,1.661,56,23.9552,18,7.6999,1372.0368,津田沼,39.4075,False
千葉県白子町,35.4574,140.3761,41.6605,445.5519,445.5519,167.2993,37394.4116,18442.5186,333.5385,688.9006,2.0654,5.1745,2.8057,1236.0,1.0,1.2116,1.5902,1.6319,41,22.2312,16,8.6756,1095.4632,津田沼,40.9423,False
神奈川県清川村,35.4754,139.2699,45.1565,267.3506,267.3506,185.6808,47632.9524,23150.5375,504.2684,749.2597,1.4858,6.3652,2.7495,2104.9,1.0,1.3069,1.7995,1.8886,37,15.9824,15,6.4793,1348.2947,府中,28.4658,False
神奈川県清川村,35.4754,139.292,42.6048,257.7422,257.7422,184.5683,77347.4918,37076.386,854.7323,1240.3675,1.4512,16.9776,4.5791,2735.4,1.0,1.2867,1.7645,1.7968,57,15.3737,39,10.5188,2188.643,府中,27.2048,False
神奈川県清川村,35.4754,139.3142,46.0477,266.8527,266.8527,208.7322,104793.8195,50617.6633,1104.2398,1638.7474,1.4841,27.0776,5.3494,4557.7,1.0,1.2833,1.725,1.7498,80,15.8048,55,10.8658,2826.8235,府中,26.0368,False
神奈川県厚木市,35.4754,139.3363,53.7507,264.2617,264.2617,329.789,150305.5715,74345.2972,1631.2265,2405.6383,1.4747,36.9516,4.9703,6316.8,1.0,1.2686,1.698,1.714,129,17.3515,83,11.1641,4084.882,府中,24.9746,False
神奈川県厚木市,35.4754,139.3584,57.6976,262.1293,262.1293,468.4961,196690.1303,98026.1103,2170.7141,3184.5623,1.4671,45.4016,4.6316,7943.3,1.0,1.2254,1.6042,1.5947,171,17.4443,110,11.2215,5108.599,府中,24.0325,False
神奈川県座間市,35.4754,139.3805,60.2334,257.5966,257.5966,573.5246,248205.1379,124802.6297,2853.4908,4139.4101,1.4506,61.3756,4.9178,9112.5,1.0,1.2222,1.5954,1.579,216,17.3073,144,11.5382,6603.8397,府中,23.2248,False
神奈川県座間市,35.4754,139.4027,60.3077,254.6894,254.6894,626.1892,285761.2197,146888.107,3378.0068,4864.5628,1.4401,77.7518,5.2933,11100.2,1.0,1.2188,1.5877,1.5676,249,16.9517,170,11.5734,7723.3877,府中,22.5662,False
神奈川県座間市,35.4754,139.4248,59.618,247.8803,247.8803,743.9495,326323.815,171245.1846,4047.8081,5728.146,1.4151,89.841,5.2463,13270.4,1.0,1.2113,1.5595,1.5352,290,16.9348,198,11.5624,8933.1353,調布,21.991,False
神奈川県大和市,35.4754,139.4469,57.1989,248.0188,248.0188,847.2468,358703.6259,190372.9443,4497.0332,6366.1477,1.4156,97.467,5.1198,15917.1,1.0,1.1861,1.49,1.4586,307,16.1262,219,11.5037,9485.4452,調布,21.0997,False
神奈川県大和市,35.4754,139.469,57.3687,248.3959,248.3959,939.8589,394017.176,210725.1686,5006.3377,7094.0816,1.417,108.3766,5.143,17391.6,1.0,1.1837,1.4815,1.4556,336,15.9449,240,11.3892,10509.6605,調布,20.3668,False
神奈川県横浜市瀬谷区,35.4754,139.4912,59.2679,252.895,252.895,979.4061,410686.0343,220726.1554,5140.728,7369.3278,1.4335,113.163,5.1269,19344.0,1.0,1.182,1.4761,1.4468,350,15.8568,239,10.8279,10878.0171,調布,19.8096,False
神奈川県横浜市瀬谷区,35.4754,139.5133,59.4058,255.7666,255.7666,1078.919,416650.5076,224024.8471,5249.2163,7579.8359,1.444,107.239,4.7869,19766.6,1.0,1.167,1.429,1.4053,337,15.043,218,9.7311,10831.7667,調布,19.4434,False
神奈川県横浜市旭区,35.4754,139.5354,60.5411,258.4032,258.4032,991.1002,434590.0684,232569.3255,5531.2787,8040.1309,1.4536,128.5534,5.5275,20253.7,1.0,1.1657,1.4247,1.4029,377,16.2102,246,10.5775,11455.1626,調布,19.2791,False
神奈川県横浜市旭区,35.4754,139.5575,60.6472,260.2379,260.2379,979.1624,454556.3616,240589.479,5813.2322,8488.612,1.4602,142.1164,5.907,20690.8,1.0,1.167,1.4038,1.397,407,16.9168,259,10.7652,11916.2583,調布,19.3217,False
神奈川県横浜市保土ケ谷区,35.4754,139.5796,58.9178,256.1647,256.1647,980.3668,467937.8172,244787.2079,6124.7117,8852.9205,1.4454,150.6164,6.153,18998.0,1.0,1.1677,1.4076,1.4074,436,17.8114,269,10.9891,12461.4446,調布,19.5699,False
神奈川県横浜市保土ケ谷区,35.4754,139.6018,55.9257,252.5969,252.5969,863.845,449874.1528,232811.1177,5974.3127,8557.776,1.4324,157.15,6.7501,16217.3,1.0,1.1612,1.3909,1.386,435,18.6847,261,11.2108,11903.0307,調布,20.0162,False
神奈川県横浜市神奈川区,35.4754,139.6239,54.3024,250.4581,250.4581,812.8445,414725.7385,211730.6314,5528.1437,7875.3669,1.4246,139.776,6.6016,13628.7,1.0,1.16,1.388,1.3834,408,19.2698,234,11.0518,10930.621,三軒茶屋,20.1125,False
神奈川県横浜市神奈川区,35.4754,139.646,50.939,249.3844,249.3844,662.6208,373778.43,188724.1257,5013.1933,7122.0139,1.4207,138.2136,7.3236,11730.6,1.0,1.164,1.395,1.3989,391,20.7181,213,11.2863,9935.0321,三軒茶屋,19.7803,False
千葉県袖ケ浦市,35.4754,140.0221,53.0027,448.1857,448.1857,96.9036,39243.9203,18033.2767,271.914,598.1845,2.1999,7.585,4.2061,1461.1,1.0,1.2793,1.8754,2.0396,29,16.0814,20,11.0906,1121.8239,津田沼,23.7646,True
千葉県市原市,35.4754,140.0442,49.7772,448.1857,448.1857,156.7326,50775.8302,23042.5432,370.0771,787.1274,2.1269,7.885,3.4219,1659.7,1.0,1.2326,1.6122,1.6654,48,20.831,22,9.5476,1268.9988,津田沼,23.832,False
千葉県市原市,35.4754,140.0664,53.2997,448.1857,448.1857,193.2761,57610.4734,26612.7208,417.6432,895.8352,2.145,8.4048,3.1582,1965.0,1.0,1.2326,1.6122,1.6654,56,21.0426,24,9.0182,1444.2563,津田沼,24.0661,False
千葉県市原市,35.4754,140.0885,54.1273,448.1857,448.1857,204.2644,61080.8563,29006.9963,423.4638,946.1301,2.2343,9.1548,3.156,2439.4,1.0,1.2326,1.6122,1.6654,59,20.3399,24,8.2739,1525.3414,津田沼,24.4621,True
千葉県市原市,35.4754,140.1106,56.992,448.1857,448.1857,240.0031,65053.9757,31339.6236,469.9845,1028.9257,2.1893,9.1548,2.9211,2456.4,1.0,1.2326,1.6122,1.6654,62,19.7833,26,8.2962,1658.8236,津田沼,25.0124,True
千葉県市原市,35.4754,140.1327,60.4085,448.1857,448.1857,281.1353,63257.9132,30239.0605,464.8135,1005.1585,2.1625,6.8047,2.2503,2281.6,1.0,1.2326,1.6122,1.6654,59,19.5112,24,7.9368,1620.5063,津田沼,25.707,False
千葉県市原市,35.4754,140.177,50.2387,448.1857,448.1857,169.3505,41807.862,19906.6282,279.11,653.6117,2.3418,5.235,2.6298,1939.8,1.0,1.2303,1.5987,1.6546,37,18.5868,12,6.0281,1044.9103,津田沼,27.4832,True
千葉県長柄町,35.4754,140.1991,46.4191,448.1857,448.1857,124.8742,34190.2522,16338.9834,195.8867,514.2823,2.6254,4.585,2.8062,1941.0,1.0,1.2303,1.5987,1.6546,34,20.8091,11,6.7324,822.1685,津田沼,28.5407,True
千葉県長柄町,35.4754,140.2434,45.6923,448.1857,448.1857,129.1418,42311.9306,20589.2687,343.8342,740.5013,2.1537,8.0442,3.907,1646.2,1.0,1.2182,1.5771,1.6211,44,21.3704,17,8.2567,1167.8407,津田沼,30.9368,False
千葉県茂原市,35.4754,140.2876,49.0716,448.1857,448.1857,164.2028,53887.7442,26293.1506,452.4736,952.6768,2.1055,10.3942,3.9532,1903.6,1.0,1.2266,1.5869,1.6566,63,23.9606,27,10.2688,1511.7836,津田沼,33.6396,False
千葉県茂原市,35.4754,140.3097,42.3767,445.173,445.173,165.5195,54962.7997,26685.7279,473.7928,978.0493,2.0643,10.7442,4.0262,1747.8,1.0,1.2257,1.6072,1.6707,68,25.4818,27,10.1178,1571.9635,津田沼,35.0841,False
千葉県白子町,35.4754,140.3319,48.6472,448.1857,448.1857,155.1985,51286.3903,24854.7961,438.3977,909.4953,2.0746,9.9245,3.993,1675.3,1.0,1.221,1.5953,1.661,60,24.1402,25,10.0584,1450.9216,津田沼,36.5811,False
千葉県白子町,35.4754,140.354,39.4695,432.3071,432.3071,152.6643,44629.0689,21622.5853,402.8173,815.9569,2.0256,7.8745,3.6418,1282.1,1.0,1.221,1.5953,1.661,49,22.6615,15,6.9372,1301.6995,津田沼,38.1244,False
千葉県白子町,35.4754,140.3761,40.435,445.7099,445.7099,158.8486,36636.9995,17480.5002,314.3698,649.4574,2.0659,4.8698,2.7858,1167.4,1.0,1.2186,1.5782,1.6811,40,22.8826,9,5.1486,1024.9635,津田沼,39.7084,False
神奈川県清川村,35.4935,139.2699,44.6684,262.3078,262.3078,186.3365,43141.5486,20510.4223,455.6049,668.6919,1.4677,5.0152,2.4452,1672.7,1.0,1.3069,1.7995,1.8886,30,14.6267,12,5.8507,1203.3128,府中,26.975,False
神奈川県清川村,35.4935,139.3142,47.6127,264.899,264.899,223.2018,100102.6007,48202.3969,1059.5015,1564.9203,1.477,23.0276,4.7773,4169.9,1.0,1.2867,1.7645,1.7968,76,15.7669,45,9.3356,2761.3203,府中,24.3987,False
神奈川県愛川町,35.4935,139.3363,50.9443,261.6419,261.6419,368.8346,160306.3115,79617.0172,1777.1793,2604.0966,1.4653,38.3016,4.8107,6418.7,1.0,1.2257,1.5973,1.5975,143,17.961,90,11.3041,4159.6308,府中,23.2622,False
神奈川県座間市,35.4935,139.3584,61.2361,258.9473,258.9473,581.7468,225786.9935,114260.5985,2571.4391,3742.8544,1.4555,50.09,4.3838,8571.3,1.0,1.2257,1.5973,1.5975,201,17.5914,126,11.0274,5978.6156,府中,22.2478,False
神奈川県座間市,35.4935,139.3805,59.0557,254.2295,254.2295,658.089,274388.4875,140228.3367,3248.2841,4672.3049,1.4384,67.8372,4.8376,9802.5,1.0,1.2051,1.5441,1.5224,247,17.6141,163,11.6239,7214.3303,府中,21.373,False
神奈川県座間市,35.4935,139.4027,56.6897,238.4832,238.4832,703.7831,315672.2399,163674.9017,3984.4236,5499.6654,1.3803,87.1495,5.3246,11686.4,1.0,1.2024,1.5377,1.5134,290,17.718,193,11.7917,8456.8628,府中,20.6556,False
神奈川県座間市,35.4935,139.4248,57.6552,234.3304,234.3304,803.4182,346323.6553,182151.9976,4490.3715,6128.2062,1.3647,94.6697,5.1973,13779.3,1.0,1.1985,1.5226,1.4957,309,16.9639,206,11.3092,9330.6986,府中,20.1124,False
神奈川県大和市,35.4935,139.4469,56.7427,235.8456,235.8456,865.4399,374354.29,200109.6332,4933.7389,6761.3316,1.3704,106.5244,5.3233,16223.7,1.0,1.1868,1.4927,1.4598,315,15.7414,228,11.3938,10092.6959,調布,19.286,False
神奈川県大和市,35.4935,139.469,56.0637,239.1068,239.1068,991.7714,412279.5443,221625.1402,5447.077,7531.2257,1.3826,114.6724,5.1742,18183.1,1.0,1.1731,1.4592,1.4284,362,16.3339,251,11.3254,10989.7368,調布,18.4814,False
神奈川県大和市,35.4935,139.4912,56.6897,246.1377,246.1377,946.9464,419813.3634,225339.9369,5366.8532,7560.2834,1.4087,122.5847,5.44,20132.5,1.0,1.1805,1.4743,1.4612,369,16.3753,257,11.405,11146.2713,調布,17.8657,False
神奈川県横浜市緑区,35.4935,139.5133,60.5305,252.5916,252.5916,1029.5896,409899.0962,219494.5223,5126.964,7343.9088,1.4324,106.6774,4.8601,20717.3,1.0,1.1959,1.5001,1.5102,334,15.2168,221,10.0686,11016.9279,調布,17.4589,False
神奈川県横浜市緑区,35.4935,139.5354,61.6499,260.0084,260.0084,795.7979,410938.5166,219052.9074,5086.0696,7422.5681,1.4594,139.215,6.3553,21552.8,1.0,1.1874,1.4786,1.4855,355,16.2061,253,11.5497,10975.3028,調布,17.2757,False
神奈川県横浜市旭区,35.4935,139.5575,61.0928,261.438,261.438,805.9008,430942.8123,228293.9266,5464.5306,8003.1398,1.4646,154.4752,6.7665,20739.4,1.0,1.18,1.4508,1.4673,385,16.8642,263,11.5202,11610.8946,調布,17.3232,False
神奈川県横浜市旭区,35.4935,139.5796,60.1485,258.561,258.561,815.7676,449965.8468,235843.1889,5826.0626,8471.9552,1.4541,166.8884,7.0762,19510.6,1.0,1.1774,1.4359,1.4458,446,18.9109,285,12.0843,12164.7132,調布,17.5996,False
神奈川県横浜市神奈川区,35.4935,139.6018,57.6127,256.1532,256.1532,776.8344,445234.4874,230442.5427,5766.7608,8335.2818,1.4454,168.4768,7.311,17867.9,1.0,1.1701,1.4187,1.4248,435,18.8767,257,11.1525,11825.2031,調布,18.0944,False
神奈川県横浜市神奈川区,35.4935,139.6239,55.2785,251.9546,251.9546,778.7255,441272.8226,225592.9182,5842.5524,8355.3082,1.4301,164.926,7.3108,15428.2,1.0,1.1673,1.4076,1.412,466,20.6567,257,11.3922,11760.5717,三軒茶屋,18.1596,False
神奈川県横浜市神奈川区,35.4935,139.646,53.2308,250.3915,250.3915,724.4611,407546.3526,206418.077,5423.1665,7724.4922,1.4244,149.9644,7.2651,13656.3,1.0,1.1609,1.3921,1.3957,439,21.2675,227,10.9971,10752.8815,三軒茶屋,17.7911,False
神奈川県横浜市鶴見区,35.4935,139.6681,48.8064,244.4168,244.4168,622.3056,365598.252,183640.6272,4921.3037,6901.3437,1.4023,138.7664,7.5564,11925.9,1.0,1.1589,1.4006,1.4114,387,21.0738,206,11.2176,9666.2825,三軒茶屋,17.6433,False
神奈川県横浜市鶴見区,35.4935,139.6903,39.4377,232.4,232.4,442.8623,310095.3366,154387.5766,4266.6336,5791.8823,1.3575,137.578,8.9112,9631.4,1.0,1.155,1.388,1.3846,344,22.2816,175,11.3351,8039.1907,三軒茶屋,17.7216,False
千葉県市原市,35.4935,140.0442,48.1008,448.1857,448.1857,138.0732,48929.6164,22141.0252,359.823,753.6845,2.0946,8.235,3.7193,1464.1,1.0,1.2326,1.6122,1.6654,44,19.8726,23,10.388,1215.0825,津田沼,21.8338,False
千葉県市原市,35.4935,140.0664,53.5756,448.1857,448.1857,196.3658,57245.2708,26964.8017,406.1093,885.4736,2.1804,8.285,3.0725,2083.6,1.0,1.2326,1.6122,1.6654,55,20.397,24,8.9005,1427.5515,津田沼,22.089,True
千葉県市原市,35.4935,140.0885,54.9125,448.1857,448.1857,215.8984,64789.5674,31126.4258,462.547,1016.4419,2.1975,9.985,3.2079,2463.5,1.0,1.2326,1.6122,1.6654,58,18.6337,26,8.353,1638.6973,津田沼,22.5198,True
千葉県市原市,35.4935,140.1106,59.0716,448.1857,448.1857,262.439,70945.0348,34205.066,491.2143,1104.0503,2.2476,9.8048,2.8665,2901.7,1.0,1.2326,1.6122,1.6654,66,19.2954,30,8.7706,1779.9386,津田沼,23.1162,True
千葉県市原市,35.4935,140.1327,59.5385,448.1857,448.1857,270.911,71855.9706,34274.2145,501.8833,1118.2509,2.2281,9.6397,2.8125,2854.3,1.0,1.2326,1.6122,1.6654,70,20.4235,32,9.3365,1802.8328,津田沼,23.8659,True
千葉県市原市,35.4935,140.1549,54.695,448.1857,448.1857,198.0627,68879.8536,33018.6871,505.1448,1097.8015,2.1732,12.47,3.7766,2544.2,1.0,1.235,1.6228,1.6915,68,20.5944,28,8.48,1781.461,津田沼,24.7549,False
千葉県市原市,35.4935,140.177,54.2069,448.1857,448.1857,192.9878,64570.9619,31353.0361,426.2785,1004.5449,2.3565,11.12,3.5467,3029.4,1.0,1.235,1.6228,1.6915,71,22.6453,28,8.9306,1630.1285,津田沼,25.7689,True
千葉県大網白里市,35.4935,140.2876,40.6897,447.8311,447.8311,141.7818,51409.9392,24695.0495,436.8794,905.3178,2.0722,10.7442,4.3508,1656.7,1.0,1.2305,1.6089,1.6752,62,25.1062,22,8.9087,1456.5414,津田沼,32.2529,False
千葉県大網白里市,35.4935,140.3097,48.4138,448.1857,448.1857,146.0318,52498.3374,25110.0885,437.0115,917.0427,2.0984,10.7442,4.2789,1802.5,1.0,1.2257,1.6072,1.6707,61,24.293,21,8.3632,1473.9111,津田沼,33.7565,False
千葉県大網白里市,35.4935,140.3319,50.0477,448.1857,448.1857,162.9532,51807.949,24836.6737,427.5379,904.5778,2.1158,9.3942,3.7824,1854.9,1.0,1.2257,1.6072,1.6707,64,25.7683,20,8.0526,1453.877,津田沼,35.3095,False
千葉県大網白里市,35.4935,140.354,54.6844,448.1857,448.1857,214.8345,45975.0849,21928.6958,378.0281,800.8319,2.1184,5.5698,2.5399,1652.8,1.0,1.2345,1.6119,1.75,50,22.8012,16,7.2964,1290.8523,津田沼,36.9056,False
千葉県白子町,35.4935,140.3761,45.8196,448.1857,448.1857,128.7594,40205.2283,19133.3209,324.6932,696.7622,2.1459,7.0548,3.6872,1527.4,1.0,1.2254,1.5805,1.7069,48,25.0871,13,6.7944,1101.203,津田沼,38.5394,False
千葉県白子町,35.4935,140.3982,45.7347,448.1857,448.1857,128.4409,30990.2415,14824.6336,239.5928,532.1442,2.221,4.185,2.823,1334.8,1.0,1.2254,1.5805,1.7069,34,22.9348,8,5.3964,841.0312,津田沼,40.2064,True
神奈川県愛川町,35.5115,139.292,47.7029,266.0521,266.0521,220.1986,68793.649,32683.1219,707.6802,1048.2,1.4812,10.6008,3.2435,2861.9,1.0,1.3069,1.7995,1.8886,49,14.9924,23,7.0373,1886.2385,府中,24.1428,False
神奈川県愛川町,35.5115,139.3142,59.6711,277.723,277.723,373.1572,107266.3636,52655.5514,1048.4859,1596.5889,1.5228,15.3508,2.9153,5365.5,1.0,1.3069,1.7995,1.8886,86,16.3326,35,6.647,2873.0657,府中,22.8192,False
神奈川県愛川町,35.5115,139.3363,58.1538,265.6122,265.6122,469.8564,172205.2016,86530.0159,1860.9181,2753.4101,1.4796,34.5508,3.9929,7443.2,1.0,1.2222,1.6018,1.5968,162,18.7218,92,10.6321,4410.4047,府中,21.6,False
神奈川県愛川町,35.5115,139.3584,59.9682,257.7837,257.7837,543.8061,247487.5369,125924.3502,2857.4694,4147.1232,1.4513,65.4332,5.1962,9471.0,1.0,1.2286,1.608,1.6048,240,19.0591,151,11.9913,6668.5159,府中,20.5038,False
神奈川県相模原市南区,35.5115,139.3805,58.5252,237.294,237.294,743.8448,304605.8255,156561.0634,3877.6761,5335.0961,1.3758,76.5119,4.887,10258.2,1.0,1.2091,1.5519,1.5352,294,18.7786,187,11.9442,8279.6131,府中,19.5514,False
神奈川県相模原市南区,35.5115,139.4027,57.0928,223.6905,223.6905,779.4101,342751.4211,178942.8113,4550.3197,6026.6931,1.3245,94.2786,5.2686,12422.5,1.0,1.1993,1.5264,1.5051,314,17.5475,200,11.1768,9199.4346,府中,18.7646,False
神奈川県相模原市南区,35.5115,139.4248,56.1273,221.6375,221.6375,853.2477,364593.5344,192303.1198,4941.8246,6506.4241,1.3166,99.9169,5.1958,13985.8,1.0,1.1877,1.496,1.4697,327,17.0044,214,11.1283,9733.3726,府中,18.1651,False
神奈川県相模原市南区,35.5115,139.4469,55.3952,225.2713,225.2713,948.8332,388044.2705,207532.882,5290.6086,7039.0655,1.3305,104.9054,5.0549,16199.0,1.0,1.1754,1.4662,1.4332,328,15.8047,225,10.8417,10320.3396,調布,17.5139,False
神奈川県大和市,35.5115,139.469,56.1379,229.6662,229.6662,1001.012,420567.55,225772.9903,5705.514,7686.2635,1.3472,118.1228,5.2319,18317.8,1.0,1.1805,1.4743,1.4612,357,15.8123,250,11.0731,11332.006,調布,16.624,False
神奈川県大和市,35.5115,139.4912,56.0743,234.1115,234.1115,968.8053,426095.5213,228008.2914,5753.5474,7847.3859,1.3639,125.8418,5.5192,18880.9,1.0,1.1805,1.4743,1.4612,369,16.1836,258,11.3154,11569.552,調布,15.9368,False
神奈川県横浜市緑区,35.5115,139.5133,55.6127,243.6223,242.4419,782.0261,404104.1309,216400.6603,5273.356,7379.5297,1.3994,138.4657,6.3986,20118.1,0.9952,1.1878,1.4825,1.4808,355,16.4048,244,11.2754,10940.3259,調布,15.4795,False
神奈川県横浜市緑区,35.5115,139.5354,55.9629,253.8228,252.0893,707.1479,392868.1621,210016.5181,4954.5296,7119.1999,1.4369,143.0816,6.8129,20865.5,0.9932,1.1874,1.4786,1.4855,326,15.5226,231,10.9991,10526.7305,調布,15.2726,False
神奈川県横浜市緑区,35.5115,139.5575,57.5809,260.5803,258.811,670.3819,413831.2991,218684.9801,5183.1852,7575.0227,1.4615,167.2274,7.647,20475.2,0.9932,1.1815,1.4549,1.4716,375,17.148,256,11.7063,11020.954,調布,15.3263,False
神奈川県横浜市緑区,35.5115,139.5796,60.7639,263.6498,263.0121,746.1653,438634.4246,229689.7738,5446.841,8020.6867,1.4725,167.8232,7.3065,20919.8,0.9976,1.182,1.4576,1.4801,404,17.5889,266,11.5808,11690.642,調布,15.638,False
神奈川県横浜市港北区,35.5115,139.6018,60.5517,259.7955,259.7955,772.4076,449016.0392,232629.1162,5677.7399,8281.672,1.4586,169.95,7.3056,19696.5,1.0,1.182,1.4609,1.4834,435,18.6993,266,11.4345,12098.6012,調布,16.1927,False
神奈川県横浜市港北区,35.5115,139.6239,57.7188,256.9458,256.9458,740.6281,445761.3173,228714.4184,5697.5651,8251.6884,1.4483,173.6288,7.5915,18255.8,1.0,1.17,1.4306,1.4527,460,20.1124,261,11.4116,11804.6513,三軒茶屋,16.2193,False
神奈川県横浜市港北区,35.5115,139.646,50.8753,243.7805,243.5757,666.5668,425667.8789,216496.3261,5668.8839,7936.3542,1.4,175.4884,8.1058,16480.4,0.9992,1.1671,1.4204,1.4426,463,21.386,247,11.409,11272.8806,三軒茶屋,15.8058,False
神奈川県横浜市鶴見区,35.5115,139.6681,47.1936,227.51,226.4029,617.015,403777.2824,204393.4787,5633.7249,7543.5253,1.339,169.4388,8.2898,14731.5,0.9951,1.1559,1.3897,1.3906,430,21.0379,233,11.3996,10483.0612,三軒茶屋,15.6392,False
神奈川県横浜市鶴見区,35.5115,139.6903,45.5438,211.9044,211.4328,586.7114,369481.3347,186674.2899,5466.8028,6992.1636,1.279,151.2479,8.1022,12040.3,0.9978,1.1572,1.3923,1.3928,372,19.9278,200,10.7138,9735.0176,三軒茶屋,15.7274,False
神奈川県川崎市川崎区,35.5115,139.7124,43.7666,202.452,202.452,553.6935,313277.9772,158131.6188,4759.0408,5910.4138,1.2419,115.0145,7.2733,9889.6,1.0,1.1548,1.3892,1.3836,317,20.0466,157,9.9284,8210.7647,三軒茶屋,16.0663,False
神奈川県川崎市川崎区,35.5115,139.7345,37.6021,198.1259,198.1259,444.3561,245447.7634,124169.8003,3688.2718,4517.2303,1.2248,86.0088,6.9267,9151.0,1.0,1.1484,1.3764,1.361,254,20.4559,125,10.0669,6217.6839,三軒茶屋,16.6405,False
千葉県市原市,35.5115,140.0442,40.4721,428.4805,428.4805,155.4383,44932.9956,20807.0465,358.4667,721.9679,2.014,6.585,3.1648,1064.8,1.0,1.2326,1.6122,1.6654,40,19.2243,21,10.0927,1163.9493,津田沼,19.8369,False
千葉県市原市,35.5115,140.0664,50.7109,448.1857,448.1857,166.682,56958.1328,27311.0435,415.1996,894.3612,2.1541,9.985,3.656,1995.3,1.0,1.2326,1.6122,1.6654,50,18.3076,24,8.7877,1441.88,津田沼,20.1174,False
千葉県市原市,35.5115,140.0885,55.8249,448.1857,448.1857,225.4851,64943.2265,31534.7845,450.1355,1011.0999,2.2462,9.635,3.0554,2651.0,1.0,1.2326,1.6122,1.6654,62,19.6608,30,9.5133,1630.085,津田沼,20.5893,True
千葉県市原市,35.5115,140.1106,54.8276,448.1857,448.1857,214.7701,75945.0087,36710.1398,531.8195,1186.616,2.2312,13.82,3.7646,3040.9,1.0,1.2326,1.6122,1.6654,74,20.1579,39,10.6238,1913.0502,津田沼,21.2399,True
千葉県市原市,35.5115,140.1327,56.9655,448.1857,448.1857,227.9627,81587.7669,39561.7681,570.407,1282.8859,2.2491,15.17,3.8345,3375.8,1.0,1.235,1.6228,1.6915,80,20.2215,38,9.6052,2081.8072,津田沼,22.0533,True
千葉県市原市,35.5115,140.1549,56.6897,448.1857,448.1857,225.0201,80943.1788,40049.0543,561.8973,1290.9119,2.2974,15.655,3.909,3620.5,1.0,1.235,1.6228,1.6915,83,20.7246,40,9.9878,2094.8315,津田沼,23.0122,True
千葉県千葉市緑区,35.5115,140.177,59.2997,448.1857,448.1857,256.1548,76370.5258,37876.7548,509.7765,1202.9479,2.3598,12.12,3.1999,3631.8,1.0,1.235,1.6228,1.6915,80,21.1211,35,9.2405,1952.0876,津田沼,24.0994,True
千葉県千葉市緑区,35.5115,140.2212,48.7003,448.1857,448.1857,108.7281,52714.8953,25806.6667,287.9131,778.469,2.7038,12.5898,4.8785,3082.3,1.0,1.2411,1.6466,1.7503,58,22.4748,28,10.8499,1281.8201,津田沼,26.5937,True
千葉県大網白里市,35.5115,140.2434,47.4907,448.1857,448.1857,131.6226,49840.205,23905.193,364.4081,812.8849,2.2307,10.0595,4.2081,2076.6,1.0,1.2447,1.6081,1.7338,53,22.1709,26,10.8763,1307.2232,津田沼,27.9723,True
千葉県大網白里市,35.5115,140.2655,48.382,448.1857,448.1857,145.6897,48280.3253,23243.7353,348.1599,788.7623,2.2655,8.5745,3.689,2119.3,1.0,1.2447,1.6081,1.7338,51,21.9414,20,8.6045,1268.4309,津田沼,29.4224,True
千葉県大網白里市,35.5115,140.2876,51.0557,448.1857,448.1857,173.3329,46181.4253,22125.1431,355.067,774.8846,2.1824,6.7395,3.0461,1823.8,1.0,1.2447,1.6081,1.7338,49,22.1467,18,8.1355,1246.1138,津田沼,30.9339,True
千葉県大網白里市,35.5115,140.3097,51.1034,448.1857,448.1857,166.8035,48240.8052,22896.5919,390.0527,827.4878,2.1215,7.7395,3.3802,1720.3,1.0,1.2425,1.6148,1.7659,53,23.1475,17,7.4247,1336.2116,津田沼,32.4983,False
千葉県大網白里市,35.5115,140.3319,52.4138,448.1857,448.1857,186.1114,51277.9012,24107.8031,419.5178,876.8849,2.0902,7.7395,3.2104,1687.9,1.0,1.2345,1.6119,1.75,59,24.4734,20,8.2961,1413.4413,津田沼,34.1082,False
千葉県大網白里市,35.5115,140.354,50.7374,448.1857,448.1857,168.0894,47947.7988,22701.5512,384.5587,822.585,2.139,7.5697,3.3345,1778.4,1.0,1.2345,1.6119,1.75,55,24.2274,20,8.81,1325.916,津田沼,35.7576,False
千葉県大網白里市,35.5115,140.3761,47.1777,448.1857,448.1857,147.3032,42849.4651,20247.6031,362.6903,753.2422,2.0768,7.0548,3.4842,1398.3,1.0,1.2254,1.5805,1.7069,48,23.7065,13,6.4205,1190.4672,津田沼,37.4412,False
千葉県九十九里町,35.5115,140.3982,46.7321,448.1857,448.1857,142.4984,37433.9189,17744.9921,306.4586,652.3282,2.1286,5.535,3.1192,1378.2,1.0,1.2254,1.5805,1.7069,41,23.1051,10,5.6354,1030.9769,津田沼,39.1546,False
神奈川県愛川町,35.5295,139.2699,41.0822,264.1671,264.1671,146.6782,48910.0662,23089.0167,496.3204,731.7755,1.4744,7.8488,3.3994,1909.7,1.0,1.3069,1.7995,1.8886,36,15.5918,14,6.0635,1316.8319,府中,24.2171,False
神奈川県愛川町,35.5295,139.292,50.1857,278.6718,278.6718,242.1425,81879.1515,39743.2413,786.5826,1200.4112,1.5261,13.4248,3.3779,4093.9,1.0,1.3069,1.7995,1.8886,66,16.6066,27,6.7936,2160.1429,府中,22.7226,False
神奈川県愛川町,35.5295,139.3142,54.5836,266.7823,266.7823,334.7245,124752.1664,61588.9853,1315.5515,1952.0122,1.4838,24.4728,3.9736,5410.2,1.0,1.2581,1.7046,1.7167,114,18.5098,62,10.0667,3327.4102,府中,21.3112,False
神奈川県愛川町,35.5295,139.3363,58.1008,262.593,262.593,479.3751,181963.3175,91593.0255,2013.9142,2957.8966,1.4687,38.5084,4.2043,7498.1,1.0,1.2185,1.5991,1.5951,177,19.3246,104,11.3546,4729.9981,府中,20.0006,False
神奈川県愛川町,35.5295,139.3584,53.2679,245.0351,245.0351,592.53,249020.6542,127204.9288,2976.1378,4180.364,1.4046,61.1496,4.8072,9825.7,1.0,1.2,1.5381,1.5232,252,19.8106,155,12.1851,6429.9131,府中,18.8117,False
神奈川県相模原市南区,35.5295,139.3805,56.6684,224.0877,224.0877,821.5713,313974.7425,162050.5758,4097.4416,5433.0885,1.326,73.0193,4.506,11462.3,1.0,1.1891,1.507,1.486,289,17.8339,178,10.9842,8187.8553,府中,17.7691,False
神奈川県相模原市南区,35.5295,139.4027,57.0822,215.1994,215.1994,874.134,349472.6754,181467.9602,4718.9775,6096.0335,1.2918,86.2293,4.7518,13153.7,1.0,1.1924,1.5153,1.4911,314,17.3033,195,10.7457,9237.4715,府中,16.8998,False
神奈川県相模原市南区,35.5295,139.4248,56.5942,214.9905,214.9905,861.349,364471.5515,191127.6659,5033.9454,6498.8414,1.291,98.2576,5.1409,14119.0,1.0,1.189,1.5075,1.4802,334,17.4752,213,11.1444,9797.0211,府中,16.2317,False
東京都町田市,35.5295,139.4469,55.1724,216.5963,216.0778,875.6059,388167.4055,206627.3974,5436.5443,7052.3585,1.2972,113.1249,5.4748,16143.8,0.9976,1.1777,1.4788,1.4484,346,16.7451,232,11.2279,10428.6882,府中,15.7903,False
東京都町田市,35.5295,139.469,56.4244,221.0188,217.5828,894.9261,412979.377,220508.0501,5741.5934,7545.7876,1.3142,124.7161,5.6559,17844.0,0.9845,1.1888,1.4988,1.49,369,16.7341,239,10.8386,11309.8396,調布,14.8049,False
神奈川県横浜市緑区,35.5295,139.4912,54.9072,225.973,219.9839,842.1763,429940.0337,229833.0688,5956.8897,7941.4517,1.3332,143.7571,6.2549,18966.5,0.9735,1.1825,1.4756,1.4706,374,16.2727,256,11.1385,11718.4748,調布,14.0291,False
神奈川県横浜市緑区,35.5295,139.5133,53.8302,235.9069,226.8573,722.6389,415010.1415,221210.1732,5512.5394,7555.8014,1.3707,151.5521,6.851,20658.7,0.9616,1.1878,1.4825,1.4808,369,16.681,241,10.8946,11201.6527,調布,13.5074,False
神奈川県横浜市緑区,35.5295,139.5354,53.7188,249.932,236.7663,680.8317,397509.6434,212028.0241,4986.9445,7094.7507,1.4227,142.618,6.7264,21735.9,0.9473,1.1953,1.4955,1.516,339,15.9885,224,10.5646,10610.5164,調布,13.2699,False
神奈川県横浜市都筑区,35.5295,139.5575,55.0663,263.2824,250.0253,669.7139,413302.2273,218732.8589,4990.5814,7342.2207,1.4712,155.1672,7.0939,22168.4,0.9496,1.197,1.4984,1.5296,356,16.2756,227,10.378,11001.5186,調布,13.3317,False
神奈川県横浜市都筑区,35.5295,139.5796,58.4085,267.5378,256.9636,715.273,445543.1093,232055.9012,5343.0312,7942.4478,1.4865,168.6348,7.267,22460.4,0.9605,1.1864,1.4701,1.4932,418,18.0129,265,11.4197,11676.4579,調布,13.6888,False
神奈川県横浜市港北区,35.5295,139.6018,55.7666,261.0813,252.0458,721.2144,470310.2769,241516.7348,5848.4508,8557.8754,1.4633,188.5116,7.8053,21074.3,0.9654,1.1825,1.4624,1.4877,464,19.2119,288,11.9246,12515.1691,調布,14.3191,False
神奈川県横浜市港北区,35.5295,139.6239,53.687,249.541,242.691,722.809,475266.8582,241948.4086,6095.4685,8663.0575,1.4212,192.1622,7.9423,20466.1,0.9725,1.1833,1.4615,1.4919,494,20.4176,287,11.862,12660.6969,三軒茶屋,14.2968,False
神奈川県横浜市港北区,35.5295,139.646,50.2812,228.4547,220.9664,686.6079,472993.1957,240297.8037,6532.5279,8770.4222,1.3426,202.2895,8.4183,18372.8,0.9672,1.164,1.41,1.4184,483,20.1001,268,11.1528,12366.4724,三軒茶屋,13.8259,False
神奈川県川崎市幸区,35.5295,139.6681,50.7427,212.5024,203.3317,764.7351,474701.4854,241807.365,6897.0734,8837.5584,1.2813,182.1871,7.5344,18275.9,0.9568,1.1572,1.3923,1.3928,481,19.8919,259,10.711,12304.3155,三軒茶屋,13.6352,False
神奈川県川崎市川崎区,35.5295,139.6903,49.0663,201.6627,191.922,706.1203,441481.0383,224433.5468,6731.527,8339.0809,1.2388,171.8747,7.6582,15316.2,0.9517,1.1559,1.3912,1.3912,440,19.6049,235,10.4708,11601.1017,三軒茶屋,13.7363,False
神奈川県川崎市川崎区,35.5295,139.7124,46.0531,193.6895,185.1445,624.5466,380240.6765,192473.0403,5974.6166,7211.3581,1.207,144.7479,7.5204,12250.3,0.9559,1.1559,1.3912,1.3912,379,19.6911,197,10.2352,10032.2446,三軒茶屋,14.123,False
神奈川県川崎市川崎区,35.5295,139.7345,41.3581,187.4922,180.7888,527.7134,307884.6573,156287.7796,4865.5127,5750.8018,1.182,111.8998,7.1599,10924.4,0.9642,1.1484,1.3764,1.361,302,19.3233,146,9.3417,7915.6175,三軒茶屋,14.7727,False
神奈川県川崎市川崎区,35.5295,139.7566,34.1857,183.5097,182.4691,398.3005,233260.608,118906.4874,3728.2728,4346.0495,1.1657,87.9034,7.3926,8631.8,0.9943,1.1484,1.3764,1.361,237,19.9316,118,9.9238,5982.0643,三軒茶屋,15.6529,False
千葉県市原市,35.5295,140.0664,48.504,448.1857,448.1857,143.7313,54201.9089,26344.4219,387.0814,851.5584,2.1999,10.635,4.0369,2071.4,1.0,1.2326,1.6122,1.6654,51,19.3589,26,9.8693,1372.8738,津田沼,18.153,True
千葉県市原市,35.5295,140.0885,55.3156,448.1857,448.1857,221.089,69843.9118,34384.6122,524.2108,1130.9816,2.1575,11.985,3.4856,2536.4,1.0,1.2326,1.6122,1.6654,63,18.3221,39,11.3423,1823.357,津田沼,18.6745,False
千葉県市原市,35.5295,140.1106,57.1141,448.1857,448.1857,229.9697,83826.9609,41032.2897,554.8676,1301.2651,2.3452,15.82,3.8555,3875.5,1.0,1.235,1.6228,1.6915,88,21.4465,51,12.4292,2111.6322,津田沼,19.3892,True
千葉県市原市,35.5295,140.1327,60.4456,448.1857,448.1857,270.3579,91281.8119,45307.1496,646.7141,1473.45,2.2784,16.8248,3.7135,4026.9,1.0,1.235,1.6228,1.6915,95,20.968,51,11.2565,2391.0458,津田沼,20.2768,True
千葉県千葉市緑区,35.5295,140.1549,61.3156,448.1857,448.1857,280.6725,92384.6493,46659.642,629.5838,1485.3251,2.3592,16.8247,3.6058,4468.0,1.0,1.235,1.6228,1.6915,98,21.0032,51,10.9302,2410.3162,津田沼,21.3156,True
千葉県千葉市緑区,35.5295,140.177,61.9947,448.1857,448.1857,290.8573,90601.7426,45809.2931,617.8918,1457.3727,2.3586,15.6398,3.4141,4380.6,1.0,1.235,1.6228,1.6915,94,20.5199,46,10.0416,2364.9563,津田沼,22.4847,True
千葉県千葉市緑区,35.5295,140.1991,59.2042,448.1857,448.1857,241.2024,80777.6367,41518.6327,475.6574,1248.2072,2.6242,14.6398,3.5261,4674.4,1.0,1.2411,1.6466,1.7503,86,20.7136,41,9.8751,2055.2869,津田沼,23.7649,True
千葉県千葉市緑区,35.5295,140.2212,50.9284,448.1857,448.1857,146.9345,61693.5111,31190.1187,279.728,870.4387,3.1117,12.5898,4.0365,4244.7,1.0,1.2411,1.6466,1.7503,74,23.7255,35,11.2215,1433.2567,津田沼,25.1392,True
千葉県千葉市緑区,35.5295,140.2434,48.4615,448.1857,448.1857,120.1224,52716.8709,25572.77,345.7554,831.3618,2.4045,12.0595,4.7158,2628.4,1.0,1.2423,1.6346,1.7451,59,23.0714,28,10.9491,1358.9326,津田沼,26.593,True
千葉県大網白里市,35.5295,140.2655,47.4483,448.1857,448.1857,130.4786,47481.577,22961.5962,317.0657,755.5374,2.3829,9.0595,3.9455,2336.3,1.0,1.2447,1.6081,1.7338,54,23.5175,21,9.1457,1215.001,津田沼,28.114,True
千葉県大網白里市,35.5295,140.2876,49.2361,448.1857,448.1857,147.4132,46365.2814,22514.6547,331.2656,761.4778,2.2987,7.9245,3.5197,2135.0,1.0,1.2425,1.6148,1.7659,54,23.9844,19,8.4389,1229.6199,津田沼,29.6918,True
千葉県大網白里市,35.5295,140.3097,52.4191,448.1857,448.1857,179.7705,47550.4723,22585.6673,355.4312,787.2771,2.215,6.7395,2.984,1961.5,1.0,1.2425,1.6148,1.7659,54,23.909,17,7.5269,1271.2801,津田沼,31.3179,True
千葉県大網白里市,35.5295,140.3319,53.565,448.1857,448.1857,191.8233,49165.3604,23089.2825,381.0245,821.7372,2.1567,6.7395,2.9189,1844.1,1.0,1.2425,1.6148,1.7659,55,23.8206,18,7.7958,1326.9256,津田沼,32.9852,False
千葉県大網白里市,35.5295,140.354,51.1671,448.1857,448.1857,187.9074,47776.1799,22557.0955,388.6934,823.9536,2.1198,6.7395,2.9878,1707.2,1.0,1.2311,1.5797,1.7158,54,23.9393,19,8.4231,1301.6079,津田沼,34.6876,False
千葉県東金市,35.5295,140.3761,51.6127,448.1857,448.1857,193.346,43672.7361,20577.9753,364.1115,763.2461,2.0962,5.535,2.6898,1493.1,1.0,1.2311,1.5797,1.7158,48,23.3259,12,5.8315,1205.7076,津田沼,36.4204,False
千葉県九十九里町,35.5295,140.3982,49.9788,448.1857,448.1857,177.2178,39615.1175,18748.7046,330.6189,696.3927,2.1063,5.02,2.6775,1397.3,1.0,1.2311,1.5797,1.7158,44,23.4683,13,6.9338,1100.0986,津田沼,38.1792,False
千葉県九十九里町,35.5295,140.4204,47.7984,448.1857,448.1857,163.8051,33168.523,15791.1684,278.9262,585.6613,2.0997,3.67,2.3241,1155.5,1.0,1.2217,1.56,1.7033,33,20.8978,11,6.9659,913.6498,津田沼,39.9608,False
神奈川県愛川町,35.5475,139.2699,49.931,259.2832,259.2832,258.6359,65045.9114,31291.3223,682.7157,994.5567,1.4568,8.1988,2.6202,2649.4,1.0,1.3069,1.7995,1.8886,48,15.3397,23,7.3503,1789.7073,府中,22.9766,False
神奈川県愛川町,35.5475,139.292,52.4191,260.3188,260.3188,315.6456,105966.4057,51423.1539,1104.0107,1612.4244,1.4605,17.8988,3.4807,4655.5,1.0,1.2581,1.7046,1.7167,93,18.0852,53,10.3066,2748.5471,府中,21.3961,False
神奈川県愛川町,35.5475,139.3142,55.5491,254.8207,254.8207,398.2282,142413.0241,70020.7415,1543.9637,2224.1536,1.4405,26.6468,3.8056,6066.7,1.0,1.2579,1.7052,1.717,128,18.2803,73,10.4255,3792.6053,府中,19.8912,False
神奈川県愛川町,35.5475,139.3363,61.9363,245.135,245.135,592.4526,194800.8131,98015.0616,2239.4608,3146.4342,1.405,35.4686,3.6187,8334.5,1.0,1.2579,1.7052,1.717,173,17.6503,101,10.3045,5365.2693,府中,18.4804,False
神奈川県相模原市中央区,35.5475,139.3584,52.5464,226.5669,226.5669,597.0873,254794.0777,130035.5962,3231.9286,4315.9582,1.3354,64.0453,4.9252,10066.4,1.0,1.2,1.5381,1.5232,254,19.5331,152,11.6891,6638.4736,府中,17.187,False
神奈川県相模原市中央区,35.5475,139.3805,57.4907,214.5089,214.5089,789.6392,305633.5563,157865.1582,4117.158,5307.5845,1.2891,72.3003,4.5799,11768.9,1.0,1.2,1.5381,1.5232,284,17.99,177,11.2121,8163.7167,府中,16.0394,False
東京都町田市,35.5475,139.4027,56.939,205.5787,204.0624,785.1082,342230.3461,178230.281,4841.0454,6071.9729,1.2543,93.2293,5.2308,12935.3,0.9926,1.2,1.5381,1.5232,314,17.6177,203,11.3898,9339.4399,府中,15.0708,False
東京都町田市,35.5475,139.4248,55.9576,204.911,201.2911,861.1121,362719.272,190321.0811,5232.4084,6549.0949,1.2516,96.8843,5.0906,14031.1,0.9823,1.189,1.5075,1.4802,324,17.0239,211,11.0865,9872.7784,府中,14.3178,False
東京都町田市,35.5475,139.4469,55.5968,210.1263,201.5543,812.543,379300.0249,201220.1367,5449.2851,6931.9895,1.2721,112.1967,5.5758,15325.7,0.9592,1.189,1.5075,1.4802,346,17.1951,229,11.3806,10449.993,府中,13.8155,False
東京都町田市,35.5475,139.469,54.748,215.5863,203.0793,778.9552,394970.5444,211296.6834,5578.5713,7214.8198,1.2933,125.6134,5.9449,18071.0,0.942,1.1915,1.4992,1.499,360,17.0377,231,10.9325,10816.557,調布,13.0402,False
神奈川県横浜市青葉区,35.5475,139.4912,54.0053,221.4288,204.0277,714.1227,409652.6867,219308.4629,5684.4842,7479.6669,1.3158,144.2133,6.5758,19938.8,0.9214,1.1962,1.5082,1.5163,360,16.4152,241,10.9891,11280.7023,調布,12.1525,False
神奈川県横浜市青葉区,35.5475,139.5133,53.3687,227.628,204.4234,671.0134,402602.8273,214560.5965,5475.4883,7334.1008,1.3394,143.5013,6.6882,20033.6,0.8981,1.2048,1.5188,1.5422,337,15.7065,230,10.7196,11138.673,調布,11.5465,False
神奈川県横浜市青葉区,35.5475,139.5354,55.3846,244.8122,219.4529,651.7861,395691.7909,210163.9566,4918.3639,6904.4138,1.4038,135.9796,6.4702,22165.0,0.8964,1.2242,1.559,1.6099,326,15.5117,213,10.1349,10764.3168,調布,11.2678,False
神奈川県横浜市都筑区,35.5475,139.5575,52.4456,267.8205,242.3925,591.2148,415554.8914,218651.9774,4823.364,7174.8445,1.4875,163.637,7.4839,23850.7,0.9051,1.2137,1.5274,1.5751,382,17.4707,244,11.1593,10958.6124,調布,11.3405,False
神奈川県横浜市都筑区,35.5475,139.5796,55.5119,270.1192,244.8251,676.042,445586.9769,230642.5928,5211.937,7795.6996,1.4957,164.2506,7.1214,23242.0,0.9064,1.2085,1.5218,1.5725,379,16.4324,243,10.5358,11863.3723,調布,11.7581,False
神奈川県横浜市都筑区,35.5475,139.6018,54.939,255.7457,234.6244,702.6349,473370.1309,242248.1279,5921.7468,8550.5162,1.4439,184.2779,7.607,21377.8,0.9174,1.2009,1.5074,1.5537,429,17.7091,267,11.0218,12889.3839,調布,12.4861,False
神奈川県横浜市港北区,35.5475,139.6239,51.0663,231.4819,208.5586,664.0026,512824.9622,260656.0965,6983.102,9455.2765,1.354,227.8605,8.7418,21090.4,0.901,1.1904,1.4796,1.5179,497,19.0673,298,11.4327,13989.6033,三軒茶屋,12.4002,False
神奈川県川崎市中原区,35.5475,139.646,50.3236,212.4924,191.4673,717.666,547717.3839,278725.256,8003.9785,10255.577,1.2813,244.5406,8.7735,20959.4,0.9011,1.1703,1.4255,1.438,560,20.0915,315,11.3015,14619.1385,三軒茶屋,11.8544,False
神奈川県川崎市幸区,35.5475,139.6681,49.8462,198.8071,177.5679,748.0021,554798.8126,283352.4784,8520.5252,10458.6807,1.2275,241.1122,8.5093,20741.4,0.8932,1.1603,1.3994,1.4041,544,19.1987,307,10.8346,14635.4068,三軒茶屋,11.6314,False
神奈川県川崎市幸区,35.5475,139.6903,48.1167,191.023,169.1815,718.8724,516595.2636,264250.076,8264.9771,9887.0421,1.1963,219.3222,8.2998,17870.2,0.8857,1.1526,1.3889,1.3839,502,18.9972,273,10.3311,13732.5224,三軒茶屋,11.7497,False
東京都大田区,35.5475,139.7124,45.1883,183.7248,162.4782,633.1521,454430.6414,231223.1191,7455.7012,8697.6833,1.1666,191.399,8.2777,14684.3,0.8844,1.1526,1.3889,1.3839,430,18.5968,221,9.5579,12080.5726,三軒茶屋,12.1994,False
東京都大田区,35.5475,139.7345,40.6578,177.8695,159.0816,528.3133,371761.6731,189589.903,6226.8111,7113.9371,1.1425,155.5742,8.2058,12092.7,0.8944,1.1476,1.3797,1.3677,349,18.4082,186,9.8106,9814.8947,三軒茶屋,12.9459,False
東京都大田区,35.5475,139.7566,36.0318,172.5675,157.9313,451.0046,286140.4368,146126.0498,4825.6648,5406.6284,1.1204,109.2366,7.4755,10212.8,0.9152,1.1393,1.3576,1.3319,266,18.2035,132,9.0333,7339.8292,三軒茶屋,13.9416,False
千葉県市原市,35.5475,140.1106,54.5676,448.1857,448.1857,197.1379,99212.1265,49497.7631,689.5679,1604.4621,2.3268,27.4492,5.5456,4655.1,1.0,1.235,1.6228,1.6915,118,23.8395,65,13.1319,2603.6461,津田沼,17.5723,True
千葉県千葉市緑区,35.5475,140.1327,58.2175,448.1857,448.1857,242.6493,108023.9217,54685.3462,818.1011,1819.1123,2.2236,27.9342,5.1082,4574.3,1.0,1.235,1.6228,1.6915,125,22.858,63,11.5205,2951.9703,津田沼,18.5469,True
千葉県千葉市緑区,35.5475,140.1549,57.6021,448.1857,448.1857,236.326,105166.1218,53644.0551,703.7769,1696.1838,2.4101,26.2342,4.8904,5364.9,1.0,1.235,1.6228,1.6915,122,22.7425,62,11.5577,2752.4878,津田沼,19.677,True
千葉県千葉市緑区,35.5475,140.177,67.1936,448.1857,448.1857,366.5642,98828.8321,50691.4299,659.7649,1590.8321,2.4112,14.9898,2.9571,5036.9,1.0,1.235,1.6228,1.6915,101,19.9245,50,9.8636,2581.528,津田沼,20.9375,True
千葉県千葉市緑区,35.5475,140.1991,60.4562,448.1857,448.1857,256.1274,88812.2362,46272.1553,535.4124,1393.9761,2.6036,17.1595,3.7084,5137.1,1.0,1.2411,1.6466,1.7503,85,18.3696,45,9.7251,2295.3086,津田沼,22.3063,True
千葉県千葉市緑区,35.5475,140.2212,59.8833,448.1857,448.1857,248.3712,72047.0603,37112.4765,358.4509,1056.7878,2.9482,10.7595,2.8992,4675.7,1.0,1.2411,1.6466,1.7503,72,19.4005,38,10.2391,1740.0974,津田沼,23.7648,True
千葉県千葉市緑区,35.5475,140.2434,50.7321,448.1857,448.1857,150.9438,56986.1885,28503.359,386.4791,924.073,2.391,11.8898,4.1714,2869.6,1.0,1.2423,1.6346,1.7451,64,22.4535,31,10.8759,1510.4771,津田沼,25.2974,True
千葉県大網白里市,35.5475,140.2655,47.1512,448.1857,448.1857,128.4991,48599.2894,23609.0298,337.7287,789.9904,2.3391,9.8898,4.189,2325.6,1.0,1.2447,1.6081,1.7338,48,20.3312,21,8.8949,1270.4058,津田沼,26.8914,True
千葉県大網白里市,35.5475,140.2876,49.9151,448.1857,448.1857,154.478,47646.6008,23315.2517,320.6084,770.5714,2.4035,7.9245,3.3988,2425.0,1.0,1.2425,1.6148,1.7659,54,23.1608,21,9.007,1244.3041,津田沼,28.5366,True
千葉県大網白里市,35.5475,140.3097,50.0212,448.1857,448.1857,155.8798,46988.1967,22290.2465,299.5218,727.6205,2.4293,7.0895,3.1805,2362.3,1.0,1.2425,1.6148,1.7659,54,24.2258,17,7.6267,1174.9477,津田沼,30.2245,True
千葉県大網白里市,35.5475,140.3319,52.8647,448.1857,448.1857,184.5756,47766.4462,22358.013,369.315,795.9839,2.1553,6.5697,2.9384,1782.0,1.0,1.2425,1.6148,1.7659,53,23.7051,17,7.6035,1285.3397,津田沼,31.9485,False
千葉県東金市,35.5475,140.354,52.8011,448.1857,448.1857,209.8932,44199.6956,20932.8415,346.9805,750.4427,2.1628,4.535,2.1665,1703.2,1.0,1.2311,1.5797,1.7158,48,22.9305,15,7.1658,1185.4819,津田沼,33.703,False
千葉県東金市,35.5475,140.3761,51.4907,448.1857,448.1857,212.2596,43780.8215,20606.4398,358.6928,758.9032,2.1157,5.02,2.4361,1557.9,1.0,1.2166,1.5472,1.6752,49,23.779,14,6.794,1174.173,津田沼,35.4834,False
千葉県東金市,35.5475,140.3982,42.122,433.7291,433.7291,204.7465,40735.5073,19265.2189,360.6258,732.0412,2.0299,4.02,2.0867,1169.4,1.0,1.2166,1.5472,1.6752,40,20.7628,13,6.7479,1132.6122,津田沼,37.2861,False
千葉県九十九里町,35.5475,140.4204,46.7905,448.1857,448.1857,173.5571,34852.0024,16543.4113,297.8197,620.5282,2.0836,3.67,2.2184,1174.1,1.0,1.2057,1.5236,1.6525,35,21.1565,11,6.6492,945.4172,津田沼,39.108,False
神奈川県愛川町,35.5656,139.2478,33.8408,249.6758,249.6758,123.8069,42551.9201,20469.5208,468.1963,665.6461,1.4217,7.4988,3.6634,1748.5,1.0,1.3099,1.8147,1.9071,34,16.6101,13,6.3509,1207.9445,府中,23.5698,False
神奈川県愛川町,35.5656,139.2699,44.9178,238.9465,238.9465,273.8209,78298.1157,38036.1864,882.89,1220.1713,1.382,11.5488,3.0363,3226.4,1.0,1.2821,1.7859,1.8293,62,16.3003,37,9.7276,2179.0822,府中,21.8499,False
神奈川県愛川町,35.5656,139.3142,55.6764,232.3088,232.3088,464.2712,157464.8203,77116.3647,1815.9478,2464.4946,1.3571,27.8926,3.6169,6777.4,1.0,1.2579,1.7052,1.717,134,17.3763,85,11.0223,4202.4324,府中,18.5791,False
神奈川県相模原市中央区,35.5656,139.3363,58.244,224.6891,224.6891,525.345,197473.3374,97979.6209,2358.9787,3133.3482,1.3283,39.8186,4.064,8465.1,1.0,1.2579,1.7052,1.717,169,17.2485,105,10.7165,5342.9552,府中,17.0605,False
神奈川県相模原市中央区,35.5656,139.3584,51.7719,213.7803,213.2375,603.3507,246541.9421,124782.9371,3200.216,4116.478,1.2863,57.8619,4.637,9814.9,0.9975,1.1973,1.5298,1.5143,228,18.2717,135,10.8188,6297.3779,府中,15.6506,False
神奈川県相模原市中央区,35.5656,139.3805,54.5729,202.8497,198.3756,701.8152,301075.4726,154295.1653,4178.6237,5196.1469,1.2435,76.122,4.9335,11735.4,0.9779,1.1973,1.5298,1.5143,277,17.9526,171,11.0827,7949.0528,府中,14.3811,False
神奈川県相模原市中央区,35.5656,139.4027,55.2838,194.3975,185.634,776.6153,346210.8861,179531.1344,5130.4816,6207.0738,1.2098,93.3627,5.2004,12516.8,0.9549,1.1935,1.5212,1.5024,303,16.8773,199,11.0844,9442.1469,府中,13.2926,False
東京都町田市,35.5656,139.4248,54.1167,196.0104,180.6292,724.2549,371983.754,194408.8004,5466.0483,6648.3864,1.2163,112.056,5.7639,15001.4,0.9215,1.1935,1.5212,1.5024,329,16.9231,216,11.1106,10113.4679,府中,12.4325,False
東京都町田市,35.5656,139.4469,53.252,199.6784,178.3138,739.3272,393983.133,207628.2808,5826.4389,7171.9685,1.2309,122.554,5.9026,15887.5,0.893,1.1917,1.5012,1.4831,355,17.0979,236,11.3665,10766.7998,府中,11.8507,False
東京都町田市,35.5656,139.469,52.3077,205.0115,177.9611,735.4305,396707.1896,210847.8732,5858.5665,7335.1382,1.252,124.3851,5.8993,16576.1,0.8681,1.1871,1.485,1.4885,345,16.3625,220,10.4341,10892.5949,調布,11.3555,False
神奈川県横浜市青葉区,35.5656,139.4912,51.4483,212.6099,183.936,643.9144,390907.4614,207585.2721,5582.8851,7155.957,1.2818,135.9894,6.551,18412.5,0.8651,1.2043,1.5162,1.5398,336,16.1861,222,10.6944,10849.7747,調布,10.3241,False
神奈川県横浜市青葉区,35.5656,139.5133,49.2308,222.6232,191.6962,585.4154,391284.9304,208090.0762,5341.1042,7052.2682,1.3204,147.0769,7.0679,20302.1,0.8611,1.2018,1.5118,1.5386,337,16.1949,222,10.6685,10661.5795,調布,9.6036,False
神奈川県横浜市青葉区,35.5656,139.5354,51.1618,240.7497,204.0591,590.5947,403962.0193,213358.6477,5100.3293,7083.0118,1.3887,147.7796,6.9263,22302.1,0.8476,1.2151,1.5347,1.5859,343,16.0762,216,10.1238,10870.0538,調布,9.2667,False
神奈川県横浜市青葉区,35.5656,139.5575,50.3873,259.6067,216.856,580.9724,419020.6683,218677.9262,5015.3655,7312.0884,1.4579,156.6506,7.1635,22996.1,0.8353,1.2092,1.5185,1.5647,368,16.8284,230,10.5178,11103.7121,調布,9.355,False
神奈川県横浜市都筑区,35.5656,139.5796,47.183,256.3658,211.5093,527.7615,434050.273,223454.7937,5244.0048,7583.7457,1.4462,180.5056,8.0779,22933.3,0.825,1.2019,1.499,1.5443,406,18.1692,246,11.0089,11368.2849,調布,9.857,False
神奈川県川崎市宮前区,35.5656,139.6018,47.5915,234.7877,190.5954,562.2349,469404.9181,240910.6054,6242.5699,8530.2243,1.3665,202.1721,8.392,22211.6,0.8118,1.2007,1.4984,1.5485,433,17.9735,265,10.9999,12781.6591,調布,10.7147,False
神奈川県川崎市中原区,35.5656,139.6239,49.1671,213.7211,172.9882,612.2139,525565.4658,268866.8789,7578.875,9747.0603,1.2861,236.0818,8.7806,23138.7,0.8094,1.2012,1.5052,1.5548,493,18.3362,295,10.972,14671.4556,三軒茶屋,10.5435,False
神奈川県川崎市中原区,35.5656,139.646,48.5836,196.9787,160.4912,695.7039,597985.9812,305847.4371,9286.2628,11330.8878,1.2202,276.5425,9.0418,23608.4,0.8148,1.1706,1.4278,1.4411,587,19.1926,343,11.2147,16178.1961,三軒茶屋,9.896,False
神奈川県川崎市中原区,35.5656,139.6681,49.4005,187.765,155.1691,788.3784,627522.214,322231.627,10122.9898,11976.1116,1.1831,275.6293,8.5538,23839.2,0.8264,1.1565,1.3961,1.3957,599,18.5891,332,10.3031,16720.1743,三軒茶屋,9.6279,False
神奈川県川崎市幸区,35.5656,139.6903,48.3926,181.1369,149.2207,778.3642,591286.285,302774.5619,9833.9643,11367.6561,1.156,248.2076,8.1978,20777.3,0.8238,1.1526,1.3889,1.3839,546,18.0332,302,9.9744,15789.0085,三軒茶屋,9.7704,False
東京都大田区,35.5656,139.7124,44.3289,175.505,145.098,645.6895,511506.913,262310.0952,8748.4851,9908.9907,1.1327,226.7662,8.645,17273.3,0.8267,1.1476,1.3797,1.3677,479,18.2608,262,9.9882,13671.1499,三軒茶屋,10.3067,False
東京都大田区,35.5656,139.7345,39.809,169.9376,140.6626,539.5725,423890.6355,217826.334,7433.8721,8246.7662,1.1094,187.7668,8.62,13809.2,0.8277,1.1476,1.3797,1.3677,390,17.9042,214,9.8243,11377.8265,三軒茶屋,11.1801,False
東京都大田区,35.5656,139.7566,33.931,164.5948,138.6527,442.1535,328993.4519,169512.4086,5832.4057,6338.2583,1.0867,139.4749,8.228,11442.7,0.8424,1.1393,1.3576,1.3319,292,17.2259,167,9.8518,8604.5738,三軒茶屋,12.3192,False
千葉県千葉市緑区,35.5656,140.1327,54.2281,448.1857,448.1857,282.8165,131261.0987,67129.9165,996.0625,2216.8726,2.2256,35.854,5.341,5588.1,1.0,1.1991,1.4937,1.489,145,21.5999,78,11.6193,3311.2988,津田沼,16.8778,True
千葉県千葉市緑区,35.5656,140.1549,52.6154,448.1857,448.1857,290.6714,128758.0516,67052.3234,894.6324,2122.981,2.373,33.369,4.9766,6450.8,1.0,1.18,1.4327,1.3981,147,21.9232,72,10.7379,3041.4943,津田沼,18.112,True
千葉県千葉市緑区,35.5656,140.177,52.2546,448.1857,448.1857,284.1728,117253.816,61533.5672,777.9603,1907.8824,2.4524,28.1492,4.5746,6252.6,1.0,1.18,1.4327,1.3981,129,20.9642,64,10.4008,2733.3327,津田沼,19.4738,True
千葉県千葉市緑区,35.5656,140.1991,60.1008,448.1857,448.1857,345.1883,104763.8439,55114.3381,706.2113,1716.9804,2.4313,18.6792,3.3892,5517.8,1.0,1.189,1.5223,1.5054,107,19.4142,52,9.4349,2613.733,津田沼,20.9383,True
千葉県千葉市緑区,35.5656,140.2212,61.6446,448.1857,448.1857,270.5989,80624.4401,41985.2971,457.7512,1235.2926,2.6986,13.0595,3.1105,4835.1,1.0,1.2411,1.6466,1.7503,81,19.2925,41,9.7653,2034.0217,津田沼,22.4853,True
千葉県千葉市緑区,35.5656,140.2434,53.8355,448.1857,448.1857,177.359,60301.185,30875.7573,327.7771,918.0536,2.8008,10.8898,3.527,3789.4,1.0,1.2411,1.6466,1.7503,68,22.0238,30,9.7164,1511.6589,津田沼,24.099,True
千葉県大網白里市,35.5656,140.2876,48.1751,448.1857,448.1857,133.0437,45771.618,22420.1126,300.438,731.9739,2.4364,8.4047,3.7488,2377.8,1.0,1.2425,1.6148,1.7659,48,21.4093,21,9.3666,1181.9775,津田沼,27.4791,True
千葉県大網白里市,35.5656,140.3097,47.8992,448.1857,448.1857,129.089,44898.7615,21112.6322,303.7434,710.678,2.3397,7.9197,3.7512,2103.0,1.0,1.2425,1.6148,1.7659,56,26.5244,17,8.0521,1147.5893,津田沼,29.2278,True
千葉県東金市,35.5656,140.3319,50.1698,448.1857,448.1857,156.9494,44877.8454,21118.5115,311.3563,716.5716,2.3015,6.5697,3.1109,2024.8,1.0,1.2425,1.6148,1.7659,49,23.2024,16,7.5763,1157.1063,津田沼,31.0069,True
千葉県東金市,35.5656,140.354,51.0027,448.1857,448.1857,194.846,41941.5897,19619.5875,320.593,696.6437,2.173,3.535,1.8018,1614.5,1.0,1.2222,1.5656,1.7023,41,20.8975,13,6.626,1090.6974,津田沼,32.8114,False
千葉県東金市,35.5656,140.3761,50.6207,448.1857,448.1857,199.827,40978.8577,19332.4044,338.0284,714.4523,2.1136,4.02,2.0794,1459.0,1.0,1.2166,1.5472,1.6752,40,20.6906,11,5.6899,1105.3987,津田沼,34.6373,False
千葉県東金市,35.5656,140.3982,38.8647,425.2339,425.2339,187.4489,37063.1757,17429.8147,334.3975,670.1964,2.0042,3.02,1.7327,965.7,1.0,1.2057,1.5236,1.6525,32,18.3593,11,6.311,1021.0902,津田沼,36.4814,False
千葉県九十九里町,35.5656,140.4204,46.366,448.1857,448.1857,168.2639,33669.7928,16028.6499,284.2815,601.6032,2.1162,2.67,1.6658,1235.4,1.0,1.2057,1.5236,1.6525,33,20.5881,10,6.2388,916.5837,津田沼,38.3411,False
神奈川県愛川町,35.5836,139.2257,31.1883,226.2122,226.2122,104.0409,30037.5434,14651.2039,370.013,493.6209,1.3341,4.7364,3.2328,1141.2,1.0,,1.8147,1.9071,23,15.6984,9,6.1428,895.7713,府中,24.4774,False
神奈川県相模原市緑区,35.5836,139.2478,40.0159,212.3566,212.3566,229.0615,57116.49,27906.9536,717.8368,919.3924,1.2808,7.6322,2.7349,2195.7,1.0,,1.7792,1.8112,42,15.05,21,7.525,1635.7494,府中,22.6506,False
神奈川県相模原市緑区,35.5836,139.2699,44.0477,204.7431,204.7431,280.2394,92599.8502,45568.5868,1249.6534,1563.2904,1.251,17.3206,3.801,3145.9,1.0,1.2821,1.7859,1.8293,62,13.6059,41,8.9974,2791.8523,府中,20.8554,False
神奈川県相模原市緑区,35.5836,139.292,55.1671,204.3228,204.3228,474.0572,138639.0415,68296.0137,1848.4128,2309.2639,1.2493,22.6686,3.3192,5032.5,1.0,1.2579,1.7052,1.717,110,16.1064,69,10.1031,3937.7347,府中,19.101,False
神奈川県相模原市緑区,35.5836,139.3142,58.2228,200.2261,200.2261,544.7124,183151.661,91034.8693,2499.4729,3082.1282,1.2331,35.0976,3.8554,6592.1,1.0,1.2579,1.7052,1.717,145,15.928,101,11.0946,5255.6154,府中,17.3995,False
神奈川県相模原市緑区,35.5836,139.3363,60.9602,198.9418,198.5102,624.3342,213212.8031,106302.0359,2882.2823,3539.458,1.228,40.9735,3.8544,8416.6,0.9978,1.2579,1.7052,1.717,174,16.3685,115,10.8182,6035.4497,府中,15.7681,False
神奈川県相模原市緑区,35.5836,139.3584,62.5093,193.2805,186.4965,674.9152,251267.0128,128045.8242,3549.5426,4278.4588,1.2054,53.3669,4.1678,9637.2,0.9649,1.2579,1.7052,1.717,199,15.5413,129,10.0745,7295.5867,府中,14.231,False
神奈川県相模原市中央区,35.5836,139.3805,55.1724,188.5322,176.4908,708.3854,300974.693,155394.2885,4436.7941,5262.8173,1.1862,73.6386,4.7388,11132.9,0.9361,1.2071,1.5501,1.5336,242,15.5733,165,10.6182,8157.8157,府中,12.8222,False
神奈川県相模原市中央区,35.5836,139.4027,55.8302,185.9986,168.7635,807.2651,343687.7083,179457.9547,5241.4348,6163.2543,1.1759,84.7054,4.7201,12987.6,0.9073,1.1993,1.5362,1.5167,287,15.9926,187,10.4203,9468.0149,府中,11.5884,False
東京都町田市,35.5836,139.4248,54.748,185.5259,163.9589,766.1317,363771.2752,190366.1818,5636.1201,6616.4872,1.1739,98.9988,5.2004,13634.4,0.8838,1.201,1.5291,1.5159,304,15.9692,195,10.2434,10117.0259,府中,10.591,False
東京都町田市,35.5836,139.4469,52.4775,189.9769,163.0727,721.7574,378958.5349,199121.7697,5770.9806,6879.1754,1.192,111.0018,5.5746,15379.0,0.8584,1.1948,1.5061,1.4901,322,16.171,211,10.5965,10360.5875,府中,9.9018,False
神奈川県川崎市麻生区,35.5836,139.469,51.8939,194.5586,159.0135,666.8897,381773.8508,201605.4538,5776.9802,6992.9703,1.2105,117.7278,5.8395,16248.3,0.8173,1.2081,1.5259,1.5341,307,15.2278,195,9.6724,10670.477,府中,9.5874,False
神奈川県川崎市麻生区,35.5836,139.4912,49.7931,200.2714,156.0707,624.8184,387234.0584,204064.3669,5793.4902,7145.0607,1.2333,123.9103,6.0721,16964.0,0.7793,1.2045,1.5188,1.5342,324,15.8773,212,10.3889,10852.1821,調布,8.5748,False
神奈川県川崎市麻生区,35.5836,139.5133,46.3873,209.4077,161.3693,576.5738,391445.5792,205883.239,5663.6707,7188.8088,1.2693,134.7836,6.5466,18082.1,0.7706,1.197,1.4889,1.5138,324,15.7371,204,9.9085,10703.3511,調布,7.6923,False
神奈川県横浜市青葉区,35.5836,139.5354,44.0955,224.6785,171.4825,502.4866,402627.3635,210868.508,5374.3417,7138.3304,1.3282,155.7858,7.3878,21252.1,0.7632,1.2027,1.4951,1.5355,363,17.2145,232,11.0021,10672.8714,調布,7.2675,False
神奈川県川崎市宮前区,35.5836,139.5575,43.4058,233.9336,172.9815,492.7218,423478.2884,221368.8103,5516.1184,7519.8647,1.3633,170.2226,7.6895,23032.9,0.7394,1.2032,1.4917,1.5343,403,18.2049,247,11.1579,11217.5794,調布,7.3796,False
神奈川県川崎市宮前区,35.5836,139.5796,43.7878,225.7191,157.5772,496.9741,456453.9627,237046.7773,6212.1092,8275.6969,1.3322,187.7653,7.921,23342.4,0.6981,1.206,1.5067,1.557,425,17.929,249,10.5043,12469.2134,調布,8.0063,False
神奈川県川崎市高津区,35.5836,139.6018,41.6286,209.9218,141.4624,482.1152,489243.4811,253903.7213,7117.7159,9048.7016,1.2713,218.8132,8.618,23920.3,0.6739,1.2007,1.4984,1.5485,475,18.7079,266,10.4764,13558.5437,調布,9.0411,False
神奈川県川崎市高津区,35.5836,139.6239,39.7878,194.5913,134.663,550.7517,551303.8711,285963.6191,8678.7764,10506.7019,1.2106,257.236,8.9954,24664.3,0.692,1.1475,1.3789,1.397,542,18.9535,309,10.8056,14487.3079,三軒茶屋,8.7523,False
神奈川県川崎市中原区,35.5836,139.646,42.7268,181.7841,128.9865,661.0279,631647.5442,327021.0809,10513.9177,12181.6382,1.1586,291.3638,8.9096,25739.2,0.7096,1.1351,1.3426,1.3345,613,18.745,362,11.0696,16355.4984,三軒茶屋,7.9605,False
神奈川県川崎市中原区,35.5836,139.6681,45.2944,175.5018,131.9431,754.4968,662674.1309,342779.2642,11377.4472,12886.5389,1.1326,299.9052,8.7492,24776.4,0.7518,1.1302,1.3329,1.3202,603,17.5915,352,10.269,17176.4437,三軒茶屋,7.6247,False
神奈川県川崎市中原区,35.5836,139.6903,45.2308,171.8763,133.1361,752.5639,629035.7999,324710.0371,11035.8761,12332.5299,1.1175,280.8471,8.6492,22120.2,0.7746,1.1247,1.3211,1.3032,586,18.0469,343,10.5633,16292.6403,三軒茶屋,7.804,False
東京都大田区,35.5836,139.7124,42.3183,167.3939,128.3523,653.2542,551055.4074,284932.9886,9861.0355,10833.4633,1.0986,246.8753,8.6643,19606.4,0.7668,1.1352,1.3429,1.3179,508,17.8288,288,10.1076,14548.3602,三軒茶屋,8.4656,False
東京都品川区,35.5836,139.7345,36.6737,161.9825,124.1551,513.9976,456512.9706,236454.8656,8355.1055,8986.5638,1.0756,215.9052,9.1309,15925.2,0.7665,1.1352,1.3429,1.3179,417,17.6355,242,10.2345,12068.1414,三軒茶屋,9.5094,False
東京都品川区,35.5836,139.7566,31.2785,156.0292,120.328,415.8003,355216.4541,183855.7944,6562.0375,6889.5939,1.0499,160.0784,8.7067,12679.3,0.7712,1.1393,1.3576,1.3319,301,16.3715,177,9.6271,9353.0458,三軒茶屋,10.8254,False
千葉県千葉市中央区,35.5836,140.1327,49.0663,448.1857,439.3968,352.7387,168344.5354,87298.8145,1291.1553,2855.2163,2.2114,47.204,5.4072,7028.1,0.9804,1.1876,1.4614,1.4337,180,20.6188,93,10.6531,4172.5465,津田沼,15.2894,True
千葉県千葉市緑区,35.5836,140.1549,57.2679,448.1857,448.1857,347.1358,152278.5902,79735.852,1111.8484,2560.1694,2.3026,40.069,5.0252,7171.0,1.0,1.1876,1.4614,1.4337,168,21.0696,90,11.2873,3741.3718,津田沼,16.6416,True
千葉県千葉市緑区,35.5836,140.177,52.8488,448.1857,448.1857,293.6941,132783.9332,69448.7365,908.4158,2173.4466,2.3926,35.019,5.0424,6739.4,1.0,1.18,1.4327,1.3981,151,21.7427,75,10.7993,3113.794,津田沼,18.114,True
千葉県千葉市緑区,35.5836,140.1991,54.2706,448.1857,448.1857,317.1045,111937.5778,58331.1459,737.4409,1806.6707,2.4499,22.6445,3.8821,5916.8,1.0,1.18,1.4327,1.3981,116,19.8865,63,10.8004,2588.3314,津田沼,19.6795,True
千葉県千葉市緑区,35.5836,140.2212,57.5756,448.1857,448.1857,310.7128,85510.9687,45028.4761,555.773,1388.3785,2.4981,13.7095,3.0446,4723.1,1.0,1.189,1.5223,1.5054,88,19.5432,40,8.8833,2113.5075,津田沼,21.3178,True
千葉県千葉市緑区,35.5836,140.2434,55.1512,448.1857,448.1857,189.1863,64806.7502,33668.9256,358.0176,994.4984,2.7778,12.0595,3.5818,4052.4,1.0,1.2411,1.6466,1.7503,67,19.8997,32,9.5043,1637.5323,津田沼,23.0131,True
千葉県千葉市緑区,35.5836,140.2655,56.679,448.1857,448.1857,210.3758,49159.4423,25247.0609,270.3208,752.1682,2.7825,6.0548,2.3982,3074.7,1.0,,1.6466,1.7503,50,19.8043,18,7.1295,1238.5135,津田沼,24.7539,True
千葉県大網白里市,35.5836,140.2876,46.7109,448.1857,448.1857,103.3781,42578.5383,20738.9746,211.9547,614.8661,2.9009,8.4047,4.0526,2683.0,1.0,1.2425,1.6148,1.7659,47,22.6626,20,9.6437,992.8741,津田沼,26.5312,True
千葉県東金市,35.5836,140.3097,47.4748,448.1857,448.1857,123.768,41991.9781,19752.0732,323.0136,696.1323,2.1551,7.5697,3.8324,1557.6,1.0,1.2425,1.6148,1.7659,42,21.2636,15,7.5941,1124.1013,津田沼,28.3381,False
千葉県東金市,35.5836,140.3319,45.8037,448.1857,448.1857,141.3315,38377.6096,17994.1079,298.7187,638.0294,2.1359,5.535,3.076,1371.3,1.0,1.2222,1.5656,1.7023,37,20.5623,13,7.2246,998.9282,津田沼,30.1692,False
千葉県東金市,35.5836,140.354,48.9443,448.1857,448.1857,174.2517,37386.4717,17307.5857,294.174,623.0117,2.1178,2.535,1.4647,1286.2,1.0,1.2222,1.5656,1.7023,30,17.3334,11,6.3556,975.4157,津田沼,32.0205,False
千葉県東金市,35.5836,140.3761,46.6631,448.1857,448.1857,172.0344,35786.6645,16564.4208,294.9045,615.0842,2.0857,1.535,0.9267,1171.1,1.0,1.2057,1.5236,1.6525,30,18.1111,10,6.037,937.1229,津田沼,33.8887,False
千葉県山武市,35.5836,140.3982,46.3024,448.1857,448.1857,167.7774,34286.0849,16184.9348,275.9447,599.8638,2.1739,3.02,1.8659,1388.7,1.0,1.2057,1.5236,1.6525,29,17.9179,10,6.1786,913.9337,津田沼,35.771,False
千葉県山武市,35.5836,140.4204,45.9629,448.1857,448.1857,164.4507,32449.5655,15363.6436,283.1409,587.9698,2.0766,2.67,1.7379,1092.0,1.0,1.2057,1.5236,1.6525,32,20.8284,10,6.5089,895.8122,津田沼,37.6654,False
神奈川県相模原市緑区,35.6016,139.2257,35.0716,194.2339,194.2339,178.2123,40447.6549,19908.4449,560.4226,677.6551,1.2092,5.1582,2.5909,1301.8,1.0,,1.7792,1.8112,27,13.5621,12,6.0276,1205.6592,府中,23.7628,False
神奈川県相模原市緑区,35.6016,139.2478,44.4297,184.06,184.06,300.2678,74608.8357,37635.8769,1106.0012,1291.7582,1.168,11.0322,2.9313,2597.9,1.0,,1.7792,1.8112,51,13.5509,29,7.7054,2298.2491,府中,21.8768,False
神奈川県相模原市緑区,35.6016,139.2699,47.1459,181.8693,181.8693,340.1829,113209.2094,56726.1673,1696.285,1965.9441,1.159,22.3372,3.9377,3800.5,1.0,1.2756,1.7792,1.8112,79,13.9266,50,8.8143,3497.736,府中,20.0129,False
神奈川県相模原市緑区,35.6016,139.292,46.6631,178.7978,178.7978,474.9327,166399.3986,83174.5021,2589.1396,2967.9573,1.1463,35.4162,4.2581,4827.2,1.0,1.2153,1.5566,1.5697,127,15.2691,79,9.4981,4619.8912,府中,18.1777,False
神奈川県相模原市緑区,35.6016,139.3142,52.4032,180.5421,180.5421,590.134,213749.1343,107044.5953,3237.1347,3734.0652,1.1535,46.151,4.3114,6959.0,1.0,1.221,1.5775,1.5842,170,15.8812,115,10.7432,5890.6243,府中,16.381,False
神奈川県相模原市緑区,35.6016,139.3363,54.6737,179.5045,177.1856,655.1354,244231.3796,122383.1101,3670.1838,4217.8847,1.1492,52.9936,4.3301,8396.9,0.9871,1.221,1.5775,1.5842,201,16.4238,129,10.5407,6653.8672,府中,14.637,False
神奈川県相模原市緑区,35.6016,139.3584,59.7772,176.3219,164.0067,638.6601,281337.4872,143310.507,4287.1544,4870.418,1.136,69.2652,4.8332,10350.2,0.9302,1.2531,1.6953,1.6998,221,15.4211,154,10.7459,8256.6475,府中,12.9669,False
神奈川県相模原市緑区,35.6016,139.3805,58.5252,174.5516,154.992,751.5548,318009.0077,164133.1402,4963.7791,5602.5204,1.1287,74.027,4.5102,11705.2,0.8879,1.2282,1.6135,1.6037,251,15.2925,168,10.2356,9039.4393,府中,11.4032,False
神奈川県相模原市中央区,35.6016,139.4027,54.6844,173.4483,150.3509,754.9147,334597.332,174086.5079,5329.6592,5990.9347,1.1241,81.5987,4.6873,12258.4,0.8668,1.2045,1.5417,1.5226,255,14.6479,178,10.2248,9236.1488,府中,9.9962,False
東京都多摩市,35.6016,139.4248,53.9523,174.4401,145.7569,711.4443,345274.0458,181164.4419,5570.5647,6284.7975,1.1282,91.1154,5.0294,13031.4,0.8356,1.2127,1.5517,1.5415,270,14.9036,179,9.8805,9752.1271,府中,8.8208,False
東京都多摩市,35.6016,139.4469,49.8037,177.1501,138.2218,658.5558,353686.5369,185851.4945,5651.1112,6439.3676,1.1395,96.6134,5.1984,14242.1,0.7803,1.2059,1.5245,1.511,274,14.743,183,9.8466,9816.656,府中,7.9804,False
神奈川県川崎市麻生区,35.6016,139.469,45.1565,182.0279,132.4091,613.2127,364968.2908,191179.0212,5686.1472,6593.7814,1.1596,101.8894,5.3295,15773.1,0.7274,1.1893,1.4747,1.4652,267,13.966,162,8.4737,9724.0331,府中,7.5869,False
神奈川県川崎市麻生区,35.6016,139.4912,41.4536,186.3285,124.8446,524.0623,386862.1407,202626.0705,6085.3644,7163.7883,1.1772,126.4536,6.2407,16278.8,0.67,1.191,1.4761,1.4889,313,15.4472,202,9.9691,10574.5605,調布,6.9643,False
神奈川県川崎市麻生区,35.6016,139.5133,42.4509,196.4173,123.7525,521.6375,399917.4914,209272.5518,6006.4998,7315.5178,1.2179,125.9936,6.0205,18483.1,0.63,1.2031,1.4988,1.5273,313,14.9566,189,9.0313,10964.2791,調布,5.8438,False
神奈川県川崎市麻生区,35.6016,139.5354,39.4164,206.9551,136.1414,454.7211,411730.7252,214950.7832,5898.9956,7430.8354,1.2597,157.4458,7.3247,20806.8,0.6578,1.2032,1.4917,1.5343,350,16.2828,218,10.1419,11084.7721,調布,5.2721,False
神奈川県川崎市多摩区,35.6016,139.5575,38.992,209.3097,133.7283,450.345,442978.9934,231863.2889,6303.3952,7998.3859,1.2689,179.2704,7.7317,23792.5,0.6389,1.2032,1.4917,1.5343,412,17.7691,249,10.7391,11931.4021,調布,5.4257,False
神奈川県川崎市宮前区,35.6016,139.5796,36.2334,202.012,118.5291,425.345,488145.1748,255691.4261,7262.7466,9007.2072,1.2402,216.4704,8.4661,25347.4,0.5867,1.1999,1.4848,1.5284,478,18.6944,281,10.9898,13374.0247,調布,6.2512,False
神奈川県川崎市高津区,35.6016,139.6018,33.8037,190.4479,106.7412,441.1903,536387.9094,280813.8646,8605.1364,10273.963,1.1939,249.7308,8.8931,24855.9,0.5605,1.156,1.3967,1.4205,554,19.7284,312,11.1106,14349.1798,調布,7.5309,False
神奈川県川崎市高津区,35.6016,139.6239,35.321,178.9574,102.5876,496.9971,587720.0132,309043.7325,10114.5809,11601.1216,1.147,281.7713,9.1175,24957.9,0.5733,1.1435,1.3702,1.387,582,18.8323,340,11.0017,15895.8787,三軒茶屋,7.0763,False
神奈川県川崎市中原区,35.6016,139.646,39.3634,170.8499,106.9434,598.846,651508.1664,340889.4974,11642.4746,12960.246,1.1132,314.6564,9.2305,25082.0,0.6259,1.1314,1.3399,1.3272,619,18.1584,362,10.6193,17365.5166,三軒茶屋,6.07,False
神奈川県川崎市中原区,35.6016,139.6681,42.3926,165.4818,113.8118,685.8991,669911.1208,349666.2194,12159.1322,13259.5866,1.0905,316.7714,9.0593,25584.8,0.6878,1.1212,1.314,1.2944,635,18.1602,374,10.6959,17422.6959,三軒茶屋,5.6226,False
東京都品川区,35.6016,139.6903,41.3952,161.892,116.6678,656.3445,629632.6811,327563.3933,11678.1293,12556.2105,1.0752,307.704,9.3937,22945.3,0.7207,1.1212,1.314,1.2944,590,18.0118,356,10.8681,16498.481,三軒茶屋,5.8633,False
東京都品川区,35.6016,139.7124,37.8568,157.8282,113.8519,566.7214,552774.6466,287230.1715,10524.2867,11131.618,1.0577,277.3063,9.6545,18430.7,0.7214,1.1161,1.3082,1.2849,516,17.9647,311,10.8276,14561.939,三軒茶屋,6.7186,False
東京都品川区,35.6016,139.7345,33.496,152.8882,109.3273,463.0391,469496.4991,244454.8788,9070.8419,9399.5534,1.0362,241.7846,9.8908,15814.5,0.7151,1.1292,1.3374,1.3117,410,16.772,260,10.6359,12570.7842,三軒茶屋,7.9936,False
東京都品川区,35.6016,139.7566,27.8727,146.9753,105.143,374.9403,381308.4444,198555.832,7483.5535,7559.9948,1.0102,195.1477,9.8284,13030.9,0.7154,1.1333,1.3465,1.3111,330,16.62,213,10.7275,10179.4943,三軒茶屋,9.5212,False
千葉県千葉市稲毛区,35.6016,140.0885,44.7905,448.0834,390.4748,314.6544,175331.5,89733.9404,1473.4994,3054.5495,2.073,51.7238,5.7641,5570.1,0.8714,1.193,1.4753,1.4028,178,19.8364,89,9.9182,4506.3355,津田沼,11.3293,False
千葉県千葉市中央区,35.6016,140.1106,50.7056,448.1857,397.7822,379.5985,197596.9123,102306.5998,1544.8881,3357.5599,2.1733,54.7238,5.349,7732.6,0.8875,1.1984,1.4952,1.4431,204,19.9401,103,10.0678,5020.0948,津田沼,12.4714,False
千葉県千葉市中央区,35.6016,140.1327,52.7109,448.1857,416.6747,394.6472,195831.4401,101865.2526,1506.1494,3317.1708,2.2024,54.2388,5.3246,8043.7,0.9297,1.2057,1.5021,1.4581,206,20.2228,101,9.9151,4982.6658,津田沼,13.8098,True
千葉県千葉市中央区,35.6016,140.1549,52.6313,448.1857,440.2829,388.8388,177217.7298,92314.833,1337.0148,2999.977,2.2438,47.6738,5.1643,7762.6,0.9824,1.1945,1.4857,1.445,198,21.4483,98,10.6158,4457.1654,津田沼,15.2931,True
千葉県千葉市若葉区,35.6016,140.177,58.0106,448.1857,448.1857,343.8765,149982.3066,78674.4023,1029.0139,2468.9783,2.3994,38.4888,4.8922,7699.3,1.0,1.1945,1.4857,1.445,179,22.752,91,11.5667,3668.2431,津田沼,16.8831,True
千葉県千葉市若葉区,35.6016,140.1991,51.6817,448.1857,448.1857,277.7702,121910.5275,63733.7059,815.8869,1978.3529,2.4248,30.9295,4.8529,6331.0,1.0,1.18,1.4327,1.3981,139,21.8095,69,10.8263,2834.2924,津田沼,18.5524,True
千葉県千葉市若葉区,35.6016,140.2212,57.6605,448.1857,448.1857,311.9034,87832.536,46441.6692,617.6327,1467.6217,2.3762,14.8898,3.2061,4463.2,1.0,1.189,1.5223,1.5054,83,17.8719,43,9.2589,2234.1381,津田沼,20.2815,True
千葉県千葉市緑区,35.6016,140.2434,53.2891,448.1857,448.1857,251.2526,60542.9717,32258.8274,298.5932,898.3173,3.0085,6.7048,2.0784,4049.7,1.0,1.189,1.5223,1.5054,51,15.8096,21,6.5098,1367.4947,津田沼,22.0563,True
千葉県八街市,35.6016,140.2655,57.7825,448.1857,448.1857,178.0321,43338.5205,22568.6282,212.8732,636.5279,2.9902,3.7048,1.6415,2858.8,1.0,,1.7517,1.9162,40,17.7237,12,5.3171,1115.0269,津田沼,23.8666,True
千葉県八街市,35.6016,140.2876,52.8382,448.1857,448.1857,119.8471,34109.9564,16400.7648,149.2728,428.496,2.8706,3.05,1.8597,2516.0,1.0,1.3035,1.7517,1.9162,30,18.2918,6,3.6584,750.6105,津田沼,25.7049,True
千葉県東金市,35.6016,140.3097,54.1008,448.1857,448.1857,159.9643,35793.0562,16776.9326,254.1127,571.9292,2.2507,2.2198,1.3231,1509.6,1.0,1.2744,1.6906,1.8602,34,20.2659,9,5.3645,966.8784,津田沼,27.5656,True
千葉県山武市,35.6016,140.3761,46.3714,448.1857,448.1857,156.7136,32665.168,15104.6595,269.1666,560.3067,2.0816,1.185,0.7845,1054.8,1.0,1.2119,1.5461,1.6879,27,17.8753,9,5.9584,866.3122,津田沼,33.2442,False
千葉県山武市,35.6016,140.3982,46.1804,448.1857,448.1857,154.6151,31719.1691,14888.9649,259.1674,552.8038,2.133,1.185,0.7959,1180.0,1.0,1.2119,1.5461,1.6879,29,19.4775,8,5.3731,854.7117,津田沼,35.1607,False
千葉県山武市,35.6016,140.4204,45.305,448.1857,448.1857,158.0511,31522.7545,14944.1347,267.7601,565.0887,2.1104,1.185,0.793,1145.0,1.0,1.2057,1.5236,1.6525,32,21.4131,10,6.6916,860.9514,津田沼,37.0858,False
東京都八王子市,35.6196,139.2699,39.8515,165.0119,165.0119,374.3987,139729.6029,71772.7493,2316.9149,2521.9767,1.0885,32.9422,4.5898,4670.5,1.0,1.2153,1.5566,1.5697,119,16.5801,67,9.335,3925.6825,府中,19.3421,False
神奈川県相模原市緑区,35.6196,139.292,50.4403,165.1943,165.1943,579.0865,185554.2903,94613.9282,3108.107,3385.606,1.0893,37.6907,3.9836,5543.1,1.0,1.2153,1.5566,1.5697,141,14.9027,84,8.8782,5269.9989,府中,17.4369,False
神奈川県相模原市緑区,35.6196,139.3142,53.634,167.5899,167.4752,632.2552,225348.4204,114287.0945,3609.2959,3968.2128,1.0994,48.8414,4.2736,7982.2,0.9993,1.221,1.5775,1.5842,177,15.4873,115,10.0624,6260.0007,府中,15.5553,False
神奈川県相模原市緑区,35.6196,139.3363,54.5623,168.6906,162.4133,705.9359,265937.5944,134765.9451,4284.0749,4730.0199,1.1041,59.2372,4.3956,8630.4,0.9628,1.2115,1.5509,1.5521,204,15.1374,131,9.7206,7335.6344,府中,13.7071,False
神奈川県相模原市緑区,35.6196,139.3584,55.7082,166.5157,150.3522,784.5458,308146.9591,157149.2183,5036.2547,5514.1593,1.0949,67.9537,4.3242,9752.8,0.9029,1.2115,1.5509,1.5521,240,15.2721,158,10.0541,8551.7307,府中,11.9077,False
神奈川県相模原市緑区,35.6196,139.3805,55.2891,166.5982,146.347,745.4647,327613.2304,168224.776,5254.3496,5754.7893,1.0952,77.7305,4.6206,12368.0,0.8784,1.2151,1.5626,1.5607,247,14.6827,167,9.9272,8992.1933,府中,10.1831,False
東京都多摩市,35.6196,139.4027,55.5119,164.6667,140.4026,732.9306,332513.7477,172550.9706,5434.8592,5907.8964,1.087,80.8057,4.683,12937.4,0.8526,1.2217,1.5903,1.5853,244,14.1407,175,10.1419,9395.5467,府中,8.5785,False
東京都多摩市,35.6196,139.4248,49.6764,162.9256,127.4993,641.4357,337373.7993,175778.3621,5685.209,6137.8192,1.0796,89.6872,5.1023,12738.4,0.7826,1.212,1.5405,1.5445,255,14.5069,171,9.7282,9455.1831,府中,7.175,False
東京都多摩市,35.6196,139.4469,41.9682,164.9426,112.0584,553.9542,344550.4908,180509.2425,5749.4036,6256.5683,1.0882,94.3754,5.2283,14884.2,0.6794,1.1925,1.4739,1.4777,261,14.4591,157,8.6976,9221.5792,府中,6.1125,False
東京都多摩市,35.6196,139.469,37.9098,169.9807,99.1943,498.6684,353197.8621,185163.2368,5763.059,6394.2932,1.1095,94.4079,5.0986,16037.3,0.5836,1.1876,1.4469,1.458,267,14.4197,162,8.749,9251.925,府中,5.5892,False
神奈川県川崎市麻生区,35.6196,139.4912,34.7268,176.5096,92.7954,442.2579,373730.0424,196589.2529,6064.676,6894.4968,1.1368,109.7819,5.5843,16420.9,0.5257,1.1882,1.4541,1.4705,293,14.9042,169,8.5966,10025.1432,調布,5.6136,False
神奈川県川崎市麻生区,35.6196,139.5133,34.2812,184.0197,90.5892,420.2053,398572.1168,208631.2283,6314.7229,7374.2635,1.1678,122.8102,5.8865,18242.5,0.4923,1.1969,1.4845,1.51,322,15.4339,188,9.0111,10946.8875,調布,4.1429,False
神奈川県川崎市多摩区,35.6196,139.5354,33.7719,190.0387,102.0599,419.9094,415263.2261,217487.3523,6375.0277,7600.8117,1.1923,144.0579,6.6237,20971.1,0.537,1.1815,1.4518,1.4795,367,16.8745,213,9.7937,11035.2042,調布,3.2879,False
神奈川県川崎市多摩区,35.6196,139.5575,33.305,188.8021,103.4821,408.5659,456266.6629,239336.9836,7123.7958,8457.8703,1.1873,185.0345,7.7311,23472.1,0.5481,1.1847,1.4597,1.4903,425,17.7574,243,10.153,12346.2555,調布,3.5288,False
神奈川県川崎市多摩区,35.6196,139.5796,30.7533,183.8642,91.3794,433.0898,508352.111,267913.3359,8225.1479,9599.9989,1.1672,201.1056,7.5064,25861.4,0.497,1.1386,1.3555,1.3612,484,18.0655,270,10.0779,13012.6977,調布,4.7,False
神奈川県川崎市高津区,35.6196,139.6018,28.817,176.4345,83.1965,415.879,560641.148,296516.2747,9694.7708,11018.2672,1.1365,252.4075,8.5124,25602.0,0.4715,1.1344,1.3413,1.3501,558,18.8185,321,10.8257,14778.701,調布,6.3026,False
神奈川県川崎市高津区,35.6196,139.6239,32.3077,168.1708,80.6781,476.5848,611416.0,323333.686,11155.2584,12291.9635,1.1019,272.598,8.4309,24849.3,0.4797,1.1277,1.3298,1.3283,591,18.2783,339,10.4845,16346.2702,三軒茶屋,5.6198,False
東京都世田谷区,35.6196,139.646,34.1008,162.3143,84.9785,513.6522,655819.7488,345725.2907,12268.8692,13213.5456,1.077,317.263,9.1767,26111.6,0.5235,1.1268,1.3305,1.3241,618,17.8755,370,10.7021,17580.3776,三軒茶屋,4.2844,False
東京都世田谷区,35.6196,139.6681,37.0928,157.7747,95.9355,568.2137,665307.7281,348451.1073,12661.3847,13389.1144,1.0575,340.1806,9.7627,25535.7,0.6081,1.1209,1.3113,1.2906,637,18.2809,385,11.0489,17556.5122,三軒茶屋,3.6228,False
東京都目黒区,35.6196,139.6903,37.5703,153.951,102.552,570.3292,621000.0958,324043.8328,12132.7753,12628.736,1.0409,325.6756,10.0504,21856.2,0.6661,1.121,1.3164,1.2967,605,18.6703,372,11.4799,16624.5329,三軒茶屋,3.9861,False
東京都品川区,35.6196,139.7124,34.313,149.6275,100.0784,499.1305,552057.4345,288367.4179,11015.1613,11256.7487,1.0219,296.3872,10.2781,18237.4,0.6689,1.1185,1.3114,1.2884,532,18.4487,334,11.5824,14762.6131,三軒茶屋,5.1622,False
東京都品川区,35.6196,139.7345,29.1459,145.5237,97.2429,413.0673,476784.9748,249413.3002,9613.3375,9649.5709,1.0038,265.2872,10.6365,16061.9,0.6682,1.1155,1.3053,1.2773,437,17.5211,278,11.1462,12595.2044,三軒茶屋,6.7381,False
東京都品川区,35.6196,139.7566,23.6817,144.6772,95.8872,326.1746,390390.0132,203263.4105,7750.1743,7750.1743,1.0,218.1055,10.7302,13651.1,0.6628,1.1299,1.3367,1.3036,345,16.973,239,11.7581,10359.3058,三軒茶屋,8.4942,False
千葉県千葉市美浜区,35.6196,140.0664,39.7772,448.1857,356.7529,254.4024,172965.1418,88582.9402,1406.4892,2978.7182,2.1178,56.254,6.3504,6108.2,0.796,1.2007,1.4815,1.4222,184,20.7715,81,9.144,4413.0706,津田沼,8.6118,False
千葉県千葉市稲毛区,35.6196,140.0885,46.2122,448.1857,386.1713,336.3271,194773.6127,100185.7904,1562.84,3340.6999,2.1376,58.4238,5.8315,7160.6,0.8616,1.193,1.4753,1.4028,202,20.1625,100,9.9815,4928.4893,津田沼,9.6616,False
千葉県千葉市稲毛区,35.6196,140.1106,56.0531,448.1857,399.7659,465.3075,216619.8972,112752.304,1746.2955,3739.6059,2.1415,55.0738,4.8845,8075.6,0.892,1.1978,1.493,1.4148,223,19.7779,107,9.4898,5583.1882,津田沼,10.9782,False
千葉県千葉市中央区,35.6196,140.1327,55.5438,448.1857,400.174,442.0825,217411.72,113173.1221,1656.2511,3670.0016,2.2158,57.1588,5.0506,9099.4,0.8929,1.2021,1.5092,1.4503,225,19.881,105,9.2778,5538.8036,津田沼,12.4775,True
千葉県千葉市若葉区,35.6196,140.1549,54.1804,448.1857,421.9129,428.7165,193796.8636,101499.641,1421.4656,3247.9644,2.2849,49.3238,4.8595,8899.1,0.9414,1.1945,1.4857,1.445,211,20.7883,100,9.8523,4825.6085,津田沼,14.1013,True
千葉県千葉市若葉区,35.6196,140.177,51.5703,448.1857,445.6374,363.6923,163402.3991,86000.2195,1167.1723,2734.5516,2.3429,43.8087,5.094,8028.4,0.9943,1.1945,1.4857,1.445,189,21.9767,90,10.4651,4062.8142,津田沼,15.8113,True
千葉県千葉市若葉区,35.6196,140.1991,53.9894,448.1857,448.1857,296.529,132786.6919,69710.9778,906.9426,2169.3307,2.3919,34.7492,4.9848,6722.7,1.0,1.1902,1.4682,1.4183,151,21.6609,73,10.4718,3185.08,津田沼,17.5823,True
千葉県千葉市若葉区,35.6196,140.2212,55.8992,448.1857,448.1857,326.9219,90213.3453,47921.3829,604.3844,1477.2736,2.4443,14.7548,3.0789,4800.6,1.0,1.1902,1.4682,1.4183,87,18.1547,43,8.973,2168.9798,津田沼,19.3977,True
千葉県八街市,35.6196,140.2876,53.6446,448.1857,448.1857,130.3299,33187.9912,15302.7028,170.565,465.9756,2.732,1.5198,0.9931,1893.7,1.0,1.3035,1.7517,1.9162,26,16.9905,4,2.6139,816.2648,津田沼,25.0123,True
千葉県八街市,35.6196,140.3097,55.1512,448.1857,448.1857,151.5443,35576.6905,16077.5204,239.0871,541.8248,2.2662,1.5198,0.9453,1470.0,1.0,1.3035,1.7517,1.9162,28,17.4156,6,3.7319,949.1323,津田沼,26.9205,True
千葉県八街市,35.6196,140.3319,51.8939,448.1857,448.1857,170.64,38259.3726,17360.2657,286.1713,610.0984,2.1319,2.3548,1.3564,1302.3,1.0,1.245,1.6185,1.7683,33,19.0089,9,5.1843,987.4593,津田沼,28.8409,False
千葉県山武市,35.6196,140.354,44.6048,447.2885,447.2885,173.829,37574.1811,17156.5706,300.152,621.5002,2.0706,2.3548,1.3725,1131.9,1.0,1.245,1.6185,1.7683,32,18.6517,10,5.8287,1005.9134,津田沼,30.7714,False
千葉県山武市,35.6196,140.3761,51.0451,448.1857,448.1857,161.8044,34087.1483,15841.1198,275.7057,578.508,2.0983,1.535,0.969,1138.0,1.0,1.245,1.6185,1.7683,33,20.8319,8,5.0501,936.3295,津田沼,32.7101,False
東京都八王子市,35.6377,139.2478,39.9788,158.5365,158.5365,433.1539,110099.4787,57461.6777,1894.3055,2009.4145,1.0608,18.1631,3.1609,3893.0,1.0,1.1981,1.4985,1.5067,78,13.5743,35,6.091,3011.1499,府中,20.8278,False
東京都八王子市,35.6377,139.2699,42.4615,158.7368,158.7368,472.4736,149957.9877,78224.7358,2567.1299,2725.3418,1.0616,30.7449,3.9303,5464.3,1.0,1.1981,1.4985,1.5067,120,15.3404,64,8.1816,4083.9819,府中,18.8614,False
東京都八王子市,35.6377,139.292,50.5676,159.1463,159.1463,587.6198,185631.6796,95475.6148,3142.0682,3341.2603,1.0634,36.9907,3.8744,6322.8,1.0,1.2153,1.5566,1.5697,140,14.6634,82,8.5886,5200.9707,府中,16.9026,False
東京都八王子市,35.6377,139.3142,53.0292,158.8941,156.3686,659.0452,226218.7033,115583.04,3805.6894,4042.8147,1.0623,47.5434,4.1134,8106.5,0.9841,1.2153,1.5566,1.5697,164,14.1889,103,8.9113,6293.003,府中,14.9544,False
東京都八王子市,35.6377,139.3363,51.8408,158.7899,148.2649,685.4385,264372.2777,135046.0417,4447.4887,4722.6059,1.0619,59.1965,4.3834,9528.7,0.9337,1.203,1.5247,1.5332,191,14.1433,118,8.7378,7200.5592,府中,13.0216,False
神奈川県相模原市緑区,35.6377,139.3584,54.0796,158.489,139.452,743.2189,308221.8012,157625.2697,5196.4905,5511.1958,1.0606,70.0755,4.4457,11133.9,0.8799,1.2133,1.558,1.5594,230,14.5916,149,9.4528,8586.5598,府中,11.1122,False
東京都日野市,35.6377,139.3805,52.191,156.9113,131.1414,700.5935,327063.5411,167358.9474,5600.1268,5901.0834,1.0537,80.276,4.7966,11910.1,0.8358,1.2104,1.5482,1.5516,247,14.7587,171,10.2176,9136.2611,府中,9.2408,False
東京都日野市,35.6377,139.4027,48.2759,153.8638,119.3056,606.615,325638.3016,167363.4585,5704.5688,5935.5904,1.0405,86.521,5.1696,12013.0,0.7754,1.2088,1.548,1.5456,242,14.4595,172,10.277,9188.185,府中,7.4361,False
東京都多摩市,35.6377,139.4248,40.0849,151.7604,105.5259,520.2543,330377.1962,170921.9058,5840.008,6022.8151,1.0313,93.7492,5.4849,12842.6,0.6953,1.187,1.4723,1.4689,240,14.0415,168,9.8291,8867.4629,府中,5.761,False
東京都多摩市,35.6377,139.4469,35.1353,155.3772,88.2481,447.2724,348986.135,181419.0881,6133.9616,6422.7849,1.0471,100.8179,5.5572,14528.1,0.568,1.1925,1.4739,1.4777,261,14.3866,165,9.095,9466.5665,府中,4.3675,False
東京都多摩市,35.6377,139.469,26.7586,162.1876,72.2835,354.2132,358106.7074,187392.8704,6175.4168,6647.5614,1.0765,106.7966,5.6991,15453.3,0.4457,1.1786,1.4278,1.4349,284,15.1553,172,9.1786,9491.4846,府中,3.5989,False
東京都稲城市,35.6377,139.4912,21.1565,166.8376,60.3047,285.8064,377259.3829,198541.5911,6448.3573,7069.0601,1.0963,120.9439,6.0916,16836.8,0.3615,1.177,1.4224,1.4383,322,16.2183,189,9.5194,10055.0523,府中,3.8498,False
東京都稲城市,35.6377,139.5133,18.2918,170.4181,53.2443,255.3327,414767.8073,219042.489,7053.4158,7838.9644,1.1114,143.1606,6.5357,19213.2,0.3124,1.1713,1.4263,1.4379,363,16.5721,202,9.222,11180.7428,調布,2.8657,False
東京都調布市,35.6377,139.5354,23.0027,173.1666,69.1685,311.9204,442845.0372,234108.1678,7526.4806,8451.4623,1.1229,172.6374,7.3743,21125.1,0.3994,1.1673,1.4103,1.4292,415,17.7268,222,9.4828,11919.1251,調布,1.364,False
東京都狛江市,35.6377,139.5575,27.9469,173.5021,78.7392,367.9205,482163.2921,254027.246,8216.7114,9238.0448,1.1243,197.2325,7.7642,23256.0,0.4538,1.1716,1.4231,1.443,462,18.187,254,9.9989,13146.511,調布,1.8715,False
東京都狛江市,35.6377,139.5796,24.2175,169.9674,69.2291,357.0988,528120.4538,278911.0945,9316.0582,10335.9368,1.1095,224.0454,8.0329,24468.0,0.4073,1.1386,1.3555,1.3612,518,18.5722,291,10.4334,14010.2538,調布,3.6246,False
東京都狛江市,35.6377,139.6018,22.7586,164.5922,63.3362,354.8247,578107.7409,306672.8253,10669.7883,11595.0762,1.0867,262.7624,8.5682,25297.3,0.3848,1.112,1.2901,1.2879,568,18.5214,314,10.2389,14958.2815,調布,5.5468,False
東京都世田谷区,35.6377,139.6239,23.3528,159.5293,59.1247,366.3672,630376.1034,335073.2054,12145.3238,12935.3132,1.065,298.7541,8.9161,25092.6,0.3706,1.1126,1.2885,1.283,623,18.593,364,10.8633,16667.544,三軒茶屋,4.5962,False
東京都世田谷区,35.6377,139.646,23.9469,155.1321,61.8296,375.3338,654640.6276,346769.5434,12885.2944,13478.2801,1.046,338.1724,9.7521,25528.0,0.3986,1.1037,1.2595,1.2486,642,18.5137,379,10.9294,16975.3778,三軒茶屋,2.811,False
東京都世田谷区,35.6377,139.6681,30.7905,151.4692,81.5102,464.4653,657548.848,345967.2113,13172.616,13568.1373,1.03,370.5742,10.7113,23753.8,0.5381,1.1026,1.2625,1.2427,650,18.7879,397,11.4751,17129.2183,三軒茶屋,1.6346,False
東京都目黒区,35.6377,139.6903,30.7056,148.2376,83.5119,456.657,618932.8988,324008.9574,12573.9933,12772.6714,1.0158,347.8756,10.7366,20493.9,0.5634,1.1047,1.2808,1.2567,603,18.6106,372,11.4812,16358.7963,三軒茶屋,2.3314,False
東京都目黒区,35.6377,139.7124,26.1645,145.6196,79.8873,390.6189,564584.7723,295532.7744,11614.2765,11663.0051,1.0042,329.8423,11.1609,17851.9,0.5486,1.1049,1.2816,1.2536,543,18.3736,343,11.6062,14947.1206,三軒茶屋,4.0239,False
東京都港区,35.6377,139.7345,21.5279,144.6873,80.0925,324.5657,493487.8533,257614.5256,10035.608,10036.0601,1.0,300.454,11.6629,16116.2,0.5536,1.1069,1.2806,1.2551,465,18.0502,307,11.917,12852.0761,三軒茶屋,5.9112,False
東京都港区,35.6377,139.7566,17.6233,144.6772,79.5222,259.5921,410935.2258,212947.3867,8074.2598,8074.2598,1.0,248.0605,11.6489,14794.1,0.5497,1.1334,1.3242,1.294,376,17.6569,262,12.3035,10692.1909,三軒茶屋,7.854,False
東京都港区,35.6377,139.7788,14.069,144.6772,80.6634,211.0768,354496.6644,180357.4932,6769.676,6769.676,1.0,219.7472,12.184,11629.9,0.5575,1.1413,1.3523,1.3223,310,17.1881,224,12.4198,9154.419,三軒茶屋,9.8194,False
東京都江東区,35.6377,139.8009,14.4934,145.1412,85.3568,188.1155,305076.4978,152218.0906,5489.1757,5500.522,1.0021,178.3522,11.7169,10649.3,0.5881,1.1592,1.4001,1.3775,266,17.4749,167,10.9711,7701.5163,西日暮里,11.0919,False
千葉県浦安市,35.6377,139.8673,19.9947,171.8568,107.3053,239.7783,243538.562,119101.1962,3622.7833,4048.1445,1.1174,85.5465,7.1827,8325.9,0.6244,1.1652,1.3986,1.3633,200,16.7924,115,9.6557,5661.6664,市川,10.2195,False
千葉県浦安市,35.6377,139.8894,17.809,182.3064,106.8788,214.6368,200494.6217,97809.8354,2829.4705,3284.3525,1.1608,59.7865,6.1125,7164.5,0.5863,1.1652,1.3986,1.3633,151,15.4381,91,9.3038,4593.4398,市川,9.7683,False
千葉県浦安市,35.6377,139.9115,30.4191,203.9899,113.8584,167.645,150199.1818,72641.7308,1918.9801,2394.9058,1.248,39.4662,5.433,5804.1,0.5582,1.3419,1.8503,1.9261,118,16.2441,73,10.0493,4431.2135,市川,9.7153,False
千葉県浦安市,35.6377,139.9336,15.0769,239.0166,120.0514,108.1288,126910.5163,60245.1058,1416.8535,1958.4902,1.3823,37.3445,6.1988,4944.9,0.5023,1.2007,1.5243,1.4859,117,19.4207,72,11.9512,2985.2527,津田沼,9.9948,False
千葉県千葉市美浜区,35.6377,140.0442,38.0584,445.4658,258.284,247.6475,200871.0884,103592.3385,1706.3166,3523.8386,2.0652,58.2342,5.6215,6275.4,0.5798,1.2108,1.5389,1.48,191,18.4377,91,8.7844,5422.9146,津田沼,6.0004,False
千葉県千葉市美浜区,35.6377,140.0664,43.2149,448.1857,302.3034,321.1842,222304.4066,114954.1897,1826.1175,3852.7407,2.1098,63.374,5.513,7744.8,0.6745,1.2007,1.4815,1.4222,226,19.66,106,9.2211,5707.9641,津田沼,6.8698,False
千葉県千葉市稲毛区,35.6377,140.0885,51.2361,448.1857,344.1386,428.8736,240573.815,124688.3897,1983.4158,4173.888,2.1044,63.489,5.0918,8278.0,0.7678,1.1931,1.475,1.4099,242,19.4084,116,9.3032,6156.5477,津田沼,8.1471,False
千葉県千葉市稲毛区,35.6377,140.1106,55.2255,448.1857,372.2447,466.2353,245798.8577,128235.8312,1972.1455,4226.9221,2.1433,65.7937,5.1307,9163.1,0.8306,1.1978,1.493,1.4148,250,19.4953,112,8.7339,6310.7458,津田沼,9.6718,False
千葉県千葉市中央区,35.6377,140.1327,58.1751,448.1857,383.536,523.0998,237421.3404,124806.2112,1888.1373,4078.8024,2.1602,56.7438,4.5465,9147.5,0.8558,1.1978,1.493,1.4148,231,18.5087,107,8.5733,6089.6047,津田沼,11.3447,False
千葉県千葉市若葉区,35.6377,140.1549,55.3316,448.1857,404.4054,478.3214,208809.5251,110198.432,1579.1745,3531.6373,2.2364,50.0238,4.5394,9032.2,0.9023,1.1866,1.4572,1.3909,212,19.238,100,9.0745,5146.3543,津田沼,13.1092,True
千葉県千葉市若葉区,35.6377,140.177,52.2122,448.1857,438.6067,404.2939,168429.3876,89137.4445,1223.9005,2834.6321,2.3161,41.6738,4.6752,8063.7,0.9786,1.1866,1.4572,1.3909,182,20.4179,84,9.4236,4130.668,津田沼,14.9328,True
千葉県千葉市若葉区,35.6377,140.1991,57.7347,448.1857,448.1857,369.2562,125787.3059,66572.0458,865.3653,2061.9238,2.3827,25.3293,3.8048,6326.7,1.0,1.1786,1.4261,1.3399,133,19.9784,58,8.7124,2940.4833,津田沼,16.7963,True
千葉県千葉市若葉区,35.6377,140.2212,56.4615,448.1857,448.1857,352.1552,93606.9357,49096.0877,643.06,1516.3774,2.3581,14.4048,2.934,4543.8,1.0,1.1786,1.4261,1.3399,84,17.1093,36,7.3326,2162.4866,津田沼,18.6878,True
千葉県八街市,35.6377,140.2655,58.1645,448.1857,448.1857,181.4071,47071.1216,23040.9215,224.0679,648.5946,2.8946,1.8698,0.8115,2848.7,1.0,1.3035,1.7517,1.9162,33,14.3223,7,3.0381,1136.1644,津田沼,22.5263,True
千葉県八街市,35.6377,140.2876,53.2202,448.1857,448.1857,125.0319,34678.9514,15860.9329,143.4727,447.0335,3.1158,1.5198,0.9582,2196.2,1.0,1.3035,1.7517,1.9162,24,15.1315,5,3.1524,783.0832,津田沼,24.4647,True
千葉県八街市,35.6377,140.3097,54.0477,448.1857,448.1857,137.7077,32666.5544,14596.9637,218.0204,492.3537,2.2583,1.5198,1.0411,1322.5,1.0,1.3035,1.7517,1.9162,23,15.7567,4,2.7403,862.4722,津田沼,26.4121,True
千葉県八街市,35.6377,140.3319,55.1936,448.1857,448.1857,152.0661,34820.0217,15518.4233,252.5932,543.6901,2.1524,1.5198,0.9793,1214.6,1.0,1.3035,1.7517,1.9162,24,15.4655,4,2.5776,952.3999,津田沼,28.3666,False
千葉県八街市,35.6377,140.354,50.8541,448.1857,448.1857,161.3251,35456.9265,15903.2135,277.4549,576.7944,2.0789,2.0048,1.2606,1076.6,1.0,1.2471,1.6173,1.7555,27,16.9777,8,5.0304,932.8724,津田沼,30.3268,False
千葉県山武市,35.6377,140.3761,48.1645,448.1857,448.1857,155.4389,33341.333,15302.3535,264.8901,555.7492,2.098,1.3547,0.8853,1092.9,1.0,1.2359,1.5869,1.7205,32,20.9118,7,4.5745,881.9019,津田沼,32.2918,False
東京都八王子市,35.6557,139.2699,43.5438,152.8277,152.8277,503.6752,143060.2978,75309.2743,2551.7862,2643.5843,1.036,26.9325,3.5763,5204.3,1.0,1.1981,1.4985,1.5067,105,13.9425,56,7.436,3961.4665,府中,18.5855,False
東京都八王子市,35.6557,139.292,50.9708,152.1779,152.1779,697.6974,179875.6502,93591.2269,3145.6422,3249.8622,1.0331,29.7043,3.1738,6511.1,1.0,1.197,1.4991,1.5122,132,14.1039,76,8.1204,4871.723,府中,16.5947,False
東京都八王子市,35.6557,139.3142,52.2016,151.5893,147.4956,699.1627,226999.1992,117662.8401,4072.9222,4197.3609,1.0306,46.831,3.9801,7169.2,0.973,1.203,1.5247,1.5332,162,13.7682,99,8.4139,6399.7179,府中,14.606,False
東京都八王子市,35.6557,139.3363,52.2228,151.0464,140.6543,729.7837,275698.6566,141996.4494,4837.27,4973.5419,1.0282,61.4012,4.3241,10285.7,0.9312,1.203,1.5247,1.5332,188,13.2398,124,8.7326,7583.1614,府中,12.6204,False
東京都日野市,35.6557,139.3584,48.5199,149.6693,128.4538,671.8639,307775.0704,158310.4847,5467.4486,5588.3693,1.0221,77.004,4.8641,11303.1,0.8583,1.1945,1.4992,1.5001,214,13.5177,146,9.2224,8377.8986,府中,10.6398,False
東京都日野市,35.6557,139.3805,46.504,148.021,118.8343,619.1434,323736.4375,166337.993,5871.9263,5959.0862,1.0148,87.5757,5.2649,11256.4,0.8028,1.1976,1.5082,1.5085,236,14.188,159,9.5589,8987.2651,府中,8.6674,False
東京都日野市,35.6557,139.4027,41.8674,146.7183,106.7184,567.8651,325400.7209,168050.324,5934.5574,5988.4138,1.0091,87.8308,5.2265,12544.2,0.7274,1.1834,1.4641,1.4622,240,14.2814,162,9.64,8767.3928,府中,6.7108,False
東京都多摩市,35.6557,139.4248,36.626,146.5613,94.5473,487.1525,335687.8388,174544.8687,6199.0138,6250.9534,1.0084,98.4472,5.6402,13187.2,0.6451,1.1761,1.4268,1.4154,254,14.5521,167,9.5677,8918.8676,府中,4.7889,False
東京都多摩市,35.6557,139.4469,32.3501,149.9897,80.5492,434.1589,345004.7988,180024.2941,6375.8233,6525.8267,1.0235,99.0155,5.5001,13650.0,0.537,1.1778,1.4229,1.4212,263,14.6091,159,8.8321,9285.834,府中,2.9702,False
東京都府中市,35.6557,139.469,21.5809,155.1199,55.8376,301.4738,375879.5791,197001.2774,6839.5065,7153.8993,1.046,114.6588,5.8202,15643.4,0.36,1.1768,1.4137,1.4191,308,15.6344,182,9.2385,10113.6021,府中,1.6435,False
東京都府中市,35.6557,139.4912,11.0345,158.7726,33.3248,180.6686,407581.159,215785.1151,7331.4215,7784.3887,1.0618,132.9661,6.162,18590.3,0.2099,1.1674,1.4055,1.4179,363,16.8223,210,9.7319,10941.3348,府中,2.1376,False
東京都稲城市,35.6557,139.5133,6.5252,161.1503,25.2365,138.4346,434071.5113,230511.7025,7853.1075,8418.6176,1.072,149.58,6.489,19826.2,0.1566,1.1649,1.3981,1.408,389,16.8755,214,9.2837,11769.8546,調布,2.7012,False
東京都調布市,35.6557,139.5354,1.9416,162.2413,12.7322,69.1134,465843.6329,247652.7307,8455.0214,9103.3992,1.0767,174.4262,7.0432,22025.6,0.0785,1.151,1.3632,1.3774,432,17.4438,231,9.3276,12409.4991,調布,0.9727,False
東京都調布市,35.6557,139.5575,13.7082,160.8648,39.3292,219.7165,502847.0027,266961.9959,9309.4035,9968.3795,1.0708,201.7672,7.5579,23157.5,0.2445,1.1613,1.3898,1.4079,483,18.0925,253,9.477,13854.3318,調布,1.6086,False
東京都狛江市,35.6557,139.5796,15.4483,158.7322,44.5535,260.7476,549964.3824,291389.8108,10417.7849,11059.6249,1.0616,236.3725,8.1119,24078.4,0.2807,1.1179,1.301,1.3009,542,18.6005,298,10.2269,14388.193,調布,3.4958,False
東京都狛江市,35.6557,139.6018,16.6048,155.4443,44.0309,278.6555,599259.061,318974.4061,11730.1019,12285.8409,1.0474,271.4325,8.5095,25036.1,0.2833,1.1136,1.2917,1.2909,595,18.6535,337,10.5651,15870.0034,調布,5.4631,False
東京都世田谷区,35.6557,139.6239,13.3899,152.1803,40.8673,244.9798,638386.6267,340270.7709,12885.3902,13312.4369,1.0331,338.3409,9.9433,24612.6,0.2685,1.1017,1.2585,1.2452,649,19.073,378,11.1088,16753.3824,三軒茶屋,4.3247,False
東京都世田谷区,35.6557,139.646,11.7029,149.1844,36.3151,228.4648,665875.9558,354544.2733,13715.1167,13989.1462,1.02,360.0744,10.156,24580.3,0.2434,1.0936,1.2317,1.2076,671,18.9257,391,11.0282,17230.5617,三軒茶屋,2.3416,False
東京都世田谷区,35.6557,139.6681,3.1936,146.7762,22.8658,137.5982,665006.7727,352325.0743,13718.3132,13846.3261,1.0093,376.341,10.6816,24663.4,0.1558,1.0928,1.2406,1.2123,672,19.0733,402,11.4099,17177.2994,三軒茶屋,0.5044,False
東京都渋谷区,35.6557,139.6903,16.3714,145.0183,51.4251,277.1316,633085.3936,334174.2406,13124.801,13144.7462,1.0015,382.9807,11.4605,22588.4,0.3546,1.0968,1.2499,1.2231,634,18.9721,381,11.4012,16429.5955,三軒茶屋,1.737,False
東京都渋谷区,35.6557,139.7124,16.4562,144.6772,56.4258,274.0356,592386.686,311067.0249,12284.0458,12284.0458,1.0,370.554,11.9124,19246.6,0.39,1.1053,1.2686,1.2392,583,18.7419,371,11.9267,15583.4766,三軒茶屋,3.711,False
東京都港区,35.6557,139.7345,14.9602,144.6772,58.754,249.6265,541882.3869,282347.9972,10935.2642,10935.2642,1.0,342.2525,12.1217,18375.7,0.4061,1.1178,1.2893,1.258,532,18.842,353,12.5023,14098.7901,三軒茶屋,5.7024,False
東京都港区,35.6557,139.7566,13.4642,144.6772,63.8611,225.071,482184.1509,249055.6861,9529.841,9529.841,1.0,317.1642,12.7347,15872.5,0.4414,1.1304,1.3114,1.277,466,18.7107,313,12.5675,12497.1237,三軒茶屋,7.6977,False
東京都中央区,35.6557,139.7788,13.5703,144.6772,68.5414,221.9686,438088.0226,223400.9655,8325.7981,8325.7981,1.0,270.4942,12.108,15139.0,0.4738,1.1353,1.3244,1.2929,417,18.666,261,11.683,11027.0237,西日暮里,8.7867,False
東京都江東区,35.6557,139.8009,15.4271,145.2628,76.6275,234.3905,396163.0293,200368.6802,7194.6524,7213.4181,1.0026,221.6392,11.0616,14770.5,0.5275,1.1476,1.3404,1.3139,383,19.1148,237,11.8282,9668.783,西日暮里,9.1591,False
東京都江東区,35.6557,139.823,18.2069,153.196,88.2949,250.015,370644.5598,187124.4635,6423.2692,6664.6775,1.0376,195.8922,10.4686,12753.2,0.5764,1.151,1.3673,1.3337,355,18.9713,216,11.5431,9112.3739,西日暮里,9.9276,False
東京都江東区,35.6557,139.8451,22.0796,159.7704,94.6891,286.0564,370773.5254,186205.7984,6140.9934,6546.8068,1.0661,172.0918,9.242,12598.1,0.5927,1.1588,1.381,1.3474,329,17.6686,190,10.2038,9041.0217,市川,9.3071,False
千葉県浦安市,35.6557,139.8673,24.0902,164.4289,95.1775,301.5953,341803.5522,171236.5296,5453.9414,5923.116,1.086,132.6367,7.7458,11606.6,0.5788,1.1652,1.3986,1.3633,290,16.9356,160,9.3438,8283.9699,市川,8.3439,False
千葉県浦安市,35.6557,139.8894,22.9231,175.7796,101.9474,279.567,292768.3847,146138.0037,4413.2764,5003.7484,1.1338,103.3632,7.073,9922.2,0.58,1.1652,1.3986,1.3633,242,16.5597,138,9.4431,6998.1579,市川,7.7848,False
千葉県浦安市,35.6557,139.9115,19.7719,202.7146,103.7389,228.5389,236001.5805,117534.4538,3216.766,3998.3517,1.243,71.7015,6.1005,8260.9,0.5117,1.1622,1.4311,1.385,213,18.1223,113,9.6142,5721.9621,市川,7.7182,False
千葉県浦安市,35.6557,139.9336,17.7294,246.7451,97.9641,179.8109,217695.2644,107523.3729,2590.9203,3655.6337,1.4109,59.1362,5.4999,7833.6,0.397,1.1845,1.4926,1.4521,204,18.9726,119,11.0674,5456.4865,市川,8.1561,False
千葉県千葉市花見川区,35.6557,140.0442,37.0928,439.8651,229.5826,338.5995,249678.6151,129956.2201,2177.3843,4460.136,2.0484,60.8785,4.6845,7532.6,0.5219,1.1949,1.5069,1.449,248,19.0833,108,8.3105,6720.7778,津田沼,4.1322,False
千葉県千葉市花見川区,35.6557,140.0664,49.0292,448.1857,287.5733,413.541,270218.7584,140489.242,2256.0172,4724.0066,2.094,70.1635,4.9942,9121.1,0.6416,1.2007,1.4815,1.4222,273,19.4321,124,8.8263,6998.7737,津田沼,5.3162,False
千葉県千葉市花見川区,35.6557,140.0885,55.5809,444.4508,330.9989,500.7551,285457.6952,148752.0232,2439.441,5030.4619,2.0621,75.8287,5.0977,8870.4,0.7447,1.1951,1.492,1.421,302,20.3022,140,9.4116,7505.4725,津田沼,6.8875,False
千葉県千葉市稲毛区,35.6557,140.1106,60.5199,445.5848,358.7907,594.7238,286364.6599,149786.1719,2432.3475,5024.083,2.0655,69.424,4.6349,8946.4,0.8052,1.1953,1.4945,1.4172,280,18.6933,129,8.6123,7508.3577,津田沼,8.6372,False
千葉県千葉市稲毛区,35.6557,140.1327,61.3263,448.1857,375.8334,609.6288,273809.0777,144078.7234,2289.7272,4789.6555,2.0918,64.6787,4.4891,9186.7,0.8386,1.1953,1.4945,1.4172,262,18.1845,116,8.0512,7158.012,津田沼,10.4763,False
千葉県四街道市,35.6557,140.1549,56.9655,448.1857,394.6268,520.2045,232679.5176,123073.255,1872.7677,4025.918,2.1497,57.1438,4.6431,8835.6,0.8805,1.1825,1.4593,1.3886,232,18.8506,104,8.4503,5875.1532,津田沼,12.3649,False
千葉県四街道市,35.6557,140.177,55.2467,448.1857,430.6203,457.8516,180378.6809,95254.2282,1380.4486,3064.505,2.2199,41.739,4.3819,7638.6,0.9608,1.1866,1.4572,1.3909,179,18.7918,82,8.6085,4465.6421,津田沼,14.2835,True
千葉県四街道市,35.6557,140.1991,65.6976,448.1857,448.1857,447.3656,127965.8988,67282.253,902.0269,2096.045,2.3237,21.4795,3.1924,6035.4,1.0,1.2056,1.5053,1.4494,127,18.8757,49,7.2828,3155.1173,津田沼,16.2213,True
千葉県四街道市,35.6557,140.2212,64.3873,448.1857,448.1857,355.5885,98229.2714,50697.9404,681.6724,1587.2895,2.3285,15.42,3.0415,4606.7,1.0,1.2214,1.5947,1.5408,88,17.3577,40,7.8899,2531.1924,津田沼,18.1723,True
千葉県八街市,35.6557,140.2434,62.6844,448.1857,448.1857,315.5991,80557.7533,40640.1102,557.1916,1281.0084,2.299,11.2398,2.7657,3597.4,1.0,1.2314,1.613,1.5847,73,17.9625,29,7.1358,2066.2917,津田沼,20.1326,True
千葉県八街市,35.6557,140.2655,62.2122,448.1857,448.1857,230.2574,55748.0663,26835.9779,328.6826,823.252,2.5047,3.9197,1.4606,2864.8,1.0,1.3041,1.7524,1.8565,39,14.5327,13,4.8442,1442.7065,津田沼,22.0998,True
千葉県八街市,35.6557,140.2876,55.931,448.1857,448.1857,158.1727,39395.2163,17839.665,230.4896,565.5234,2.4536,1.8698,1.0481,1898.3,1.0,1.3041,1.7524,1.8565,25,14.0137,7,3.9238,991.0505,津田沼,24.0721,True
千葉県八街市,35.6557,140.3097,54.1326,448.1857,448.1857,138.8253,32985.5275,14695.1459,221.0635,496.3498,2.2453,1.5198,1.0342,1308.1,1.0,1.3035,1.7517,1.9162,19,12.9294,4,2.722,869.4723,津田沼,26.0484,True
千葉県八街市,35.6557,140.3319,55.0345,448.1857,448.1857,140.7078,33006.1956,14768.2755,226.8901,503.0804,2.2173,1.5198,1.0291,1267.6,1.0,1.3312,1.8518,2.0207,24,16.2511,4,2.7085,931.6079,津田沼,28.0278,True
千葉県八街市,35.6557,140.354,51.9469,448.1857,448.1857,143.2206,33867.4735,15218.198,224.6892,512.0643,2.279,1.5198,0.9986,1415.0,1.0,1.2684,1.6793,1.8219,26,17.0848,5,3.2855,859.8995,津田沼,30.0098,True
千葉県八街市,35.6557,140.3761,47.1671,448.1857,448.1857,145.443,31356.721,14626.4111,236.4341,520.0105,2.1994,1.3547,0.9262,1263.5,1.0,1.2359,1.5869,1.7205,30,20.5108,6,4.1022,825.1892,津田沼,31.9938,True
東京都八王子市,35.6737,139.2478,42.4403,145.6647,145.6647,472.5053,111550.0381,59991.5331,2039.3698,2048.3349,1.0044,17.7202,2.9538,5076.9,1.0,1.1991,1.508,1.512,79,13.1685,35,5.8342,3088.854,府中,20.5217,False
東京都八王子市,35.6737,139.2699,43.6711,145.1239,145.1239,503.0901,144024.9612,76482.1264,2618.7272,2623.9387,1.002,27.1802,3.5538,6088.6,1.0,1.1991,1.508,1.512,111,14.5132,61,7.9757,3956.8548,府中,18.5237,False
東京都八王子市,35.6737,139.292,51.2467,145.7315,145.7315,723.5698,187886.8032,99079.7225,3445.9263,3462.0991,1.0047,32.302,3.2602,7054.9,1.0,1.1935,1.4971,1.5112,132,13.3226,78,7.8724,5183.0012,府中,16.5259,False
東京都八王子市,35.6737,139.3142,49.687,146.1124,141.6427,715.6432,236168.5476,123715.0092,4309.8415,4337.3638,1.0064,49.5272,4.0033,8697.6,0.9694,1.1875,1.4818,1.4883,174,14.0646,104,8.4064,6427.0799,府中,14.5283,False
東京都八王子市,35.6737,139.3363,48.1538,145.8682,135.6881,702.8362,274209.4106,142995.0371,4965.8406,4992.1638,1.0053,64.3758,4.502,10777.2,0.9302,1.1811,1.4625,1.4618,201,14.0564,120,8.3919,7301.2838,府中,12.5309,False
東京都日野市,35.6737,139.3584,47.183,145.1127,124.961,705.528,304621.302,158267.5718,5602.2945,5613.1641,1.0019,73.8822,4.6682,11279.7,0.8611,1.1786,1.4509,1.4534,223,14.0901,127,8.0244,8143.9695,府中,10.5339,False
東京都日野市,35.6737,139.3805,44.3714,144.6811,110.4766,619.0878,334193.2313,173861.3734,6238.4006,6238.5084,1.0,91.154,5.2429,11735.7,0.7636,1.1874,1.476,1.4725,240,13.8041,157,9.0302,9207.7814,府中,8.5377,False
東京都日野市,35.6737,139.4027,40.1698,144.938,99.3529,542.8905,351385.0098,182089.7145,6540.4035,6548.0034,1.0012,102.5808,5.6335,12585.9,0.6855,1.1817,1.4496,1.447,266,14.6082,179,9.8303,9491.7535,府中,6.5428,False
東京都国立市,35.6737,139.4248,36.8064,145.2554,90.7709,520.6969,363280.8253,188861.202,6790.0919,6807.5777,1.0026,105.1358,5.5668,13575.8,0.6249,1.1682,1.3925,1.3882,291,15.4081,184,9.7426,9479.7033,府中,4.5511,False
東京都国立市,35.6737,139.4469,34.0477,146.227,82.7898,472.4012,368483.044,192746.355,6951.6011,6999.5288,1.0069,110.174,5.716,14010.7,0.5662,1.1712,1.3939,1.3908,296,15.357,173,8.9755,9756.8024,府中,2.57,False
東京都府中市,35.6737,139.469,28.0955,149.3189,67.8136,408.9392,393731.5453,207280.9127,7383.3116,7535.2068,1.0206,118.1908,5.702,16567.2,0.4542,1.1672,1.3817,1.3803,326,15.7274,197,9.504,10411.4284,府中,0.6964,False
東京都府中市,35.6737,139.4912,6.3342,151.8355,25.6786,150.5169,428812.5748,226805.8767,8065.1463,8320.2597,1.0316,144.474,6.3699,18595.5,0.1691,1.1617,1.3718,1.3802,381,16.7985,223,9.8322,11413.5828,府中,1.5339,False
東京都小金井市,35.6737,139.5133,2.9496,152.9546,17.1878,100.3122,453494.7849,241120.5058,8689.3173,9006.725,1.0365,165.7637,6.8747,19550.4,0.1124,1.1598,1.3709,1.3824,424,17.5846,237,9.8291,12347.5111,府中,3.4941,False
東京都三鷹市,35.6737,139.5354,1.8143,152.7278,13.98,83.8821,489954.0316,261265.9217,9484.962,9822.0311,1.0355,190.8055,7.3031,21768.7,0.0915,1.1441,1.3412,1.3514,477,18.2573,259,9.9133,13173.5696,調布,2.8402,False
東京都三鷹市,35.6737,139.5575,4.3926,152.1674,23.1478,145.8324,524286.5502,280118.2408,10273.0443,10612.934,1.0331,211.299,7.5432,23347.6,0.1521,1.1214,1.2925,1.2965,521,18.5993,263,9.3889,13717.6746,調布,3.1158,False
東京都三鷹市,35.6737,139.5796,8.7851,150.7578,29.1108,189.7003,570000.0109,304423.7486,11316.5338,11620.9952,1.0269,245.3657,8.06,25275.7,0.1931,1.1062,1.2675,1.2643,568,18.6582,309,10.1503,14729.3862,三鷹,3.9258,False
東京都三鷹市,35.6737,139.6018,9.8249,149.0952,30.0497,205.3068,622188.096,333087.5331,12638.0815,12885.6159,1.0196,287.0925,8.6191,26388.9,0.2015,1.0977,1.2504,1.2405,641,19.2442,346,10.3877,16112.1366,三鷹,5.1617,False
東京都杉並区,35.6737,139.6239,7.8196,147.069,27.772,185.6701,657148.3289,351755.4545,13621.2636,13766.0517,1.0106,335.5677,9.5398,26612.2,0.1888,1.0984,1.2189,1.189,694,19.7296,395,11.2294,16778.7589,高円寺,3.7337,False
東京都杉並区,35.6737,139.646,4.9867,145.3592,23.5977,159.4657,682132.9418,365219.0227,14251.2557,14294.5406,1.003,362.1342,9.9155,27724.2,0.1623,1.0937,1.2081,1.1734,709,19.413,397,10.8702,17269.8659,高円寺,2.7506,False
東京都渋谷区,35.6737,139.6681,1.9204,144.6848,20.2582,123.7439,681098.3348,362906.3697,14252.6267,14253.1108,1.0,398.7892,10.9888,27033.6,0.14,1.0954,1.2099,1.1736,723,19.9225,430,11.8488,17244.3255,三軒茶屋,2.4233,False
東京都渋谷区,35.6737,139.6903,6.1645,144.6772,29.2853,167.4924,661350.3834,349894.7942,13786.7154,13786.7154,1.0,397.2262,11.3527,24150.6,0.2024,1.1001,1.221,1.1882,695,19.8631,435,12.4323,16833.8366,三軒茶屋,2.9384,False
東京都渋谷区,35.6737,139.7124,10.1326,144.6772,38.5655,207.0772,636502.4949,334727.5174,13241.6174,13241.6174,1.0,388.7625,11.6143,20720.1,0.2666,1.0999,1.2478,1.2183,658,19.6578,405,12.0994,16522.5766,三軒茶屋,4.403,False
東京都港区,35.6737,139.7345,11.4058,144.6772,44.5677,217.2862,613264.0895,318998.8364,12436.542,12436.542,1.0,383.2328,12.0136,19844.1,0.308,1.1161,1.2823,1.2499,638,20.0001,409,12.8214,15947.2879,三軒茶屋,6.1748,False
東京都中央区,35.6737,139.7566,13.3899,144.6772,53.0477,235.7377,571508.081,295626.0171,11248.3942,11248.3942,1.0,352.4162,11.921,19597.3,0.3667,1.127,1.2981,1.26,569,19.2473,379,12.8203,14601.4185,西日暮里,6.885,False
東京都中央区,35.6737,139.7788,15.5119,144.6772,62.2083,250.9265,519235.364,265710.0642,9954.5974,9954.5974,1.0,308.8295,11.6228,16972.3,0.43,1.1335,1.3063,1.2746,512,19.2691,317,11.9303,13003.4175,西日暮里,6.7899,False
東京都江東区,35.6737,139.8009,18.5889,145.1643,68.5817,281.4375,492772.708,251877.6717,9178.0054,9197.9205,1.0022,264.991,10.5206,17425.3,0.4724,1.1375,1.3249,1.2878,472,18.7393,286,11.3547,12186.2138,西日暮里,7.2653,False
東京都江東区,35.6737,139.823,22.2493,151.1128,78.5675,324.0827,480331.3487,244921.506,8524.3005,8766.9254,1.0285,234.7175,9.5834,16336.2,0.5199,1.147,1.3487,1.3167,461,18.8224,265,10.8198,11823.5232,西日暮里,8.2127,False
東京都江東区,35.6737,139.8451,25.5597,156.9392,86.9397,361.7065,471753.2451,240444.4882,8117.9156,8555.1591,1.0539,214.664,8.9278,15413.4,0.554,1.1453,1.34,1.3022,438,18.2163,241,10.0231,11463.8812,市川,7.7353,False
東京都江戸川区,35.6737,139.8673,25.878,166.4622,90.4956,358.7162,447273.7363,226643.3033,7283.4495,7972.9445,1.0947,186.5985,8.2331,14825.9,0.5436,1.1467,1.3576,1.3182,414,18.2666,216,9.5304,10824.4591,市川,6.5451,False
千葉県浦安市,35.6737,139.8894,28.3077,180.4705,95.9218,358.9435,397200.8807,200416.8933,6096.8152,7030.9341,1.1532,142.1732,7.0939,12950.4,0.5315,1.1626,1.4067,1.3691,358,17.8628,188,9.3804,9890.7609,市川,5.8157,False
千葉県浦安市,35.6737,139.9115,24.7798,204.6693,92.8503,301.9817,341417.4238,172380.6377,4844.5252,6058.9912,1.2507,106.9115,6.2021,10499.9,0.4537,1.1622,1.4311,1.385,317,18.3895,165,9.5718,8670.9026,市川,5.7262,False
千葉県浦安市,35.6737,139.9336,21.4058,246.7023,90.8751,258.1451,302931.6743,152290.4567,3783.0538,5337.0653,1.4108,79.0257,5.1891,9593.0,0.3684,1.1622,1.4311,1.385,279,18.3203,149,9.7839,7637.7687,市川,6.3039,False
千葉県習志野市,35.6737,140.0,9.9045,439.0857,66.6376,98.5375,246876.4526,125579.6094,2120.7282,4339.117,2.0461,57.184,4.5536,7698.3,0.1518,1.1926,1.5002,1.4347,231,18.3947,113,8.9983,6509.7352,津田沼,2.7871,False
千葉県習志野市,35.6737,140.0221,26.817,440.5386,144.4745,255.1937,273398.482,142143.1098,2368.8349,4857.0914,2.0504,60.454,4.253,8255.8,0.3279,1.1926,1.5002,1.4347,259,18.2211,118,8.3015,7286.8233,津田沼,1.7267,False
千葉県習志野市,35.6737,140.0442,47.4589,439.591,243.873,499.0118,296712.5153,155506.3002,2591.5796,5306.4365,2.0476,62.5088,4.0197,8932.8,0.5548,1.1932,1.5062,1.4464,286,18.3915,124,7.974,7992.5291,津田沼,2.4861,False
千葉県千葉市花見川区,35.6737,140.0664,59.0875,448.1857,289.2307,589.9678,315740.868,165871.5652,2671.1323,5576.7042,2.0878,68.9435,4.1564,10587.1,0.6453,1.1932,1.5062,1.4464,301,18.1466,138,8.3197,8399.605,津田沼,4.1672,False
千葉県千葉市花見川区,35.6737,140.0885,59.13,441.0828,317.3366,582.9053,330595.9094,172244.1673,2845.3903,5838.8734,2.052,84.5787,4.9104,9970.4,0.7194,1.201,1.4996,1.432,322,18.6944,149,8.6505,8756.1616,津田沼,6.0446,False
千葉県千葉市花見川区,35.6737,140.1106,60.504,437.7244,339.5451,615.4708,317769.6221,165167.6417,2728.0739,5570.6111,2.042,79.0137,4.7839,9185.2,0.7757,1.1951,1.492,1.421,311,18.8294,145,8.779,8311.3777,津田沼,7.9808,False
千葉県四街道市,35.6737,140.1327,60.5623,447.1191,367.7411,590.7724,291317.8496,151638.6884,2444.4381,5060.2611,2.0701,72.7892,4.8002,9133.4,0.8225,1.1953,1.4945,1.4172,281,18.5309,133,8.7708,7562.4249,津田沼,9.9417,False
千葉県四街道市,35.6737,140.1549,58.7003,448.1857,393.437,553.5658,241932.8193,126302.0603,2019.4002,4200.0694,2.0799,57.3192,4.5383,7797.5,0.8778,1.1825,1.4673,1.3962,237,18.7645,109,8.6301,6162.7143,津田沼,11.9149,False
千葉県四街道市,35.6737,140.177,59.618,448.1857,417.493,504.9933,189025.7874,98601.033,1485.0527,3189.7109,2.1479,39.5298,4.0091,6981.7,0.9315,1.2065,1.5141,1.4678,179,18.154,85,8.6206,4829.6284,津田沼,13.8953,False
千葉県四街道市,35.6737,140.1991,63.061,448.1857,448.1114,448.26,141648.0514,73502.0511,1089.4926,2359.7077,2.1659,26.3598,3.5863,5358.5,0.9998,1.2214,1.5947,1.5408,129,17.5505,62,8.4351,3762.9393,津田沼,15.8802,False
千葉県四街道市,35.6737,140.2212,65.2997,448.1857,448.1857,360.8892,109510.5583,55687.8994,789.9834,1769.5269,2.24,18.605,3.3409,4572.8,1.0,1.2255,1.6024,1.5486,100,17.9572,52,9.3378,2835.4419,津田沼,17.8681,True
千葉県佐倉市,35.6737,140.2434,70.7958,448.1857,448.1857,361.7525,86178.7868,42754.6406,648.3238,1401.9323,2.1624,11.2897,2.6406,3172.4,1.0,1.2706,1.7072,1.7093,76,17.7758,26,6.0812,2393.3668,津田沼,19.858,False
千葉県八街市,35.6737,140.2655,65.0822,448.1857,448.1857,268.9651,60721.6168,28743.7657,447.9974,961.6455,2.1465,4.4048,1.5324,2112.9,1.0,1.2825,1.7274,1.7774,43,14.9598,19,6.6101,1661.1444,津田沼,21.8495,False
千葉県八街市,35.6737,140.2876,62.3448,448.1857,448.1857,230.7784,52686.2413,24511.8912,373.3897,825.1148,2.2098,4.4048,1.797,2046.0,1.0,1.2944,1.7621,1.8268,41,16.7266,18,7.3434,1453.9676,津田沼,23.8421,True
千葉県八街市,35.6737,140.3097,60.6525,448.1857,448.1857,201.4601,46905.5712,21225.1548,328.5689,720.2914,2.1922,2.5698,1.2107,1736.4,1.0,1.3266,1.8327,1.9579,31,14.6053,12,5.6537,1320.05,津田沼,25.8355,True
千葉県八街市,35.6737,140.3319,50.0318,446.7261,446.7261,172.9023,39619.9221,17519.3674,298.7944,618.1872,2.0689,1.8698,1.0672,1117.3,1.0,1.311,1.7897,1.9497,24,13.6991,8,4.5664,1106.3465,津田沼,27.8297,False
千葉県八街市,35.6737,140.354,55.9629,448.1857,448.1857,154.4115,36146.8668,15931.5013,254.3906,552.0758,2.1702,1.8698,1.1736,1279.4,1.0,1.311,1.7897,1.9497,26,16.3199,9,5.6492,988.0295,津田沼,29.8244,False
千葉県芝山町,35.6737,140.3761,55.008,448.1857,448.1857,144.2526,32580.892,14852.7589,228.8805,515.7542,2.2534,0.8698,0.5856,1369.4,1.0,1.311,1.7897,1.9497,27,18.1784,6,4.0397,923.0259,津田沼,31.8195,True
東京都日の出町,35.6918,139.2478,38.7905,144.6946,144.6946,417.8723,108463.995,58930.0793,1932.9557,1933.1059,1.0001,18.5752,3.1521,5777.6,1.0,1.1991,1.508,1.512,78,13.236,32,5.4302,2915.0907,本院,19.5074,False
東京都あきる野市,35.6918,139.2699,41.2361,144.6778,144.6778,462.172,153527.5935,81738.2009,2707.6483,2707.6554,1.0,32.6288,3.9919,7919.8,1.0,1.1954,1.5019,1.5142,119,14.5587,59,7.2182,4066.5684,本院,18.0228,False
東京都八王子市,35.6918,139.292,49.3846,144.6774,144.6774,659.1544,198622.5077,104367.0281,3566.1732,3566.1757,1.0,38.4737,3.6864,8988.4,1.0,1.1954,1.5019,1.5142,150,14.3724,86,8.2402,5355.9613,本院,16.6456,False
東京都八王子市,35.6918,139.3142,48.8276,144.6772,140.4913,683.7487,237932.7985,125082.9807,4327.6025,4327.6025,1.0,52.3822,4.1878,9864.2,0.9711,1.1892,1.4862,1.4916,189,15.11,103,8.2345,6431.8389,府中,14.7256,False
東京都昭島市,35.6918,139.3363,47.0716,144.6772,131.34,674.2604,274634.8904,144313.7222,4985.4874,4985.4874,1.0,66.004,4.5736,11621.2,0.9078,1.1811,1.4625,1.4618,212,14.6902,127,8.8003,7291.5192,府中,12.7596,False
東京都昭島市,35.6918,139.3584,46.3873,144.6772,119.1173,677.8002,307458.0651,161723.3495,5678.1286,5678.1286,1.0,76.004,4.6996,11776.9,0.8233,1.1796,1.4582,1.4574,232,14.3455,133,8.2239,8280.0065,府中,10.8055,False
東京都日野市,35.6918,139.3805,43.1618,144.6772,107.5383,619.5313,331302.2714,173722.8187,6147.7553,6147.7553,1.0,87.309,5.0258,12430.7,0.7433,1.1765,1.4355,1.4311,249,14.3332,157,9.0374,8825.0997,府中,8.871,False
東京都日野市,35.6918,139.4027,38.1857,144.6772,93.6904,533.9989,358530.346,188383.2666,6740.0878,6740.0887,1.0,104.9175,5.5694,13537.6,0.6476,1.1717,1.4056,1.3964,283,15.0226,190,10.0858,9473.8611,府中,6.9727,False
東京都国立市,35.6918,139.4248,36.6048,144.8551,82.0832,525.3946,382619.796,201038.1109,7246.556,7252.3007,1.0008,107.1458,5.3296,14697.1,0.5667,1.169,1.397,1.3907,310,15.42,188,9.3515,10131.3011,府中,5.1505,False
東京都国立市,35.6918,139.4469,33.6233,144.9341,73.7053,493.8092,402752.5845,212634.7473,7702.1041,7710.9196,1.0011,115.0522,5.4108,15577.2,0.5085,1.1669,1.3874,1.3829,321,15.0963,177,8.3241,10697.7547,府中,3.5246,False
東京都国分寺市,35.6918,139.469,26.6419,145.3732,58.2612,404.1149,418242.4432,221076.6773,8052.2063,8077.1634,1.0031,120.664,5.458,16718.3,0.4008,1.1602,1.3671,1.3653,347,15.6959,199,9.0014,11041.903,府中,2.5108,False
東京都小金井市,35.6918,139.4912,14.695,146.5017,37.2573,247.9178,447665.228,237611.3116,8749.1658,8820.1587,1.0081,146.484,6.1649,18446.7,0.2543,1.1517,1.3522,1.3552,405,17.0446,215,9.0484,11926.7995,府中,2.8586,False
東京都小金井市,35.6918,139.5133,6.5358,147.4617,24.3502,162.347,477584.9531,254611.0619,9490.4906,9607.8789,1.0124,169.539,6.6587,19382.8,0.1651,1.1429,1.3244,1.3296,442,17.3598,237,9.3083,12724.4169,府中,4.2456,False
東京都三鷹市,35.6918,139.5354,2.3342,147.8273,16.3036,106.5394,514426.1115,274953.8871,10211.1603,10353.9826,1.014,200.804,7.3032,22575.5,0.1103,1.1414,1.3202,1.322,493,17.9303,272,9.8926,13669.7912,三鷹,2.6375,False
東京都三鷹市,35.6918,139.5575,3.5968,147.5078,19.3077,140.8252,559666.3691,300136.082,11293.9439,11435.9415,1.0126,217.3758,7.2426,24204.7,0.1309,1.1163,1.2781,1.2733,553,18.425,276,9.1958,14616.8095,三鷹,1.49,False
東京都三鷹市,35.6918,139.5796,7.3634,146.7431,24.39,180.0681,602227.7265,323394.0577,12237.5099,12349.9108,1.0092,251.1875,7.7672,26527.6,0.1662,1.1012,1.2378,1.2295,608,18.8006,315,9.7404,15286.5666,三鷹,2.3381,False
東京都杉並区,35.6918,139.6018,7.618,145.1505,24.531,183.8651,649627.38,348788.5664,13447.2081,13475.5624,1.0021,294.3692,8.4398,27634.3,0.169,1.1012,1.2212,1.1983,669,19.1807,368,10.5508,16456.737,三鷹,4.0861,False
東京都杉並区,35.6918,139.6239,6.313,144.6772,23.8442,173.3217,676491.4318,363686.3011,14102.4629,14102.4629,1.0,332.306,9.1372,28811.3,0.1648,1.096,1.2124,1.183,707,19.4398,404,11.1085,17097.922,高円寺,2.6818,False
東京都杉並区,35.6918,139.646,2.8117,144.6772,20.169,136.3637,688013.6733,368327.9363,14419.704,14419.704,1.0,369.966,10.0445,27675.9,0.1394,1.095,1.2107,1.1762,729,19.7921,424,11.5115,17457.6327,高円寺,0.9049,False
東京都中野区,35.6918,139.6681,7.9363,144.6772,27.8462,187.0093,696136.5675,370551.6026,14550.4579,14550.4579,1.0,378.106,10.2039,27045.2,0.1925,1.0993,1.218,1.1846,757,20.429,448,12.0901,17722.0687,高円寺,1.5585,False
東京都新宿区,35.6918,139.6903,11.3846,144.6772,35.2377,225.2172,689798.9677,364613.5576,14349.9294,14349.9294,1.0,385.5445,10.5741,25189.7,0.2436,1.1021,1.2303,1.1966,736,20.1858,442,12.1224,17654.2431,高円寺,3.4673,False
東京都新宿区,35.6918,139.7124,11.0981,144.6772,37.6099,221.9483,678794.3843,356740.5892,14056.2609,14056.2609,1.0,400.1827,11.2178,22681.4,0.26,1.1029,1.231,1.1963,734,20.5752,454,12.7263,17302.6858,高円寺,5.4405,False
東京都千代田区,35.6918,139.7345,11.8408,144.6772,39.5412,224.4686,678170.2433,354255.9619,13678.2508,13678.2508,1.0,402.0012,11.3478,22845.2,0.2733,1.1199,1.2783,1.2403,705,19.9009,449,12.6745,17484.5884,西日暮里,5.7977,False
東京都千代田区,35.6918,139.7566,15.1512,144.6772,49.7345,257.9234,645360.244,334093.9613,12716.9887,12716.9887,1.0,385.838,11.5488,21218.1,0.3438,1.1216,1.283,1.2445,651,19.4855,417,12.4815,16315.2746,西日暮里,4.933,False
東京都千代田区,35.6918,139.7788,18.8966,144.6772,61.1597,301.2508,597352.3959,307773.9737,11534.2312,11534.2312,1.0,339.4248,11.0284,19516.9,0.4227,1.1251,1.2862,1.2468,594,19.2999,356,11.5669,14834.8422,西日暮里,4.7995,False
東京都墨田区,35.6918,139.8009,22.0849,144.8006,64.7573,339.6104,586661.2366,301700.8284,11127.851,11133.9726,1.0006,301.4045,9.9902,19353.4,0.4472,1.133,1.312,1.2742,575,19.0586,322,10.6728,14607.6992,西日暮里,5.4512,False
東京都江東区,35.6918,139.823,25.4377,148.6199,71.0999,384.1749,584230.7158,300635.84,10720.7694,10908.2703,1.0175,278.2562,9.2556,19311.6,0.4784,1.133,1.312,1.2742,587,19.5253,329,10.9435,14311.5792,西日暮里,6.6615,False
東京都江戸川区,35.6918,139.8451,29.4111,157.2574,80.2686,429.2049,582398.8271,298645.3975,10211.5449,10775.6226,1.0552,260.7675,8.7317,18236.7,0.5104,1.1434,1.3323,1.2934,562,18.8183,315,10.5476,14356.4779,市川,6.4097,False
東京都江戸川区,35.6918,139.8673,31.0133,168.3082,87.3319,441.5714,543711.1679,277406.0886,8979.9008,9900.151,1.1025,219.8922,7.9267,17420.3,0.5189,1.1467,1.3576,1.3182,532,19.1777,270,9.733,13440.9288,市川,4.9082,False
東京都江戸川区,35.6918,139.8894,31.2573,182.5832,91.3692,434.8459,481206.5134,245074.4854,7480.1609,8691.2136,1.1619,167.0197,6.8151,15016.5,0.5004,1.1509,1.3696,1.3311,467,19.0554,235,9.5889,11903.6804,市川,3.8829,False
千葉県市川市,35.6918,139.9115,30.4244,205.9338,90.9896,388.04,422645.3347,214934.0794,6053.4885,7601.1575,1.2557,126.753,5.8973,13003.4,0.4418,1.1622,1.4311,1.385,406,18.8895,198,9.2121,10877.8663,市川,3.7476,False
千葉県市川市,35.6918,139.9336,24.992,247.9267,93.8524,304.9138,367525.0623,186995.7665,4567.3594,6464.1555,1.4153,102.2525,5.4682,13138.3,0.3785,1.1622,1.4311,1.385,348,18.61,167,8.9307,9250.7252,市川,4.5818,False
千葉県船橋市,35.6918,139.9558,26.5358,313.5452,98.6938,288.4896,332967.0291,171303.6585,3596.6597,5922.5149,1.6467,75.4255,4.403,11439.4,0.3148,1.1856,1.4901,1.4518,315,18.3884,161,9.3985,8825.3631,市川,5.9934,False
千葉県船橋市,35.6918,139.9779,20.8064,386.5856,109.2063,227.4598,311056.1909,159975.1379,2960.0085,5578.8728,1.8847,75.5235,4.721,9530.2,0.2825,1.1721,1.4591,1.4109,307,19.1905,153,9.564,8140.1962,津田沼,4.2046,False
千葉県船橋市,35.6918,140.0,22.557,438.5211,127.0728,238.9923,290440.202,149866.5584,2526.0367,5164.1122,2.0444,63.9387,4.2664,9188.6,0.2898,1.1716,1.4602,1.4065,293,19.5507,135,9.008,7540.662,津田沼,2.2156,False
千葉県習志野市,35.6918,140.0221,44.6737,444.6763,218.3471,466.1667,306769.0018,160409.221,2655.7009,5478.2114,2.0628,63.069,3.9318,9687.2,0.491,1.1911,1.5005,1.4339,293,18.2658,132,8.229,8220.0898,津田沼,0.3508,False
千葉県習志野市,35.6918,140.0442,59.6552,440.2986,298.3192,606.5243,322341.2903,168977.3693,2799.0001,5737.0914,2.0497,73.789,4.3668,9722.1,0.6775,1.1911,1.5005,1.4339,317,18.7599,144,8.5219,8608.5409,津田沼,1.8225,False
千葉県千葉市花見川区,35.6918,140.0664,62.8859,448.1857,298.635,686.146,332503.1928,174780.0317,2825.7412,5871.9476,2.078,67.9087,3.8854,10849.1,0.6663,1.1932,1.5062,1.4464,308,17.6222,138,7.8956,8844.2992,津田沼,3.8084,False
千葉県八千代市,35.6918,140.0885,63.5915,448.1857,296.2939,648.5407,342821.5526,180152.1865,2901.6353,6035.7657,2.0801,75.524,4.1922,11217.0,0.6611,1.208,1.5431,1.4739,316,17.5407,142,7.8822,9313.7078,津田沼,5.8027,False
千葉県八千代市,35.6918,140.1106,62.0637,437.5598,311.0283,595.8593,316561.3772,164964.694,2725.3786,5563.7576,2.0415,74.6042,4.5224,9158.2,0.7108,1.208,1.5431,1.4739,290,17.5795,135,8.1836,8585.3585,津田沼,7.7988,False
千葉県四街道市,35.6918,140.1327,59.6127,448.1857,358.6808,607.1815,263967.1179,137221.3971,2196.2904,4566.8118,2.0793,56.2798,4.1014,8466.5,0.8003,1.1825,1.4673,1.3962,252,18.3645,115,8.3806,6700.8312,津田沼,9.7958,False
千葉県四街道市,35.6918,140.1549,66.4615,448.1857,389.8072,631.278,224996.5503,117236.3577,1839.5861,3852.0588,2.094,42.3948,3.6162,7429.9,0.8697,1.2102,1.5642,1.5153,214,18.2537,101,8.6151,6025.5062,津田沼,11.793,False
千葉県四街道市,35.6918,140.177,64.1167,448.1857,410.8925,543.9355,178829.4928,93557.9333,1426.6093,3038.255,2.1297,32.6448,3.4893,6391.7,0.9168,1.2102,1.5675,1.5082,162,17.3155,77,8.2302,4762.5852,津田沼,13.7906,False
千葉県四街道市,35.6918,140.1991,63.2308,448.1857,447.5158,446.4422,137465.2048,70766.1955,1093.2624,2311.1826,2.114,24.9248,3.5221,4691.6,0.9985,1.2255,1.6024,1.5486,129,18.229,64,9.0439,3703.3762,津田沼,15.7882,False
千葉県佐倉市,35.6918,140.2212,71.1247,448.1857,448.1857,374.2342,107324.8406,53791.3522,829.9279,1766.9203,2.129,17.305,3.2171,3721.2,1.0,1.2638,1.6982,1.6674,89,16.5454,45,8.3657,3000.5138,津田沼,17.7859,False
千葉県佐倉市,35.6918,140.2434,63.6233,448.1857,448.1857,258.7791,80817.0235,39413.7509,633.7087,1327.3321,2.0945,13.7748,3.4949,2572.0,1.0,1.2706,1.7072,1.7093,71,18.014,32,8.119,2266.01,津田沼,19.7837,False
千葉県八街市,35.6918,140.2876,61.9841,448.1857,448.1857,226.4548,60151.735,27620.5934,429.5023,933.1054,2.1725,7.7547,2.8076,2166.0,1.0,1.2944,1.7621,1.8268,51,18.4645,24,8.6892,1644.262,津田沼,23.7794,False
千葉県八街市,35.6918,140.3097,61.756,448.1857,448.1857,216.6097,57250.1248,25993.5419,412.4882,889.0913,2.1554,7.2697,2.7968,1995.8,1.0,1.3266,1.8327,1.9579,45,17.312,21,8.0789,1629.4029,津田沼,25.7772,False
千葉県八街市,35.6918,140.3319,60.3024,448.1857,448.1857,201.7265,47109.8702,20862.8398,339.8597,721.2437,2.1222,1.9198,0.9202,1505.7,1.0,1.3101,1.7833,1.9051,37,17.7349,13,6.2312,1286.2126,津田沼,27.7751,False
千葉県富里市,35.6918,140.354,57.6605,448.1857,448.1857,172.0014,40859.7413,18026.0581,282.9275,614.9662,2.1736,1.2197,0.6767,1434.7,1.0,1.311,1.7897,1.9497,28,15.5331,8,4.438,1100.5819,津田沼,29.773,False
千葉県芝山町,35.6918,140.3761,55.5172,448.1857,448.1857,149.4199,34698.501,15319.3956,242.8849,534.2291,2.1995,0.8698,0.5677,1306.6,1.0,1.311,1.7897,1.9497,24,15.6664,7,4.5694,956.0899,津田沼,31.771,True
東京都日の出町,35.7098,139.2478,36.3183,144.6772,144.6772,386.6891,95008.5413,52018.2186,1524.1408,1524.1408,1.0,13.9702,2.6856,6585.6,1.0,1.196,1.5019,1.5103,69,13.2646,30,5.7672,2289.0528,本院,18.2833,False
東京都あきる野市,35.7098,139.2699,42.8806,144.6772,144.6772,501.3673,148738.2582,79140.1882,2545.1164,2545.1164,1.0,27.3738,3.4589,8346.7,1.0,1.1956,1.4999,1.5111,114,14.4048,58,7.3288,3817.4661,本院,16.6905,False
東京都あきる野市,35.7098,139.292,47.1883,144.6772,143.6628,611.3232,195570.0757,102874.6555,3452.1197,3452.1197,1.0,39.3055,3.8207,9691.8,0.993,1.1956,1.4999,1.5111,145,14.0948,82,7.9709,5177.8968,本院,15.1933,False
東京都あきる野市,35.7098,139.3142,50.7162,144.6772,138.8001,721.9391,236948.854,123987.065,4195.8564,4195.8564,1.0,47.1055,3.7992,11125.3,0.9594,1.1975,1.5043,1.5167,182,14.679,104,8.388,6311.817,本院,13.8229,False
東京都昭島市,35.7098,139.3363,46.2069,144.6772,128.3699,649.8786,273647.346,143582.9545,5001.6757,5001.6757,1.0,66.809,4.653,11105.8,0.8873,1.185,1.472,1.4692,205,14.2775,123,8.5665,7362.5469,本院,12.6206,False
東京都昭島市,35.7098,139.3584,44.8753,144.6772,119.062,629.1341,298917.695,157092.3123,5466.3061,5466.3061,1.0,76.5358,4.872,12165.3,0.8229,1.1826,1.465,1.4598,235,14.9594,136,8.6573,8008.2884,府中,11.4275,False
東京都昭島市,35.7098,139.3805,45.0716,144.7131,108.6913,666.0883,316910.4063,166684.7477,5900.7201,5901.6641,1.0002,75.5808,4.5344,12200.8,0.7511,1.1782,1.4398,1.4366,239,14.3384,147,8.819,8497.224,府中,9.6194,False
東京都立川市,35.7098,139.4027,37.305,145.0632,94.905,550.5586,336768.7508,177632.3713,6350.3127,6361.232,1.0017,91.4907,5.1506,13100.6,0.6542,1.1588,1.3669,1.3626,257,14.4681,164,9.2326,8694.9585,府中,7.9034,False
東京都立川市,35.7098,139.4248,34.6313,145.6383,83.911,514.915,369373.0015,195362.0789,6979.2986,7009.1608,1.0043,104.3998,5.3439,14905.4,0.5762,1.1572,1.3632,1.3606,301,15.4073,178,9.1113,9555.0821,府中,6.3543,False
東京都国分寺市,35.7098,139.4469,33.2679,145.7758,74.3501,503.0314,396546.911,210334.4614,7608.4703,7645.6751,1.0049,111.0998,5.2821,15663.2,0.51,1.1545,1.3528,1.347,327,15.5467,179,8.5103,10343.3799,府中,5.126,False
東京都国分寺市,35.7098,139.469,26.7162,145.5284,60.072,410.05,429248.7278,228450.4806,8257.4803,8288.7768,1.0038,129.884,5.6854,17951.8,0.4128,1.1471,1.3336,1.3275,372,16.2836,186,8.1418,11053.729,府中,4.4899,False
東京都小金井市,35.7098,139.4912,16.6366,145.9398,41.5992,275.0342,465771.6027,247998.9616,9158.5063,9209.9682,1.0056,161.294,6.5038,18987.5,0.285,1.139,1.3202,1.3184,413,16.6533,223,8.992,12158.5592,府中,4.6932,False
東京都小金井市,35.7098,139.5133,10.1645,147.159,28.5017,201.1384,503033.8379,269552.6874,10054.0671,10164.9477,1.011,179.7728,6.6693,19694.0,0.1937,1.1371,1.3125,1.3174,469,17.3992,254,9.423,13341.3229,三鷹,4.2145,False
東京都西東京市,35.7098,139.5354,4.7427,148.1236,20.4878,148.4345,539432.7805,290711.3732,10817.1195,10982.5872,1.0153,202.7163,6.9731,22692.1,0.1383,1.1366,1.3107,1.314,513,17.6464,287,9.8723,14394.8218,三鷹,2.2464,False
東京都武蔵野市,35.7098,139.5575,1.7188,147.9798,14.9694,112.9833,576157.5991,310821.0031,11499.7746,11668.3781,1.0147,221.2563,7.1184,25319.9,0.1012,1.1094,1.2496,1.2463,555,17.8559,291,9.3623,14580.7386,三鷹,0.5581,False
東京都武蔵野市,35.7098,139.5796,3.2467,147.5721,19.1932,142.0289,612564.2095,330556.6163,12349.1651,12507.9494,1.0129,257.978,7.8044,26773.6,0.1301,1.1081,1.2195,1.1961,620,18.7562,319,9.6504,15253.7193,三鷹,1.8861,False
東京都杉並区,35.7098,139.6018,4.0159,146.7061,19.7491,152.2051,656009.7128,353549.4735,13409.2794,13530.2425,1.009,288.2785,8.1538,27818.3,0.1346,1.1053,1.2081,1.1812,656,18.5547,358,10.1259,16345.2863,石神井公園,3.7037,False
東京都杉並区,35.7098,139.6239,4.6684,145.4738,20.9625,156.4544,688390.9748,370294.8756,14260.9602,14311.5484,1.0035,332.5757,8.9814,28693.2,0.1441,1.0969,1.2126,1.1849,717,19.3629,410,11.0723,17353.503,高円寺,2.9119,False
東京都杉並区,35.7098,139.646,13.2732,144.9421,33.6743,248.9082,719828.7732,385074.3854,14960.0478,14977.7026,1.0012,366.8092,9.5257,29013.1,0.2323,1.0995,1.218,1.1875,770,19.9961,445,11.5562,18243.206,高円寺,1.4516,False
東京都中野区,35.7098,139.6681,20.0318,144.7008,44.9474,337.9188,731912.9052,388823.9697,15177.091,15178.6909,1.0001,369.6527,9.5069,27709.8,0.3106,1.0996,1.2188,1.1851,761,19.5718,445,11.4448,18500.12,高円寺,1.9279,False
東京都新宿区,35.7098,139.6903,19.7454,144.6772,47.4167,331.4028,724594.8705,383069.1217,14954.0231,14954.0231,1.0,386.0078,10.0767,26085.7,0.3277,1.1,1.2251,1.1903,747,19.5004,450,11.7472,18319.6636,高円寺,3.648,False
東京都豊島区,35.7098,139.7124,17.7188,144.6772,46.6042,301.5512,723726.4048,380394.7069,14889.6679,14889.6679,1.0,412.2578,10.8376,23789.2,0.3221,1.1073,1.2296,1.1909,749,19.6901,456,11.9875,18308.4206,高円寺,5.557,False
東京都文京区,35.7098,139.7345,16.7639,144.6772,46.2823,283.5473,720850.384,377161.0105,14529.9391,14529.9391,1.0,421.2748,11.1696,24504.1,0.3199,1.1128,1.2655,1.2296,743,19.6998,459,12.1699,18388.1195,西日暮里,4.3103,False
東京都文京区,35.7098,139.7566,18.313,144.6772,49.5553,301.472,708754.885,368729.9521,14028.1516,14028.1516,1.0,400.44,10.86,22370.0,0.3425,1.1239,1.2879,1.2522,728,19.7434,435,11.7973,18067.4903,西日暮里,3.0499,False
東京都台東区,35.7098,139.7788,21.1671,144.6772,57.9379,338.7461,684731.9668,354748.6219,13351.1058,13351.1058,1.0,381.5153,10.7545,20658.3,0.4005,1.1196,1.2873,1.2452,703,19.8168,402,11.332,17186.4976,西日暮里,2.8289,False
東京都墨田区,35.7098,139.8009,26.6101,144.7084,64.0788,412.7031,679747.8459,352973.1861,13072.1483,13073.9681,1.0001,337.3785,9.5582,21604.6,0.4428,1.1217,1.2953,1.2487,696,19.7182,379,10.7374,16934.4445,西日暮里,3.8317,False
東京都墨田区,35.7098,139.823,31.1883,147.2042,71.9271,476.2477,671749.025,347812.5596,12583.9365,12725.2363,1.0112,309.4115,8.8959,21405.8,0.4886,1.1263,1.3044,1.259,670,19.2632,361,10.3792,16598.8339,西日暮里,5.4165,False
東京都江戸川区,35.7098,139.8451,32.6366,156.3638,79.3171,495.6328,662508.8158,341867.7546,11809.7592,12416.4064,1.0514,296.0128,8.6587,20695.5,0.5073,1.1374,1.3263,1.2821,664,19.4227,364,10.6474,16468.0895,市川,5.5107,False
東京都江戸川区,35.7098,139.8673,35.0557,168.6764,87.2822,521.9998,616400.3735,316344.2674,10308.0546,11380.4386,1.104,243.1675,7.6868,19108.0,0.5175,1.1448,1.3486,1.3074,614,19.4092,314,9.9259,15347.3705,市川,3.6576,False
東京都江戸川区,35.7098,139.8894,35.4483,183.4099,91.3545,520.536,553789.9139,283895.5402,8708.5383,10147.9889,1.1653,187.8368,6.6164,16870.5,0.4981,1.1467,1.3576,1.3182,537,18.9154,265,9.3344,13777.4057,市川,2.0897,False
千葉県市川市,35.7098,139.9115,31.7454,210.3054,91.881,424.3315,472458.5913,242132.1564,6651.4733,8465.9324,1.2728,143.808,5.9392,16759.4,0.4369,1.1517,1.3924,1.3473,483,19.9478,228,9.4163,11788.0378,市川,1.8261,False
千葉県市川市,35.7098,139.9336,25.6711,253.271,90.031,321.9318,392638.4962,202853.0021,4905.7749,7039.2591,1.4349,107.4328,5.2961,14374.0,0.3555,1.1622,1.4311,1.385,397,19.5708,183,9.0213,10073.7446,市川,3.2064,False
千葉県市川市,35.7098,139.9558,26.1114,316.0931,105.3354,308.8283,367195.7507,191169.384,3981.1706,6589.9815,1.6553,92.6255,4.8452,13080.8,0.3332,1.1649,1.4349,1.3907,365,19.093,180,9.4157,9455.6856,市川,5.0206,False
千葉県船橋市,35.7098,139.9779,31.9098,388.7285,145.8223,335.6936,343334.6232,179456.4928,3231.7525,6112.793,1.8915,83.5255,4.6544,11641.3,0.3751,1.1788,1.4799,1.4305,353,19.6705,161,8.9715,9046.3189,津田沼,4.7804,False
千葉県船橋市,35.7098,140.0,40.5464,448.1857,208.9623,426.0703,320014.6135,167050.7598,2712.2307,5660.4291,2.087,70.5037,4.2205,11223.5,0.4662,1.1788,1.4799,1.4305,326,19.515,142,8.5004,8376.8657,津田沼,3.1757,False
千葉県習志野市,35.7098,140.0221,56.435,448.1857,259.7652,587.2949,318874.4873,167277.5601,2696.1922,5653.1472,2.0967,63.5888,3.8014,10991.7,0.5796,1.185,1.495,1.4353,328,19.6081,149,8.9074,8451.6516,津田沼,2.3022,False
千葉県習志野市,35.7098,140.0442,60.2069,448.0136,275.1314,634.1128,327186.8206,172173.619,2802.7352,5809.4586,2.0728,66.004,3.8336,10575.1,0.6141,1.1911,1.5005,1.4339,317,18.4116,143,8.3056,8717.1282,津田沼,2.9151,False
千葉県八千代市,35.7098,140.0664,62.0318,448.1857,276.3479,686.7154,327212.1447,172636.2412,2780.6018,5787.234,2.0813,61.1237,3.5406,10789.6,0.6166,1.1911,1.5005,1.4339,307,17.7831,134,7.762,8683.7801,津田沼,4.436,False
千葉県八千代市,35.7098,140.0885,58.2918,448.1857,278.9225,613.7062,304871.9389,162076.9778,2566.7312,5400.0374,2.1039,60.474,3.7312,10680.5,0.6223,1.1807,1.4811,1.418,288,17.7693,124,7.6507,7998.2364,津田沼,6.2322,False
千葉県八千代市,35.7098,140.1106,60.3873,448.1857,300.026,595.184,277151.1325,146520.3591,2348.4698,4889.5932,2.082,54.9042,3.7472,9132.0,0.6694,1.1888,1.5181,1.4289,271,18.4957,117,7.9852,7422.8532,津田沼,8.1231,False
千葉県八千代市,35.7098,140.1327,63.252,448.1857,355.5675,633.3408,225280.3155,117679.1875,1840.1956,3855.9373,2.0954,38.7295,3.2911,7463.6,0.7933,1.1888,1.5181,1.4289,214,18.185,91,7.7329,5853.6682,津田沼,10.0555,False
千葉県四街道市,35.7098,140.1549,69.3422,448.1857,391.0007,627.6939,189934.2489,99280.1564,1564.432,3259.3901,2.0834,30.6448,3.0867,6107.0,0.8724,1.2296,1.6154,1.5688,171,17.224,82,8.2595,5265.3643,津田沼,12.0092,False
千葉県佐倉市,35.7098,140.177,64.8435,448.1857,408.4377,504.003,152854.2976,79141.4936,1191.9961,2558.3183,2.1462,24.9448,3.1519,5583.3,0.9113,1.2296,1.6154,1.5688,136,17.1844,71,8.9713,4132.8215,津田沼,13.9755,False
千葉県佐倉市,35.7098,140.1991,63.6446,448.1857,447.8838,373.1378,117940.384,60099.8961,908.7634,1951.7213,2.1477,21.405,3.5616,4276.9,0.9993,1.2638,1.6982,1.6674,104,17.3045,54,8.985,3314.3355,津田沼,15.9495,False
千葉県佐倉市,35.7098,140.2212,59.1247,436.8244,436.8244,328.5923,98591.6334,49202.6823,814.9116,1661.8079,2.0392,16.955,3.446,2710.5,1.0,1.2638,1.6982,1.6674,77,15.6496,38,7.7232,2822.016,津田沼,17.9289,False
千葉県佐倉市,35.7098,140.2434,69.4536,448.1857,448.1857,336.7375,79572.7569,39011.8211,633.3651,1320.6122,2.0851,10.4248,2.6722,2493.6,1.0,1.2761,1.7201,1.7359,66,16.9179,34,8.7153,2271.627,津田沼,19.9119,False
千葉県酒々井町,35.7098,140.2655,61.4536,448.1857,448.1857,221.5391,73027.1642,34341.6998,531.6665,1150.7714,2.1645,12.1548,3.5394,2624.5,1.0,1.2944,1.7621,1.8268,69,20.0922,34,9.9005,2027.8199,津田沼,21.8976,False
千葉県酒々井町,35.7098,140.2876,62.9761,448.1857,448.1857,249.0992,68532.4255,31170.8097,473.619,1046.7006,2.21,8.9245,2.8631,2602.5,1.0,1.2844,1.7137,1.8058,61,19.5696,31,9.9452,1793.7694,津田沼,23.8853,True
千葉県富里市,35.7098,140.3097,60.3236,448.1857,448.1857,219.2573,66679.5295,30352.1136,460.1981,1020.3702,2.2172,9.6245,3.1709,2567.6,1.0,1.2844,1.7137,1.8058,63,20.7564,32,10.5429,1748.6461,津田沼,25.8746,True
千葉県富里市,35.7098,140.3319,55.5491,448.1857,448.1857,175.1787,54905.6966,24544.3423,365.1291,815.9316,2.2346,7.7895,3.1736,2116.4,1.0,1.286,1.6911,1.8336,50,20.3713,19,7.7411,1379.8451,津田沼,27.865,True
千葉県富里市,35.7098,140.354,56.2918,448.1857,448.1857,158.412,43547.3083,19185.6264,259.0561,616.7393,2.3807,5.0895,2.6528,1936.2,1.0,1.3101,1.7833,1.9051,38,19.8065,14,7.2971,1099.8471,津田沼,29.8565,True
千葉県富里市,35.7098,140.3761,54.3077,448.1857,448.1857,133.8261,32973.4683,14635.2081,197.0962,478.4758,2.4276,1.2197,0.8334,1568.2,1.0,1.311,1.7897,1.9497,22,15.0322,7,4.783,856.3103,津田沼,31.8488,True
東京都檜原村,35.7278,139.2035,18.191,144.6772,144.6772,100.9312,31905.9269,17436.9755,360.8649,360.8649,1.0,3.6768,2.1086,3589.3,1.0,1.2172,1.561,1.5475,26,14.9108,11,6.3084,563.3183,本院,20.7688,False
東京都日の出町,35.7278,139.2257,21.7401,144.6772,144.6772,170.5483,60204.2614,32821.0758,823.5166,823.5166,1.0,10.7985,3.2901,5501.6,1.0,1.1969,1.5356,1.5258,49,14.9294,22,6.703,1264.5873,本院,18.9661,False
東京都日の出町,35.7278,139.2478,34.4828,144.6772,144.6772,329.2669,106258.9782,56546.5625,1676.7208,1676.7208,1.0,19.6203,3.4698,7091.3,1.0,1.1999,1.5407,1.5719,82,14.5013,41,7.2507,2583.3244,本院,17.2062,False
東京都日の出町,35.7278,139.2699,44.9019,144.6772,144.2543,529.1858,146438.8448,76743.6284,2407.525,2407.525,1.0,23.7202,3.0908,8427.7,0.9971,1.198,1.5146,1.5345,102,13.291,53,6.9061,3646.4816,本院,15.5035,False
東京都あきる野市,35.7278,139.292,48.9761,144.6772,140.8233,635.4613,185784.4082,96426.8841,3059.977,3059.977,1.0,30.7955,3.1937,10417.4,0.9734,1.1996,1.5179,1.5387,133,13.7928,78,8.089,4644.7971,本院,13.8793,False
東京都福生市,35.7278,139.3142,49.252,144.6785,138.8976,654.0285,218027.962,113272.9585,3703.2275,3703.2492,1.0,41.9555,3.7039,11420.9,0.96,1.1986,1.5164,1.5332,161,14.2135,93,8.2103,5615.4402,本院,12.3645,False
東京都福生市,35.7278,139.3363,44.2546,144.8455,130.6053,585.288,242860.1247,126119.2642,4201.9242,4205.0749,1.0007,55.6708,4.4141,11356.7,0.9017,1.1888,1.4811,1.4821,182,14.4308,103,8.1669,6228.1118,本院,11.0043,False
東京都昭島市,35.7278,139.3584,42.9867,145.7438,120.4117,579.4746,264659.9225,138053.9905,4679.9811,4702.2012,1.0047,63.0638,4.568,11784.3,0.8262,1.1826,1.465,1.4598,198,14.3422,110,7.9679,6888.8537,本院,9.8629,False
東京都立川市,35.7278,139.3805,41.3581,147.5033,109.796,586.7929,286641.9898,149665.5963,5163.3748,5228.1915,1.0126,67.633,4.5189,11968.6,0.7444,1.1693,1.4172,1.4072,215,14.3654,128,8.5524,7409.4148,本院,9.0238,False
東京都立川市,35.7278,139.4027,35.0345,149.9113,94.4409,499.0436,320934.1385,167951.0526,5840.3933,5975.7848,1.0232,86.3278,5.1401,12695.9,0.63,1.1612,1.3737,1.3708,254,15.1235,153,9.1098,8208.7698,本院,8.5762,False
東京都東大和市,35.7278,139.4248,33.5279,151.7963,81.6304,497.9851,360354.551,189567.2736,6628.3336,6836.8598,1.0315,95.363,5.0306,13733.5,0.5378,1.1567,1.3575,1.3532,296,15.6145,163,8.5985,9281.1263,府中,7.8907,False
東京都国分寺市,35.7278,139.4469,30.2971,153.3664,72.0805,449.0339,398907.9452,210950.3768,7398.7307,7682.3035,1.0383,115.5756,5.4788,15332.3,0.47,1.1545,1.3528,1.347,340,16.1175,180,8.5328,10392.9323,府中,6.9401,False
東京都小平市,35.7278,139.469,25.5172,154.1641,59.6957,370.2001,436543.7585,231254.7211,8138.6853,8478.937,1.0418,139.7464,6.043,16713.4,0.3872,1.1623,1.387,1.3898,383,16.5618,212,9.1674,11760.6466,府中,6.4845,False
東京都小平市,35.7278,139.4912,18.2175,153.6892,45.1818,295.2733,470062.4885,250096.4914,8966.5832,9322.8817,1.0397,158.1754,6.3246,17371.7,0.294,1.1375,1.3191,1.3154,425,16.9934,227,9.0765,12298.1605,ひばりが丘,5.5387,False
東京都西東京市,35.7278,139.5133,12.3607,152.0596,31.9095,229.7255,495433.6792,265570.8491,9630.1698,9944.2424,1.0326,164.3746,6.1895,19480.7,0.2098,1.1345,1.3087,1.3101,458,17.2459,245,9.2254,13014.1622,ひばりが丘,3.9156,False
東京都西東京市,35.7278,139.5354,8.1592,151.079,24.0573,179.0015,520445.2251,281283.5388,10239.7327,10529.6629,1.0283,179.5271,6.3824,21935.2,0.1592,1.1375,1.3202,1.313,479,17.0291,259,9.2078,13901.309,ひばりが丘,2.8216,False
東京都武蔵野市,35.7278,139.5575,1.496,151.3169,14.1652,103.5296,543919.1364,293607.7698,10695.9207,11009.9322,1.0294,199.163,6.7833,23318.2,0.0936,1.1173,1.2769,1.266,516,17.5745,266,9.0597,14059.1255,三鷹,2.5373,False
東京都武蔵野市,35.7278,139.5796,1.1353,151.9327,14.295,101.1692,582245.4139,313225.9972,11474.4156,11842.2561,1.0321,235.051,7.5042,24300.6,0.0941,1.1156,1.2449,1.2174,568,18.1339,307,9.8012,14742.6994,石神井公園,2.8943,False
東京都武蔵野市,35.7278,139.6018,1.5066,151.1267,15.2654,110.5373,637998.3498,342722.1262,12625.7895,12985.9206,1.0285,277.1146,8.0857,27418.5,0.101,1.1088,1.2226,1.1954,622,18.1488,343,10.0081,15876.8506,石神井公園,1.7197,False
東京都練馬区,35.7278,139.6239,12.5889,148.9685,32.3207,244.0903,701512.3402,376432.9438,14055.7923,14323.2415,1.019,326.5505,8.6749,29469.7,0.217,1.1053,1.2081,1.1812,695,18.4628,403,10.7058,17303.2732,石神井公園,2.3479,False
東京都練馬区,35.7278,139.646,22.939,146.7988,46.6816,377.4669,734425.3709,391709.7528,14875.9012,15016.2109,1.0094,337.6407,8.6197,29436.4,0.318,1.1059,1.2136,1.1792,712,18.1767,403,10.2882,18223.7189,高円寺,3.3809,False
東京都練馬区,35.7278,139.6681,26.8223,145.4991,55.8286,436.687,748637.3826,397778.6034,15257.2223,15313.0596,1.0037,364.6825,9.168,28777.8,0.3837,1.1028,1.2112,1.1734,745,18.729,437,10.986,18546.6888,高円寺,3.6111,False
東京都豊島区,35.7278,139.6903,27.7454,144.7609,59.7715,446.0606,739939.0241,390174.3926,15044.9102,15050.5253,1.0004,370.378,9.4926,27061.6,0.4129,1.1031,1.2129,1.1752,724,18.5558,433,11.0976,18254.0363,高円寺,4.757,False
東京都豊島区,35.7278,139.7124,27.4271,145.0156,61.0404,438.9165,735856.4327,388150.6332,14955.948,14978.4949,1.0015,379.9048,9.7876,25810.4,0.4209,1.1052,1.2167,1.1773,736,18.9617,427,11.0009,18225.0134,西日暮里,5.3693,False
東京都豊島区,35.7278,139.7345,24.4668,145.3255,58.4161,391.0265,737722.3243,387933.2781,14846.1331,14888.9993,1.0029,404.5693,10.4288,24733.1,0.402,1.115,1.2454,1.2056,756,19.4879,439,11.3164,18542.741,西日暮里,3.4028,False
東京都文京区,35.7278,139.7566,23.7241,145.1167,55.2149,377.6586,742471.7687,389005.4826,14806.3118,14835.3027,1.002,396.166,10.1841,22585.9,0.3805,1.112,1.277,1.2335,763,19.6141,431,11.0795,18944.5983,西日暮里,1.518,False
東京都荒川区,35.7278,139.7788,25.687,144.8091,58.7073,407.8136,749790.4566,391472.0267,14693.8048,14702.4409,1.0006,389.8613,9.9589,22689.8,0.4054,1.1195,1.2827,1.239,791,20.2058,437,11.163,18858.8451,西日暮里,1.0029,False
東京都荒川区,35.7278,139.8009,32.6578,144.729,70.3452,516.0969,746235.6969,390148.189,14407.9415,14411.2682,1.0002,360.7988,9.2477,23280.0,0.486,1.1216,1.2908,1.2423,775,19.8642,410,10.5088,18601.5387,西日暮里,2.7719,False
東京都墨田区,35.7278,139.823,34.0531,147.182,72.585,534.9748,726643.0032,380453.8579,13716.009,13868.6703,1.0111,331.422,8.7112,23044.9,0.4932,1.1263,1.3044,1.259,753,19.7922,383,10.0669,18090.3324,西日暮里,4.7262,False
東京都葛飾区,35.7278,139.8451,34.8329,155.953,77.2274,542.9727,699722.5547,364939.9837,12616.8008,13242.4247,1.0496,300.313,8.2291,21153.1,0.4952,1.1275,1.3154,1.265,705,19.3182,364,9.9742,17418.4441,市川,5.2619,False
東京都江戸川区,35.7278,139.8673,36.435,169.1142,85.6566,559.6671,655600.0564,339663.185,11060.0251,12231.0684,1.1059,256.1825,7.5423,20152.7,0.5065,1.135,1.3441,1.2953,646,19.0188,324,9.5389,16440.3058,市川,3.2713,False
東京都江戸川区,35.7278,139.8894,37.0769,186.1923,96.0943,538.3215,572699.2399,297110.6279,8984.6298,10571.8645,1.1767,205.1868,6.9061,18921.6,0.5161,1.1403,1.3676,1.3204,562,18.9155,273,9.1885,14457.9693,市川,1.3009,False
千葉県市川市,35.7278,139.9115,24.0637,213.7787,67.6723,337.2139,480772.7096,249924.7798,6842.7946,8801.9293,1.2863,140.7065,5.63,16956.2,0.3166,1.1493,1.3932,1.3438,514,20.5662,244,9.7629,12263.2637,市川,0.8125,False
千葉県市川市,35.7278,139.9336,26.2759,262.4661,94.8296,332.7185,416715.783,217893.8718,5121.687,7520.0315,1.4683,121.2395,5.5642,15754.2,0.3613,1.1536,1.4063,1.3563,441,20.2392,217,9.959,10575.7398,市川,2.7577,False
千葉県市川市,35.7278,139.9558,34.0849,328.8442,132.6193,382.3865,392930.6305,206416.4489,4161.9313,7067.1422,1.698,104.8305,5.0786,14380.7,0.4033,1.1768,1.4808,1.4278,408,19.7659,203,9.8345,10465.2676,市川,4.7462,False
千葉県船橋市,35.7278,139.9779,40.4828,409.6448,185.4681,439.8985,364780.8938,191997.2161,3301.2371,6458.8608,1.9565,86.9652,4.5295,13884.6,0.4528,1.1788,1.4799,1.4305,376,19.5836,174,9.0626,9558.4644,津田沼,6.005,False
千葉県船橋市,35.7278,140.0,44.1114,448.1857,229.4299,469.5137,335177.1854,175771.471,2697.2392,5836.1387,2.1637,76.2085,4.3357,13525.5,0.5119,1.1788,1.4799,1.4305,352,20.026,151,8.5907,8636.8982,津田沼,4.8266,False
千葉県船橋市,35.7278,140.0221,52.0,448.1857,248.3432,574.7025,325601.194,171243.1708,2666.8547,5713.2316,2.1423,64.2735,3.7533,12349.0,0.5541,1.1954,1.5198,1.4727,335,19.5628,142,8.2923,8682.7985,津田沼,4.3026,False
千葉県八千代市,35.7278,140.0442,60.191,448.1857,274.7104,622.8412,320294.7913,168956.2417,2670.7958,5636.2054,2.1103,63.8538,3.7793,11330.9,0.6129,1.1914,1.512,1.4592,326,19.2949,135,7.9902,8521.6633,津田沼,4.6594,False
千葉県八千代市,35.7278,140.0664,64.2546,448.1857,283.5287,672.3083,311374.6549,165045.1329,2583.0781,5474.88,2.1195,57.934,3.5102,11245.8,0.6326,1.203,1.5449,1.4953,300,18.1768,127,7.6949,8457.943,津田沼,5.7347,False
千葉県八千代市,35.7278,140.0885,62.2706,448.1857,286.7391,658.6479,264942.7282,141118.2588,2224.8936,4678.7469,2.1029,43.6993,3.0966,9229.8,0.6398,1.1953,1.5196,1.4722,244,17.2905,100,7.0863,7109.7784,津田沼,7.2142,False
千葉県八千代市,35.7278,140.1106,60.8011,448.1857,294.2818,633.0385,231964.7345,123657.157,1915.4267,4052.8084,2.1159,35.419,2.8643,8249.6,0.6566,1.1828,1.502,1.4294,219,17.7103,87,7.0356,6087.1785,津田沼,8.8985,False
千葉県八千代市,35.7278,140.1327,62.122,448.1857,352.9428,558.4525,182907.4674,96324.1926,1428.5667,3098.778,2.1692,28.6795,2.9774,7072.0,0.7875,1.2019,1.5523,1.4606,178,18.4793,67,6.9557,4810.2075,津田沼,10.6913,False
千葉県八千代市,35.7278,140.1549,64.3554,448.1857,389.5359,508.0772,159301.1036,83072.8745,1256.3871,2698.0599,2.1475,26.125,3.1448,5900.1,0.8691,1.2296,1.6154,1.5688,153,18.4176,69,8.306,4358.5664,津田沼,12.546,False
千葉県佐倉市,35.7278,140.177,62.7003,448.1857,426.1268,449.3147,133634.9735,68704.2543,1084.0003,2280.43,2.1037,22.59,3.288,4514.7,0.9508,1.2296,1.6154,1.5688,116,16.884,61,8.8786,3683.9083,津田沼,14.4389,False
千葉県佐倉市,35.7278,140.1991,68.3448,448.1857,448.1857,335.816,110098.2612,56313.2802,901.4635,1873.3553,2.0781,21.405,3.8011,3461.6,1.0,1.2638,1.6982,1.6674,92,16.3372,44,7.8134,3181.2574,津田沼,16.3568,False
千葉県佐倉市,35.7278,140.2212,67.756,448.1857,448.1857,312.2472,90038.2911,44640.4225,720.1427,1499.2918,2.0819,14.605,3.2717,2804.0,1.0,1.2761,1.7201,1.7359,70,15.6809,36,8.0644,2578.9793,津田沼,18.2917,False
千葉県佐倉市,35.7278,140.2434,53.0822,429.9585,429.9585,238.2776,78711.7032,37790.2338,647.3205,1306.6306,2.0185,14.12,3.7364,1968.0,1.0,1.2761,1.7201,1.7359,64,16.9356,36,9.5263,2247.5767,津田沼,20.2387,False
千葉県酒々井町,35.7278,140.2655,61.2573,448.1857,448.1857,232.4819,76862.6212,35181.8187,558.761,1195.2384,2.1391,12.3245,3.5031,2589.2,1.0,1.2809,1.7071,1.7866,70,19.8966,41,11.6537,2040.3911,津田沼,22.1948,False
千葉県酒々井町,35.7278,140.2876,64.695,448.1857,448.1857,271.0793,74511.797,33680.6134,516.2626,1136.865,2.2021,9.6245,2.8576,2789.8,1.0,1.2844,1.7137,1.8058,68,20.1897,35,10.3917,1948.2875,津田沼,24.1576,True
千葉県富里市,35.7278,140.3097,62.0637,448.1857,448.1857,239.7478,70466.387,31861.2962,518.9719,1101.5311,2.1225,9.9745,3.1306,2299.7,1.0,1.2844,1.7137,1.8058,62,19.4593,31,9.7297,1887.7344,津田沼,26.1258,False
千葉県富里市,35.7278,140.3319,58.8117,448.1857,448.1857,198.0301,58768.1847,26406.6049,410.3713,895.8407,2.183,8.1395,3.0824,2125.0,1.0,1.2941,1.7122,1.8574,51,19.3133,22,8.3312,1533.8391,津田沼,28.098,True
千葉県富里市,35.7278,140.354,52.0902,448.1857,448.1857,136.7358,47464.7508,21232.1285,306.4358,703.1481,2.2946,7.4395,3.5039,1987.3,1.0,1.286,1.6911,1.8336,43,20.2523,20,9.4197,1189.1136,津田沼,30.0736,True
千葉県富里市,35.7278,140.3761,48.992,448.1857,448.1857,102.346,32185.7107,14247.0918,208.8331,481.7828,2.307,4.5698,3.2075,1382.9,1.0,1.2756,1.658,1.8212,26,18.2493,11,7.7209,798.8044,津田沼,32.052,True
千葉県銚子市,35.7278,140.7743,38.2175,448.1857,448.1857,169.6527,30020.523,15411.0287,284.3895,606.5686,2.1329,2.185,1.4178,701.5,1.0,1.0803,1.1596,1.1689,29,18.8177,6,3.8933,703.3524,津田沼,67.8548,False
東京都日の出町,35.7458,139.2035,17.9576,144.6772,144.6772,91.0004,36001.4724,19547.0096,432.2729,432.2729,1.0,6.3268,3.2367,3914.0,1.0,1.2172,1.561,1.5475,31,15.8592,14,7.1622,674.7877,本院,20.0281,False
東京都日の出町,35.7458,139.2257,27.2255,144.6772,144.6772,215.3036,67141.4423,35759.7519,985.1167,985.1167,1.0,11.1485,3.1176,5177.9,1.0,1.2055,1.5696,1.6033,44,12.3043,20,5.5929,1546.2821,本院,18.1524,False
東京都日の出町,35.7458,139.2478,38.6844,144.6772,144.6772,390.1106,107437.5485,56516.8488,1690.957,1690.957,1.0,16.692,2.9535,7271.1,1.0,1.1999,1.5407,1.5719,72,12.7396,41,7.2545,2605.2581,本院,16.3053,False
東京都日の出町,35.7458,139.2699,43.1194,144.6849,142.264,463.9461,136201.7191,71297.5881,2165.5434,2165.6175,1.0,22.297,3.1273,8841.6,0.9833,1.1999,1.5407,1.5719,84,11.7816,50,7.0129,3336.5678,本院,14.4976,False
東京都あきる野市,35.7458,139.292,48.3077,144.8358,139.6786,594.2456,163125.3883,84478.996,2572.359,2574.1771,1.0007,24.047,2.8465,10194.1,0.9644,1.2012,1.5384,1.5725,102,12.074,62,7.3391,3960.1213,本院,12.7463,False
東京都福生市,35.7458,139.3142,48.2653,146.4197,138.6553,606.2217,188249.3823,97391.3201,3017.4918,3040.878,1.0078,31.5218,3.2366,11113.1,0.947,1.1991,1.5331,1.5581,124,12.7321,79,8.1116,4661.9788,本院,11.078,False
東京都福生市,35.7458,139.3363,46.3236,148.62,135.1272,613.9159,205389.867,106391.6325,3347.8506,3406.4046,1.0175,36.5718,3.4375,11035.3,0.9092,1.1867,1.4926,1.5025,134,12.595,84,7.8954,5084.2617,本院,9.5365,False
東京都武蔵村山市,35.7458,139.3584,41.1565,152.3246,123.3751,537.0377,223430.9586,115832.8313,3690.0752,3814.7016,1.0338,45.4078,3.9201,11114.9,0.8099,1.1755,1.4507,1.4402,159,13.7267,94,8.1151,5534.0787,本院,8.1934,False
東京都武蔵村山市,35.7458,139.3805,38.8223,158.8956,107.3472,526.0488,266180.2816,138093.7014,4472.4253,4751.1224,1.0623,57.4128,4.1575,11518.0,0.6756,1.1645,1.4123,1.4061,215,15.5691,119,8.6173,6710.1964,本院,7.1616,False
東京都武蔵村山市,35.7458,139.4027,32.0318,164.6897,92.4089,448.5435,316910.2537,164807.0974,5318.3796,5781.7979,1.0871,81.2208,4.9282,12887.2,0.5611,1.1614,1.3667,1.368,263,15.9581,155,9.4049,7902.2135,本院,6.5887,False
東京都東大和市,35.7458,139.4248,31.0557,167.8275,79.3441,411.2502,354186.3849,186574.7674,6043.6313,6650.6995,1.1004,97.1966,5.2095,14047.7,0.4728,1.1787,1.4335,1.4419,298,15.9721,167,8.9508,9534.0829,所沢,6.5759,False
東京都東大和市,35.7458,139.4469,28.9231,165.9141,71.3477,399.8175,390388.1111,206500.7741,6895.4778,7532.21,1.0923,113.9894,5.52,14025.7,0.43,1.1675,1.4014,1.4028,346,16.7554,187,9.0557,10555.9982,所沢,5.3538,False
東京都東村山市,35.7458,139.469,23.2997,164.602,58.8024,343.7674,424933.1458,225387.2585,7680.3216,8346.6805,1.0868,133.2061,5.9101,14270.9,0.3572,1.1601,1.3798,1.3809,376,16.6824,196,8.6961,11516.4033,所沢,4.696,False
東京都東村山市,35.7458,139.4912,20.6897,163.2171,49.0056,316.662,451628.8824,240284.5267,8264.4456,8932.6814,1.0809,138.6684,5.771,15515.9,0.3002,1.1599,1.3744,1.3825,398,16.5637,209,8.698,12277.1572,所沢,4.8384,False
東京都東久留米市,35.7458,139.5133,15.4377,161.0805,35.9827,241.7821,467624.306,250564.6162,8692.9616,9316.3489,1.0717,146.9526,5.8649,17618.8,0.2234,1.1633,1.3895,1.3903,418,16.6823,224,8.9398,12944.7781,ひばりが丘,2.9255,False
東京都東久留米市,35.7458,139.5354,7.7772,159.7187,26.0941,173.5119,486336.3155,261351.4732,9063.7793,9660.7202,1.0659,161.9859,6.198,20083.6,0.1634,1.1416,1.3313,1.3252,462,17.6773,235,8.9917,12861.3605,ひばりが丘,1.0907,False
東京都東久留米市,35.7458,139.5575,2.2599,160.4304,15.4441,100.5785,521261.8219,279971.3058,9720.6232,10390.5721,1.0689,189.7178,6.7763,21899.1,0.0963,1.1412,1.3379,1.3303,497,17.7518,252,9.0009,13901.2886,ひばりが丘,1.3391,False
東京都武蔵野市,35.7458,139.5796,2.695,159.1846,19.369,129.5965,561883.5962,302437.371,10518.7807,11187.3557,1.0636,216.4523,7.1569,24930.1,0.1217,1.1167,1.2471,1.2178,530,17.5243,288,9.5226,13951.3225,石神井公園,2.3772,False
埼玉県和光市,35.7458,139.6018,8.9231,156.5423,27.6729,194.8574,610051.623,327669.6089,11671.4195,12279.9934,1.0521,248.729,7.5908,25976.4,0.1768,1.1149,1.2433,1.2132,571,17.4261,312,9.5218,15267.5916,石神井公園,0.4823,False
東京都練馬区,35.7458,139.6239,23.9788,153.6985,54.6346,388.5902,657918.6246,351469.6023,12646.7571,13149.8044,1.0398,288.0706,8.1962,28489.2,0.3555,1.1169,1.2442,1.2136,625,17.7825,346,9.8444,16360.8376,石神井公園,1.6695,False
東京都練馬区,35.7458,139.646,27.6817,150.8703,59.0262,443.9527,696986.0588,372150.609,13712.6018,14088.2997,1.0274,314.8237,8.4596,28427.3,0.3912,1.1068,1.2217,1.185,667,17.9229,381,10.2378,17211.3594,石神井公園,3.649,False
東京都練馬区,35.7458,139.6681,29.1777,150.4927,63.612,464.7018,727433.5608,384867.2731,14238.7727,14605.2684,1.0257,348.3818,9.052,28360.5,0.4227,1.1032,1.2102,1.1695,704,18.292,402,10.4452,17674.8915,高円寺,5.5135,False
東京都板橋区,35.7458,139.6903,32.4987,151.2841,71.2318,520.2227,736970.2044,387266.8028,14291.3014,14708.8088,1.0292,351.2891,9.071,27410.6,0.4708,1.1143,1.2458,1.2069,720,18.5918,412,10.6387,18323.6329,高円寺,6.3234,False
東京都板橋区,35.7458,139.7124,33.7401,150.9941,72.332,538.0169,751202.5487,394840.6814,14624.5534,15033.1882,1.0279,360.1081,9.1203,26214.2,0.479,1.123,1.2635,1.2201,726,18.3872,417,10.5612,18993.7669,西日暮里,5.4646,False
東京都北区,35.7458,139.7345,33.1034,150.1273,72.2274,525.5791,740403.5258,388739.8427,14377.2313,14724.1863,1.0241,357.0096,9.1838,25431.7,0.4811,1.119,1.2687,1.2221,738,18.9844,417,10.727,18680.4584,西日暮里,3.5517,False
東京都北区,35.7458,139.7566,32.626,148.7053,72.178,512.2898,745689.3584,392358.9517,14481.6239,14740.3556,1.0179,373.3704,9.516,24456.1,0.4854,1.1194,1.2947,1.2487,753,19.1916,416,10.6025,19084.0856,西日暮里,1.8282,False
東京都荒川区,35.7458,139.7788,32.2865,147.6408,68.4207,518.9762,752706.77,395586.231,14534.576,14725.876,1.0132,354.4392,8.9598,23743.5,0.4634,1.1105,1.2667,1.2207,767,19.3889,417,10.5413,18653.5535,西日暮里,1.4297,False
東京都荒川区,35.7458,139.8009,33.2944,146.9375,69.4414,533.4913,743506.4979,391319.125,14263.8501,14407.1561,1.01,340.2933,8.6961,23409.1,0.4726,1.1108,1.2702,1.2176,768,19.6259,396,10.1196,18299.8202,西日暮里,2.953,False
東京都葛飾区,35.7458,139.823,34.9814,150.8227,74.3223,567.34,716878.3083,378566.5242,13416.2287,13781.0001,1.0272,308.7576,8.156,22547.6,0.4928,1.1138,1.2808,1.2307,722,19.0719,363,9.5888,17650.953,西日暮里,4.8343,False
東京都葛飾区,35.7458,139.8451,33.5703,158.8646,74.7148,519.2781,683776.549,361726.161,12269.3755,13032.2988,1.0622,290.915,8.0424,21704.4,0.4703,1.124,1.3177,1.2653,693,19.1581,351,9.7035,17172.9044,市川,5.7482,False
東京都葛飾区,35.7458,139.8673,33.6233,172.74,79.575,510.9994,628095.7618,331702.5383,10599.2044,11882.8991,1.1211,242.1142,7.2991,19409.4,0.4607,1.1281,1.3357,1.2847,620,18.6914,306,9.2251,15872.5756,市川,4.0075,False
東京都葛飾区,35.7458,139.8894,34.2546,195.0303,88.5403,497.1173,547109.3241,288863.38,8355.3669,10129.8834,1.2124,182.0802,6.3033,19286.2,0.454,1.1403,1.3676,1.3204,542,18.7632,262,9.07,13853.5207,市川,2.6557,False
千葉県市川市,35.7458,139.9115,35.8249,227.179,108.795,500.137,482675.8669,254298.3913,6622.3401,8858.9554,1.3377,146.9817,5.7799,17592.4,0.4789,1.1403,1.3676,1.3204,513,20.1732,246,9.6737,12115.4131,市川,2.4537,False
千葉県市川市,35.7458,139.9336,36.1645,271.8438,128.3958,454.7624,441085.5704,232214.214,5352.9236,8039.5043,1.5019,132.1145,5.6893,16102.5,0.4723,1.1536,1.4063,1.3563,480,20.6706,228,9.8185,11306.2964,市川,3.6006,False
千葉県市川市,35.7458,139.9558,43.1512,343.2801,174.8039,496.153,409550.4366,215732.174,4224.8064,7375.4368,1.7457,111.2692,5.1577,14802.7,0.5092,1.1771,1.4825,1.4325,433,20.0712,201,9.3171,10934.4268,市川,5.2804,False
千葉県鎌ケ谷市,35.7458,139.9779,48.3448,439.4694,235.4915,556.5552,371643.1024,195226.3925,3202.9095,6557.0064,2.0472,83.9785,4.3016,14608.2,0.5359,1.1768,1.4808,1.4278,386,19.7719,168,8.6054,9709.841,市川,7.1257,False
千葉県鎌ケ谷市,35.7458,140.0,49.6127,448.1857,248.0752,542.2682,345094.9071,180628.7137,2735.3413,5984.2551,2.1878,75.1785,4.162,14126.9,0.5535,1.1855,1.4979,1.4553,368,20.3733,162,8.9687,8964.0087,津田沼,6.6741,True
千葉県鎌ケ谷市,35.7458,140.0221,53.8462,448.1857,253.4072,565.9889,324510.5245,170119.4529,2596.7874,5632.6331,2.1691,65.2235,3.834,12848.6,0.5654,1.1954,1.5198,1.4727,347,20.3974,150,8.8173,8560.3074,津田沼,6.3056,False
千葉県鎌ケ谷市,35.7458,140.0442,60.5517,448.1857,266.6451,628.1372,300001.4449,158357.0112,2412.7307,5220.6062,2.1638,53.3538,3.3692,11782.1,0.5949,1.1954,1.5198,1.4727,313,19.7655,123,7.7673,7934.1211,津田沼,6.5541,False
千葉県八千代市,35.7458,140.0664,66.8806,448.1857,299.9253,624.956,271043.3398,143055.441,2217.5357,4705.9966,2.1222,49.1188,3.4335,9728.3,0.6692,1.2247,1.6157,1.574,265,18.5243,111,7.7592,7603.2503,津田沼,7.3574,False
千葉県八千代市,35.7458,140.0885,69.8408,448.1857,303.9233,813.8631,246910.9583,129668.0218,2063.665,4296.5084,2.082,31.6293,2.4392,8021.8,0.6781,1.2168,1.5892,1.5566,228,17.5834,88,6.7866,6827.8365,津田沼,8.5607,False
千葉県八千代市,35.7458,140.1106,64.4721,448.1857,312.443,606.244,204113.1756,107060.029,1682.5822,3532.1764,2.0993,29.6293,2.7675,6907.2,0.6971,1.2168,1.5892,1.5566,196,18.3075,77,7.1922,5613.1912,津田沼,10.0209,False
千葉県八千代市,35.7458,140.1327,56.4509,448.1857,351.082,496.162,156314.4048,80948.0294,1232.2529,2638.3465,2.1411,22.9748,2.8382,5695.1,0.7833,1.1828,1.502,1.4294,136,16.8009,59,7.2886,3962.7055,津田沼,11.6417,False
千葉県八千代市,35.7458,140.1549,55.9947,448.1857,399.4352,371.9686,131612.1626,67034.0264,1063.9329,2235.0592,2.1008,24.4598,3.6489,4394.2,0.8912,1.2274,1.606,1.5808,119,17.7522,63,9.3982,3589.574,津田沼,13.3648,False
千葉県佐倉市,35.7458,140.177,56.3554,448.1857,441.1538,350.0483,114351.8566,57458.5133,897.4933,1900.7111,2.1178,20.9248,3.6417,3899.7,0.9843,1.2274,1.606,1.5808,99,17.2298,53,9.224,3052.6007,津田沼,15.1555,False
千葉県佐倉市,35.7458,140.1991,65.4854,448.1857,448.1857,278.3854,96186.502,48192.6649,767.067,1615.4327,2.106,19.055,3.9539,3221.0,1.0,1.2761,1.7201,1.7359,83,17.2225,43,8.9225,2778.757,津田沼,16.9922,False
千葉県佐倉市,35.7458,140.2212,52.4881,434.0101,434.0101,226.6492,81066.8584,39425.8572,669.7184,1360.0423,2.0308,16.12,4.0887,2152.6,1.0,1.2761,1.7201,1.7359,72,18.2621,36,9.1311,2339.4519,津田沼,18.8616,False
千葉県酒々井町,35.7458,140.2655,59.0928,448.1857,448.1857,205.3354,71802.054,32993.2568,538.6556,1142.1627,2.1204,12.5048,3.7901,2370.6,1.0,1.2809,1.7071,1.7866,64,19.3979,39,11.8206,1949.7854,津田沼,22.666,False
千葉県酒々井町,35.7458,140.2876,62.4032,448.1857,448.1857,246.5355,68665.5748,31308.201,508.3587,1092.6618,2.1494,9.4548,3.0199,2421.3,1.0,1.2809,1.7071,1.7866,60,19.1643,33,10.5404,1865.2825,津田沼,24.5909,False
千葉県成田市,35.7458,140.3097,58.9443,448.1857,448.1857,211.7466,63001.4581,28556.5033,456.4098,990.818,2.1709,9.1047,3.1883,2294.1,1.0,1.2904,1.6978,1.8361,54,18.9099,28,9.8051,1682.2521,津田沼,26.5265,False
千葉県富里市,35.7458,140.3319,56.6525,448.1857,448.1857,183.2509,53641.6861,23965.5096,368.1128,815.818,2.2162,7.2697,3.0334,2052.3,1.0,1.2904,1.6978,1.8361,44,18.3597,20,8.3453,1385.1298,津田沼,28.4706,True
千葉県富里市,35.7458,140.354,51.6446,448.1857,448.1857,127.7065,45048.243,20064.5608,302.7107,679.074,2.2433,7.2697,3.6232,1784.4,1.0,1.2904,1.6978,1.8361,37,18.4405,19,9.4694,1152.9602,津田沼,30.4215,True
千葉県富里市,35.7458,140.3761,48.3767,448.1857,448.1857,73.3029,32338.3534,14543.8798,180.8523,463.7729,2.5644,6.2697,4.3109,1698.7,1.0,1.2756,1.658,1.8212,31,21.3148,17,11.6888,768.9437,津田沼,32.3782,True
東京都日の出町,35.7639,139.2257,28.6419,144.6772,144.6772,237.3962,68301.3723,36169.3447,1047.0976,1047.0976,1.0,10.8702,3.0054,5016.3,1.0,1.2071,1.5592,1.5853,42,11.612,25,6.9119,1632.6645,本院,17.5311,False
東京都日の出町,35.7639,139.2699,41.13,145.8125,141.4425,427.0912,118296.0541,61535.3616,1801.9779,1811.0841,1.0051,17.247,2.8028,8217.8,0.97,1.2039,1.5471,1.5797,74,12.0256,45,7.3129,2801.9576,本院,13.7128,False
東京都羽村市,35.7639,139.292,43.7825,148.0001,140.9397,471.8049,136980.9739,70482.1489,2063.4726,2093.9114,1.0148,20.297,2.8797,9163.9,0.9523,1.2039,1.5471,1.5797,86,12.2017,53,7.5196,3239.5243,本院,11.8464,False
東京都羽村市,35.7639,139.3142,44.0637,151.3749,141.1697,498.0565,156937.1858,80377.7796,2378.3327,2448.761,1.0296,25.1118,3.1242,9932.9,0.9326,1.1991,1.5331,1.5581,103,12.8145,70,8.7089,3754.2025,本院,10.03,False
東京都瑞穂町,35.7639,139.3363,44.7851,156.5964,137.8648,519.1548,181740.0022,93573.9832,2801.0397,2947.7482,1.0524,31.8718,3.406,10538.9,0.8804,1.1991,1.5331,1.5581,123,13.1447,79,8.4425,4519.2012,本院,8.2963,False
東京都瑞穂町,35.7639,139.3584,42.0796,170.8718,126.0479,533.5262,222127.4501,113564.3825,3370.2646,3752.0434,1.1133,40.1426,3.5348,10299.0,0.7377,1.1824,1.4793,1.4843,153,13.4725,96,8.4534,5550.2472,本院,6.7099,False
東京都武蔵村山市,35.7639,139.3805,37.6976,181.952,105.3521,491.3168,270097.8086,139495.0878,4057.049,4703.3791,1.1593,52.684,3.7768,11908.9,0.579,1.1731,1.4385,1.4276,210,15.0543,114,8.1723,6765.7099,本院,5.402,False
東京都武蔵村山市,35.7639,139.4027,31.7241,185.095,90.3981,399.9505,307721.9941,159220.1541,4748.0547,5565.5964,1.1722,73.7316,4.6308,11712.2,0.4884,1.1811,1.4536,1.4645,255,16.0156,145,9.1069,8090.4262,本院,4.6159,False
東京都東大和市,35.7639,139.4248,28.0424,187.302,75.8736,366.4439,333020.3183,175479.8316,5227.1283,6174.1719,1.1812,81.6079,4.6506,13162.2,0.4051,1.1792,1.4322,1.4356,275,15.6713,166,9.4598,8842.6125,本院,4.6256,False
東京都東村山市,35.7639,139.4469,24.9231,184.1674,68.6937,341.2576,358588.3406,190137.5425,5843.2617,6827.2266,1.1684,96.6762,5.0845,13290.3,0.373,1.1675,1.404,1.3997,302,15.8832,165,8.6779,9585.4138,所沢,3.7469,False
東京都東村山市,35.7639,139.469,23.3422,179.1351,61.318,340.1555,387043.0705,206083.0006,6514.94,7477.2243,1.1477,105.657,5.1269,13764.5,0.3423,1.1606,1.3808,1.3802,331,16.0615,177,8.5888,10324.5628,所沢,2.7258,False
東京都東村山市,35.7639,139.4912,22.5252,176.3985,54.2608,322.4064,408546.5359,218240.7503,7051.4405,8013.0239,1.1364,113.6857,5.2092,14587.4,0.3076,1.1653,1.4014,1.398,343,15.7166,177,8.1103,11229.5865,所沢,2.9644,False
東京都東久留米市,35.7639,139.5133,15.9151,175.4451,41.182,241.7336,433182.7277,231867.2604,7482.6301,8473.3522,1.1324,129.9897,5.6062,16859.6,0.2347,1.1634,1.3943,1.3956,396,17.0787,201,8.6688,11814.6503,ひばりが丘,3.1337,False
東京都東久留米市,35.7639,139.5354,17.0504,176.6819,43.0774,248.5544,460859.7102,246519.3757,7877.843,8961.3929,1.1375,147.6549,5.9896,18733.2,0.2438,1.1652,1.407,1.4095,423,17.1589,221,8.9648,12608.847,ひばりが丘,1.5662,False
東京都東久留米市,35.7639,139.5575,14.8329,173.3539,38.9125,241.4784,489299.3324,261838.7503,8511.6176,9564.3366,1.1237,158.6177,6.0578,20100.2,0.2245,1.1503,1.3748,1.3549,431,16.4605,226,8.6313,13149.1716,ひばりが丘,1.7483,False
埼玉県和光市,35.7639,139.5796,13.061,169.17,39.3116,240.1585,516256.1152,276893.799,9195.0387,10170.7793,1.1061,185.6746,6.7056,21694.3,0.2324,1.1383,1.2748,1.2413,456,16.4684,258,9.3177,12965.7229,石神井公園,3.3107,False
埼玉県和光市,35.7639,139.6018,23.0027,165.3177,58.8831,368.0935,561623.2144,300765.6257,10096.5203,11003.2585,1.0898,218.1968,7.2547,24927.6,0.3562,1.1198,1.2422,1.2121,503,16.724,278,9.2431,13668.612,石神井公園,2.3544,False
埼玉県和光市,35.7639,139.6239,29.4854,162.8948,68.8619,457.0569,599349.7687,320157.2187,10950.3683,11820.7046,1.0795,238.503,7.4496,25882.8,0.4227,1.1231,1.2645,1.2387,553,17.2728,309,9.6515,14947.6334,石神井公園,2.8456,False
東京都練馬区,35.7639,139.646,31.183,161.9427,73.768,483.4172,646314.6675,343321.8449,11887.8018,12784.2288,1.0754,281.8033,8.2081,26872.8,0.4555,1.1178,1.2556,1.2209,611,17.7967,342,9.9615,16052.0991,石神井公園,4.3155,False
東京都練馬区,35.7639,139.6681,34.4509,162.239,78.1724,551.1722,688029.6711,362409.7416,12660.7141,13631.4848,1.0767,294.2656,8.1197,26162.5,0.4818,1.1201,1.2633,1.2274,668,18.4322,373,10.2922,17220.2271,石神井公園,6.0927,False
東京都板橋区,35.7639,139.6903,35.9682,162.2296,80.9792,584.6381,711229.8644,373354.7643,13060.5916,14061.4947,1.0766,305.4184,8.1804,25531.5,0.4992,1.1257,1.2748,1.2335,666,17.8383,362,9.6959,17926.1133,石神井公園,7.9743,False
東京都板橋区,35.7639,139.7124,37.3369,159.8153,80.2755,621.5817,736725.8288,386828.6902,13560.6187,14459.3598,1.0663,307.978,7.9616,26905.9,0.5023,1.1244,1.2699,1.2294,717,18.5353,384,9.9269,18361.4151,西日暮里,6.2393,False
東京都北区,35.7639,139.7345,39.2573,158.8187,85.3078,651.0811,746012.1221,393045.6861,13740.31,14591.9762,1.062,322.4,8.2026,26896.7,0.5371,1.1238,1.3095,1.2665,728,18.522,397,10.1006,19107.558,西日暮里,4.6568,False
東京都北区,35.7639,139.7566,39.7772,157.6166,87.8143,662.776,743039.4232,391167.0555,13669.9276,14446.2815,1.0568,323.6685,8.2744,25357.0,0.5571,1.1217,1.3016,1.2564,733,18.7388,387,9.8935,18803.0272,西日暮里,3.5236,False
東京都足立区,35.7639,139.7788,37.9523,156.4886,82.6706,622.0733,725746.3312,382631.7002,13316.686,14007.95,1.0519,310.1472,8.1056,24374.6,0.5283,1.1248,1.3076,1.2598,727,19.0,384,10.0358,18316.6523,西日暮里,3.3343,False
東京都足立区,35.7639,139.8009,33.6658,155.7586,71.2909,533.1333,699572.8344,369640.2878,12862.3102,13489.2533,1.0487,291.6749,7.8908,22323.8,0.4577,1.1209,1.2968,1.241,715,19.3431,363,9.8204,17492.3243,西日暮里,4.2181,False
東京都足立区,35.7639,139.823,35.5544,158.6807,76.7382,554.8879,655955.5992,347844.5393,11819.3293,12544.8958,1.0614,259.1314,7.4496,21196.4,0.4836,1.1317,1.3394,1.283,663,19.0602,331,9.5157,16802.3411,西日暮里,5.6955,False
東京都葛飾区,35.7639,139.8451,34.9708,167.2321,79.6898,525.9485,623236.7667,331129.3198,10758.2809,11811.8197,1.0979,241.457,7.2919,20446.9,0.4765,1.1394,1.3659,1.3112,633,19.1164,310,9.3619,16134.2797,市川,6.8141,False
東京都葛飾区,35.7639,139.8673,36.5782,182.4751,89.6632,535.0686,568789.8968,303291.9053,9211.4566,10698.7219,1.1615,203.039,6.6945,19686.4,0.4914,1.1407,1.3796,1.3283,577,19.0246,273,9.0012,14759.5816,市川,5.4271,False
千葉県松戸市,35.7639,139.8894,39.252,208.2784,110.8801,569.4017,507200.4771,269388.425,7480.7021,9462.085,1.2649,162.3835,6.0279,17087.1,0.5324,1.1407,1.3796,1.3283,507,18.8204,233,8.6492,13053.5607,市川,4.522,False
千葉県松戸市,35.7639,139.9115,40.1751,244.9092,136.3328,569.8032,475179.6363,251340.884,6220.4587,8734.5288,1.4042,146.1365,5.8143,17054.1,0.5567,1.1403,1.3676,1.3204,508,20.2116,230,9.1509,11945.2486,市川,4.4065,False
千葉県松戸市,35.7639,139.9336,47.7347,296.2174,170.4068,597.239,439429.3222,231636.5038,4998.3775,7934.4107,1.5874,120.6245,5.2075,16045.0,0.5753,1.1769,1.489,1.4429,458,19.7724,210,9.0659,11814.1907,市川,5.1341,False
千葉県鎌ケ谷市,35.7639,139.9558,49.305,368.8216,219.7072,590.2674,403586.1243,212606.2794,3963.1033,7246.2775,1.8284,105.939,4.9829,14778.1,0.5957,1.1769,1.489,1.4429,435,20.4604,196,9.2189,10789.5732,市川,6.4245,False
千葉県鎌ケ谷市,35.7639,139.9779,57.4005,448.1857,272.1452,576.875,369532.3751,194993.5054,3058.4501,6535.0445,2.1367,91.3935,4.687,14787.2,0.6072,1.1825,1.4968,1.4521,386,19.7955,172,8.8208,9781.6242,市川,8.0101,False
千葉県鎌ケ谷市,35.7639,140.0,60.1167,448.1857,269.4063,636.542,331535.8089,174746.1528,2609.6498,5755.001,2.2053,64.7085,3.703,13992.0,0.6011,1.1845,1.5013,1.4561,346,19.8001,146,8.355,8640.0718,津田沼,8.5922,True
千葉県鎌ケ谷市,35.7639,140.0221,69.1512,448.1857,279.7899,559.9791,283303.105,149616.9354,2172.0014,4857.7734,2.2365,55.2085,3.69,12413.5,0.6243,1.2702,1.7395,1.7316,296,19.7839,116,7.7531,8450.1571,津田沼,8.3093,True
千葉県白井市,35.7639,140.0442,68.1751,448.1857,304.8739,659.3138,251071.7118,131737.457,1959.5326,4295.7669,2.1922,39.7838,3.0199,10225.4,0.6802,1.2247,1.6157,1.574,244,18.5217,95,7.2113,6940.462,津田沼,8.4994,True
千葉県白井市,35.7639,140.0664,66.3926,448.1857,309.4998,608.7874,228391.0984,119161.9538,1772.3217,3857.652,2.1766,35.529,2.9816,8935.7,0.6906,1.2247,1.6157,1.574,229,19.2175,87,7.301,6232.6211,津田沼,9.133,False
千葉県白井市,35.7639,140.0885,67.6127,448.1857,315.5147,687.6395,210185.4755,108866.6322,1746.03,3620.4343,2.0735,27.4942,2.5255,6600.7,0.704,1.2168,1.5892,1.5566,195,17.9118,73,6.7055,5753.4469,津田沼,10.1272,False
千葉県八千代市,35.7639,140.1106,59.8462,448.1857,342.3234,473.3777,165863.4805,85639.1343,1350.7517,2836.8544,2.1002,26.7095,3.1188,5565.9,0.7638,1.2168,1.5892,1.5566,159,18.5663,66,7.7068,4508.2136,津田沼,11.388,False
千葉県八千代市,35.7639,140.1327,59.6286,448.1857,382.449,396.1242,126939.525,64186.2811,953.5754,2086.1982,2.1878,19.6548,3.0621,4945.8,0.8533,1.2501,1.6513,1.706,115,17.9166,55,8.5688,3444.9662,津田沼,12.8371,True
千葉県八千代市,35.7639,140.1549,57.1459,448.1857,419.6383,341.0148,106306.3276,52413.5776,821.6574,1742.8592,2.1212,17.0898,3.2606,3608.6,0.9363,1.2493,1.648,1.6842,94,17.9343,54,10.3027,2872.1998,津田沼,14.4177,False
千葉県佐倉市,35.7639,140.177,58.9602,448.0975,448.0975,290.9529,95286.6443,46817.7657,765.0922,1586.0607,2.073,17.3898,3.7143,2892.7,1.0,1.2723,1.7157,1.7405,88,18.7963,47,10.0389,2721.2239,津田沼,16.0912,False
千葉県佐倉市,35.7639,140.2434,49.4695,445.6455,445.6455,202.2032,69717.7992,32410.8091,554.2659,1144.9526,2.0657,12.5047,3.8582,2049.1,1.0,1.2687,1.6717,1.7405,68,20.9807,38,11.7245,1914.0383,津田沼,21.4467,False
千葉県酒々井町,35.7639,140.2655,57.6074,448.1857,448.1857,207.2168,64394.0384,29698.8259,488.9881,1039.8466,2.1265,10.1548,3.4192,2189.6,1.0,1.2687,1.6717,1.7405,56,18.856,32,10.7748,1738.3307,津田沼,23.3008,False
千葉県成田市,35.7639,140.2876,57.5225,448.1857,448.1857,186.5597,60666.7072,27918.3835,437.0305,961.5648,2.2002,9.8048,3.5119,2346.1,1.0,1.2809,1.7071,1.7866,53,18.9839,29,10.3874,1641.4869,津田沼,25.1767,True
千葉県成田市,35.7639,140.3097,56.1645,448.1857,448.1857,178.2647,53945.6313,24580.1127,386.6602,848.2828,2.1939,7.9697,3.2424,2048.7,1.0,1.2904,1.6978,1.8361,42,17.087,21,8.5435,1440.25,津田沼,27.07,True
千葉県成田市,35.7639,140.3319,52.1963,448.1857,448.1857,135.6281,46927.5161,21232.9823,311.3743,714.3219,2.2941,7.6197,3.5886,2011.7,1.0,1.2904,1.6978,1.8361,41,19.3096,20,9.4193,1212.8055,津田沼,28.9772,True
千葉県成田市,35.7639,140.354,50.8912,448.1857,448.1857,121.1306,43387.2184,19621.5058,281.2139,658.651,2.3422,7.2697,3.705,1966.4,1.0,1.2879,1.6887,1.858,35,17.8376,19,9.6833,1112.2816,津田沼,30.8958,True
千葉県富里市,35.7639,140.3761,49.8302,448.1857,448.1857,88.4067,35442.9788,15756.3526,206.9391,516.2904,2.4949,6.2697,3.9792,1792.0,1.0,1.2879,1.6887,1.858,33,20.9439,17,10.7893,871.8734,津田沼,32.8238,True
東京都青梅市,35.7819,139.2257,28.2865,144.8673,144.8673,223.6094,65679.2395,34687.3795,987.6866,988.5232,1.0008,10.4485,3.0122,4977.4,1.0,1.2138,1.572,1.611,37,10.6667,24,6.9189,1554.0026,本院,17.1233,False
東京都青梅市,35.7819,139.2478,34.7958,146.25,145.434,316.5511,89123.2339,47022.6069,1304.3465,1313.4731,1.007,13.2202,2.8115,6993.5,0.9944,1.2071,1.5592,1.5853,55,11.6965,35,7.4432,2048.0049,本院,15.1522,False
東京都青梅市,35.7819,139.2699,38.9655,150.1379,145.2629,386.6137,110720.6796,57397.1324,1650.7473,1690.661,1.0242,16.547,2.8829,7782.6,0.9675,1.2039,1.5471,1.5797,75,13.0669,40,6.969,2615.6491,本院,13.1884,False
東京都青梅市,35.7819,139.292,43.7825,157.5432,145.4926,461.6538,129709.0666,66457.6133,1911.1695,2019.1033,1.0565,18.29,2.7521,8302.0,0.9235,1.2039,1.5471,1.5797,84,12.6396,51,7.6741,3123.7875,本院,11.2357,False
東京都羽村市,35.7819,139.3142,43.4589,170.0875,149.5179,458.554,148133.6098,75244.4004,2079.8345,2308.5762,1.11,22.69,3.0155,8988.0,0.8791,1.2009,1.5396,1.5614,101,13.4229,64,8.5056,3554.1768,本院,9.3013,False
東京都瑞穂町,35.7819,139.3363,43.9045,187.1524,142.3131,454.5755,184527.747,93538.3209,2474.6286,2921.4723,1.1806,31.1473,3.3299,10358.9,0.7604,1.2104,1.567,1.6043,126,13.4704,84,8.9803,4577.9024,本院,7.3993,False
東京都瑞穂町,35.7819,139.3584,44.9019,201.4753,132.7043,502.2408,224986.4057,113690.1877,2977.0227,3685.7532,1.2381,37.4444,3.2935,10814.6,0.6587,1.2073,1.5515,1.583,154,13.5456,89,7.8283,5718.4471,本院,5.5631,False
東京都瑞穂町,35.7819,139.3805,33.9735,216.3933,113.0171,394.8347,253201.2849,129152.1453,3256.842,4222.2656,1.2964,49.1494,3.8055,11763.3,0.5223,1.1883,1.4827,1.4831,191,14.7888,110,8.5171,6260.1963,本院,3.8873,False
東京都武蔵村山市,35.7819,139.4027,30.4828,223.0671,86.311,328.9979,274168.85,141750.6403,3640.2507,4812.6792,1.3221,54.6682,3.8566,11298.2,0.3869,1.2017,1.5346,1.5444,208,14.6737,113,7.9717,7385.6118,本院,2.6902,False
東京都東大和市,35.7819,139.4248,25.061,218.4954,71.2,292.7519,293916.9583,153946.578,4027.246,5253.6901,1.3045,61.342,3.9846,11982.9,0.3259,1.197,1.4986,1.5098,236,15.33,135,8.7693,7873.185,本院,2.7069,False
埼玉県所沢市,35.7819,139.4469,25.496,204.4944,67.783,330.3886,319357.0801,168617.9743,4719.1117,5898.8855,1.25,67.9944,4.0325,12112.6,0.3315,1.1818,1.4563,1.4674,254,15.0636,145,8.5993,8590.295,所沢,2.7297,False
埼玉県所沢市,35.7819,139.469,22.3342,199.09,61.4248,303.9729,337142.0911,180656.7044,5201.4385,6390.4621,1.2286,79.842,4.4195,12963.8,0.3085,1.1713,1.4194,1.4174,274,15.1669,146,8.0816,9070.816,所沢,0.9183,False
埼玉県所沢市,35.7819,139.4912,19.1936,202.8018,52.5772,265.5643,362448.1064,193990.2039,5575.3679,6931.9527,1.2433,89.4493,4.611,13414.2,0.2593,1.1682,1.4212,1.4159,305,15.7224,148,7.6293,9851.4618,所沢,1.4835,False
東京都清瀬市,35.7819,139.5133,21.3475,203.1807,56.305,294.4209,402467.4062,215317.3895,6208.3038,7728.1884,1.2448,106.7181,4.9563,14739.0,0.2771,1.1678,1.4209,1.4187,345,16.0229,176,8.174,10981.3462,所沢,3.3946,False
東京都清瀬市,35.7819,139.5354,22.5252,203.2967,60.4162,308.8301,424022.9772,227016.2333,6457.6376,8041.5219,1.2453,119.6972,5.2726,17175.5,0.2972,1.1691,1.4187,1.4182,371,16.3424,185,8.1492,11408.3427,ひばりが丘,3.4281,False
埼玉県新座市,35.7819,139.5575,23.0557,194.8417,58.4858,339.5645,434963.3472,232713.3558,6794.7674,8232.7072,1.2116,115.3972,4.9588,18337.8,0.3002,1.1546,1.3839,1.3637,361,15.5126,178,7.6489,11393.3946,ひばりが丘,3.515,False
埼玉県新座市,35.7819,139.5796,21.8037,185.3639,57.1098,310.4206,455937.8353,244503.7781,7449.6178,8740.505,1.1733,144.525,5.9109,19413.2,0.3081,1.1605,1.399,1.3844,382,15.6235,205,8.3843,12228.3013,ひばりが丘,4.5746,False
埼玉県和光市,35.7819,139.6018,27.1512,182.4812,74.6727,406.9675,499362.1699,266697.7534,8169.4104,9488.6333,1.1615,173.3774,6.5009,22648.4,0.4092,1.1499,1.3125,1.2822,434,16.2731,239,8.9615,12453.491,石神井公園,4.3462,False
埼玉県和光市,35.7819,139.6239,35.1406,184.5623,87.2836,533.2846,550299.0222,293123.7423,8899.9895,10413.0584,1.17,184.4359,6.2921,25564.8,0.4729,1.1553,1.3166,1.2824,477,16.273,265,9.0406,13709.3696,石神井公園,4.6306,False
埼玉県和光市,35.7819,139.646,36.3926,182.3936,90.4019,551.276,604146.8375,318308.1857,10013.5478,11626.9693,1.1611,226.7246,7.1228,25035.2,0.4956,1.1506,1.3385,1.3067,557,17.4988,308,9.6762,15562.3256,石神井公園,5.6539,False
埼玉県戸田市,35.7819,139.6681,39.0663,181.1422,94.4543,625.477,637722.8292,335434.2015,10651.0382,12312.393,1.156,234.599,6.9939,25168.5,0.5214,1.1367,1.3025,1.2664,596,17.768,320,9.5399,16037.191,石神井公園,7.1035,False
東京都板橋区,35.7819,139.6903,40.0531,178.7373,96.6934,647.8302,658036.615,345963.5009,11065.9484,12682.2433,1.1461,249.6505,7.2161,25141.6,0.541,1.1357,1.2982,1.2608,605,17.4874,318,9.1917,16464.628,石神井公園,8.7705,False
埼玉県川口市,35.7819,139.7124,42.8011,174.8942,97.7052,749.2374,688645.2036,363938.026,11748.984,13277.6267,1.1301,245.5028,6.7457,26434.1,0.5587,1.1302,1.2823,1.2401,656,18.025,341,9.3697,17026.12,西日暮里,7.4854,False
埼玉県川口市,35.7819,139.7345,43.6817,173.9477,103.1307,761.5829,707526.4994,374097.6069,12039.7862,13558.7338,1.1262,269.0555,7.1921,26694.4,0.5929,1.1237,1.3167,1.272,665,17.7761,343,9.1687,17853.1811,西日暮里,6.2284,False
東京都北区,35.7819,139.7566,44.5623,172.4787,106.0385,804.1814,705377.8272,371169.1197,11979.8956,13417.7059,1.12,259.4238,6.9894,24991.5,0.6148,1.1273,1.322,1.27,669,18.0241,340,9.1602,17738.5848,西日暮里,5.4336,False
東京都足立区,35.7819,139.7788,43.5756,171.4658,101.0906,750.0327,679275.994,357135.9108,11500.7803,12832.2583,1.1158,245.4568,6.8729,22844.0,0.5896,1.13,1.3282,1.2776,653,18.2844,328,9.1842,17044.1705,西日暮里,5.3129,False
東京都足立区,35.7819,139.8009,40.9125,169.6597,93.0602,669.7947,635689.7644,336038.2689,10835.8684,12008.0868,1.1082,225.1604,6.7004,20791.3,0.5485,1.1307,1.3288,1.2726,626,18.6288,292,8.6895,15955.8368,西日暮里,5.9076,False
東京都足立区,35.7819,139.823,40.9231,171.0626,93.8725,624.5066,584407.3339,309801.4735,9771.6138,10886.3596,1.1141,201.9287,6.518,20280.4,0.5488,1.1472,1.3896,1.3346,566,18.2698,272,8.7798,15127.6461,西日暮里,7.0387,False
東京都足立区,35.7819,139.8451,40.9443,180.4794,104.0158,609.9651,551235.0515,292593.6316,8885.0058,10246.6423,1.1533,193.0184,6.5968,18950.8,0.5763,1.1472,1.3896,1.3346,543,18.5582,249,8.5101,14238.6972,市川,8.2376,False
千葉県松戸市,35.7819,139.8673,41.4058,199.3408,121.1739,584.8047,510097.6568,270184.5982,7713.9417,9485.008,1.2296,181.5038,6.7178,17056.0,0.6079,1.1494,1.4026,1.3472,520,19.2461,265,9.8081,13303.6309,市川,7.1332,False
千葉県松戸市,35.7819,139.8894,44.4244,229.9553,144.3327,631.8293,472593.1343,250186.3129,6457.6457,8706.5682,1.3483,147.4408,5.8932,16298.4,0.6277,1.1461,1.3962,1.3464,482,19.2656,233,9.3131,12156.4579,市川,6.4715,False
千葉県松戸市,35.7819,139.9115,49.2308,271.0118,172.5129,683.7962,446793.0061,236116.631,5429.017,8137.6877,1.4989,121.8765,5.1617,16358.9,0.6366,1.1664,1.4415,1.3978,453,19.1854,217,9.1904,11730.1118,市川,6.3913,False
千葉県松戸市,35.7819,139.9336,54.1432,327.3093,217.5571,660.3999,420810.8828,221707.6283,4498.8968,7616.312,1.6929,115.8028,5.2232,15049.6,0.6647,1.191,1.5306,1.4876,417,18.8086,207,9.3366,11657.4317,市川,6.9129,False
千葉県鎌ケ谷市,35.7819,139.9558,60.1485,404.6541,280.7782,647.5107,382195.0434,200437.2537,3521.5511,6835.6577,1.9411,100.0408,4.9911,13578.2,0.6939,1.1769,1.489,1.4429,385,19.208,178,8.8806,10178.1678,市川,7.9184,False
千葉県鎌ケ谷市,35.7819,139.9779,63.7772,448.1857,322.2283,686.5143,342023.7858,180256.1973,2789.2671,6013.8073,2.1561,77.3537,4.2913,13376.6,0.719,1.1854,1.5112,1.4735,339,18.8066,155,8.5989,9088.2002,市川,9.2511,False
千葉県鎌ケ谷市,35.7819,140.0,74.3926,448.1857,320.7215,671.2832,297384.5081,158148.1729,2278.6698,5123.4211,2.2484,58.8538,3.7214,13312.8,0.7156,1.2702,1.7395,1.7316,295,18.6534,125,7.904,8912.2546,津田沼,10.5424,True
千葉県鎌ケ谷市,35.7819,140.0221,71.3793,448.1857,326.8976,589.9183,246086.1763,130580.6763,1733.9521,4080.0459,2.353,44.884,3.4373,12119.8,0.7294,1.2702,1.7395,1.7316,260,19.9111,102,7.8113,7097.2905,津田沼,10.3132,True
千葉県白井市,35.7819,140.0442,68.9602,448.1857,337.0989,520.9858,208319.4725,108567.6235,1530.173,3456.4608,2.2589,36.914,3.4001,9152.4,0.7521,1.2702,1.7395,1.7316,212,19.527,75,6.9081,6012.5565,津田沼,10.467,True
千葉県白井市,35.7819,140.0664,58.817,448.1857,322.7113,435.4668,179363.5535,92401.8784,1325.2449,2948.4204,2.2248,30.6942,3.3218,7431.2,0.72,1.2247,1.6157,1.574,183,19.8048,65,7.0345,4763.6197,津田沼,10.9876,True
千葉県白井市,35.7819,140.0885,63.1512,448.1857,337.4988,472.1881,148718.6064,75984.5424,1130.9984,2468.157,2.1823,20.379,2.682,5787.9,0.753,1.2501,1.6513,1.706,149,19.6093,55,7.2383,4075.6998,津田沼,11.8268,True
千葉県白井市,35.7819,140.1106,61.3263,448.1857,365.8507,427.6508,122618.8588,61330.3167,896.2846,1977.003,2.2058,15.7698,2.5713,4843.1,0.8163,1.2501,1.6513,1.706,109,17.7726,44,7.1743,3264.6508,津田沼,12.9226,True
千葉県印西市,35.7819,140.177,64.3289,448.1857,448.1857,255.7199,74764.5046,34611.1435,557.0811,1186.234,2.1294,10.9398,3.1608,2508.5,1.0,1.2985,1.7597,1.8792,63,18.2022,32,9.2456,2087.4132,津田沼,17.2106,False
千葉県佐倉市,35.7819,140.1991,49.7613,442.8586,442.8586,177.385,65802.5202,30777.516,531.9994,1094.5198,2.0574,12.9397,4.2043,1908.1,1.0,1.3076,1.7708,1.9082,65,21.1193,38,12.3467,1938.1507,津田沼,18.8474,False
千葉県佐倉市,35.7819,140.2212,49.8037,425.7819,425.7819,193.1099,67584.2844,30915.1826,569.2229,1141.779,2.0059,12.4547,4.0287,1640.7,1.0,1.289,1.7372,1.7843,67,21.6722,37,11.9682,1983.4533,津田沼,20.548,False
千葉県栄町,35.7819,140.2434,56.8329,448.1857,448.1857,189.0477,65731.5,30416.3419,525.3684,1096.8465,2.0878,12.0245,3.9533,2096.6,1.0,1.2782,1.6862,1.7726,63,20.7125,38,12.4933,1849.5436,津田沼,22.2978,False
千葉県成田市,35.7819,140.2655,56.557,448.1857,448.1857,187.1152,58811.8608,27170.7379,438.6919,955.591,2.1783,9.4548,3.4798,2238.9,1.0,1.2782,1.6862,1.7726,51,18.7702,30,11.0413,1611.3533,津田沼,24.086,True
千葉県成田市,35.7819,140.2876,56.679,448.1857,448.1857,172.8668,53458.0369,24292.5338,376.7211,832.3346,2.2094,7.9697,3.2807,2066.0,1.0,1.3047,1.7206,1.8823,40,16.466,21,8.6446,1432.1249,津田沼,25.9048,True
千葉県成田市,35.7819,140.3097,52.5358,448.1857,448.1857,140.7556,48129.4904,21450.5843,327.752,733.8065,2.2389,7.6197,3.5522,1913.7,1.0,1.2904,1.6978,1.8361,41,19.1137,20,9.3238,1245.8873,津田沼,27.748,True
千葉県成田市,35.7819,140.3319,50.8488,448.1857,448.1857,120.3085,45433.0681,20403.4651,296.5792,689.6863,2.3255,7.9697,3.9061,2020.3,1.0,1.2879,1.6887,1.858,40,19.6045,20,9.8023,1164.6917,津田沼,29.6112,True
千葉県成田市,35.7819,140.354,50.5517,448.1857,448.1857,109.071,41609.9078,18638.5572,259.6175,624.3538,2.4049,7.2697,3.9004,1993.7,1.0,1.2879,1.6887,1.858,36,19.3148,19,10.1939,1054.3629,津田沼,31.4908,True
東京都青梅市,35.7999,139.2035,20.3873,148.9778,148.9778,97.1083,36276.5399,19170.0602,534.5094,544.7018,1.0191,7.3268,3.822,3005.3,1.0,1.2124,1.5978,1.6673,20,10.4329,10,5.2165,870.3236,本院,18.9387,False
東京都青梅市,35.7999,139.2257,30.7905,148.2961,148.2961,231.1424,58248.8201,30493.3667,886.6946,900.9344,1.0161,8.0985,2.6558,4250.6,1.0,1.2182,1.6017,1.6541,31,10.1661,18,5.9029,1443.0704,本院,16.9443,False
東京都青梅市,35.7999,139.2478,35.2891,154.5202,153.0501,309.7066,78354.7364,40732.1025,1128.2371,1177.1553,1.0434,10.4485,2.5652,5867.2,0.9905,1.2138,1.572,1.611,48,11.7843,29,7.1197,1850.5406,本院,14.95,False
東京都青梅市,35.7999,139.2699,36.4562,167.2296,163.1834,320.9041,100425.2359,51731.1669,1389.6818,1525.7565,1.0979,16.3535,3.1612,7130.0,0.9758,1.2138,1.572,1.611,66,12.7583,42,8.1189,2398.5572,本院,12.9561,False
東京都青梅市,35.7999,139.292,37.5915,185.0805,166.2362,344.2801,122831.7571,62537.3577,1607.032,1883.6432,1.1721,20.94,3.3484,8072.9,0.8982,1.2101,1.553,1.5949,95,15.1909,51,8.1551,2925.2078,本院,10.9627,False
東京都羽村市,35.7999,139.3142,42.504,205.1463,169.217,418.0771,143390.2326,71904.7682,1812.7694,2270.6154,1.2526,21.9488,3.0525,8363.8,0.8249,1.2121,1.5539,1.6142,101,14.0464,59,8.2053,3528.3023,本院,8.97,False
東京都瑞穂町,35.7999,139.3363,43.9788,233.9313,164.3318,426.2725,172973.6798,86437.2706,1984.2025,2704.9526,1.3632,26.2538,3.0373,9596.6,0.7025,1.2179,1.5759,1.6279,120,13.8829,74,8.5611,4262.6336,本院,6.9789,False
東京都瑞穂町,35.7999,139.3584,42.5252,252.6961,150.1258,401.3043,205333.1714,102794.0412,2299.827,3295.1714,1.4328,34.1676,3.3239,10100.3,0.5941,1.2245,1.5928,1.6324,142,13.814,80,7.7826,5248.5432,本院,4.9909,False
東京都瑞穂町,35.7999,139.3805,38.4934,274.2493,130.5197,355.3656,234229.9307,118071.8687,2571.7622,3884.511,1.5104,41.8527,3.5447,10124.7,0.4759,1.2257,1.6047,1.63,160,13.5511,96,8.1306,6233.649,本院,3.0126,False
埼玉県入間市,35.7999,139.4027,30.87,276.7573,96.556,296.5123,252381.6243,129280.8935,2851.2251,4331.9806,1.5193,44.8997,3.473,10219.5,0.3489,1.2114,1.5667,1.5856,184,14.2326,102,7.8898,6786.7941,本院,1.0971,False
埼玉県所沢市,35.7999,139.4248,20.9602,262.6864,66.1151,199.7632,267998.5346,138824.5871,3194.4503,4692.8623,1.4691,55.929,4.0288,10703.4,0.2517,1.2114,1.5667,1.5856,211,15.199,120,8.644,7352.1775,本院,1.1373,False
埼玉県所沢市,35.7999,139.4469,14.5782,244.7355,46.8649,153.9577,284838.5691,149298.4932,3632.6128,5098.4419,1.4035,64.5101,4.3209,11252.8,0.1915,1.2012,1.5423,1.5528,222,14.8695,126,8.4395,7863.1911,所沢,2.983,False
埼玉県所沢市,35.7999,139.469,14.6207,240.632,49.7078,194.9107,302291.1691,160281.0627,3995.4691,5546.9038,1.3883,64.2028,4.0056,11498.8,0.2066,1.1826,1.462,1.463,244,15.2233,136,8.4851,8109.371,所沢,1.5139,False
埼玉県所沢市,35.7999,139.4912,23.7984,248.0294,72.4003,283.0502,339214.3565,180312.9628,4395.3038,6222.3067,1.4157,78.8383,4.3723,12974.0,0.2919,1.1773,1.4828,1.4737,262,14.5303,142,7.8752,9226.6182,所沢,1.9102,False
東京都清瀬市,35.7999,139.5133,29.3899,245.8807,84.3291,352.7491,367498.9986,196027.9591,4841.1752,6815.1696,1.4078,88.5049,4.5149,13749.5,0.343,1.177,1.4842,1.4699,289,14.7428,149,7.601,10115.2167,所沢,3.6013,False
東京都清瀬市,35.7999,139.5354,28.7958,239.3271,86.2299,342.6219,372785.0822,199669.472,5012.7877,6934.8855,1.3834,99.2174,4.9691,14610.0,0.3603,1.1785,1.4847,1.4718,306,15.3253,151,7.5625,10296.4077,ひばりが丘,5.3931,False
埼玉県新座市,35.7999,139.5575,30.9602,225.7504,84.476,352.4054,367556.6315,196549.995,5083.7184,6773.0741,1.3323,96.3178,4.9004,15297.8,0.3742,1.1886,1.5144,1.5007,294,14.958,142,7.2246,10257.4618,ひばりが丘,5.4488,False
埼玉県朝霞市,35.7999,139.5796,28.1379,216.7439,80.0636,348.6968,396130.5468,211328.1865,5624.5197,7299.4089,1.2978,111.345,5.2688,17103.7,0.3694,1.1749,1.4678,1.4352,320,15.1423,168,7.9497,10714.3889,ひばりが丘,6.1854,False
埼玉県朝霞市,35.7999,139.6018,32.7639,214.7913,93.3251,412.5425,441880.3878,234256.8452,6322.3007,8157.2342,1.2902,137.1305,5.8539,19170.3,0.4345,1.171,1.4548,1.4327,381,16.2642,202,8.623,11866.7479,石神井公園,6.3459,False
埼玉県和光市,35.7999,139.6239,36.2228,218.0624,111.5342,517.1573,495739.6493,262200.5793,7093.192,9241.4999,1.3029,163.2925,6.2278,21721.7,0.5115,1.1588,1.3374,1.3075,436,16.6285,233,8.8863,12359.7071,石神井公園,6.544,False
埼玉県戸田市,35.7999,139.646,39.183,214.7415,117.9923,581.1118,551314.1125,289834.1247,8014.6197,10339.1741,1.29,193.0629,6.6612,23009.3,0.5495,1.1548,1.3539,1.3248,492,16.9752,268,9.2467,13998.3036,石神井公園,7.3037,False
埼玉県戸田市,35.7999,139.6681,41.061,209.418,118.3416,639.5902,582928.6657,305674.0141,8668.4111,11003.0258,1.2693,202.478,6.624,23212.7,0.5651,1.1412,1.3155,1.2846,532,17.4042,277,9.0619,14474.3721,石神井公園,8.4755,False
埼玉県戸田市,35.7999,139.6903,42.8541,203.3924,117.2913,692.8456,600573.0693,315886.5098,9157.8333,11407.4644,1.2457,204.3621,6.4695,23075.5,0.5767,1.1442,1.3257,1.2972,532,16.8415,273,8.6423,15122.9689,石神井公園,9.9141,False
埼玉県川口市,35.7999,139.7124,44.9443,196.9182,119.8418,757.4221,619533.1544,327394.0277,9593.8207,11703.8443,1.2199,209.7826,6.4076,24177.6,0.6086,1.1378,1.3492,1.3164,569,17.3797,285,8.7051,15791.1946,西日暮里,9.0094,False
埼玉県川口市,35.7999,139.7345,45.8462,195.8098,123.9948,806.8629,644857.9538,340994.9072,9873.3438,12001.081,1.2155,218.8382,6.4176,25691.1,0.6332,1.1325,1.3494,1.3027,613,17.9768,309,9.0617,16194.5424,西日暮里,7.9959,False
埼玉県川口市,35.7999,139.7566,46.7905,195.2945,129.7347,886.0509,638130.1234,336064.1533,9755.9415,11838.2454,1.2134,203.2369,6.0476,23358.3,0.6643,1.1348,1.3507,1.3023,577,17.1693,284,8.4508,15989.5848,西日暮里,7.3938,False
東京都足立区,35.7999,139.7788,46.695,193.6313,128.8674,851.9073,602337.986,317551.9242,9177.6982,11075.3266,1.2068,187.2114,5.8955,21721.8,0.6655,1.1374,1.3605,1.3004,549,17.2885,254,7.9987,15067.8464,西日暮里,7.3055,False
東京都足立区,35.7999,139.8009,45.9416,191.8295,125.572,744.2065,555712.4151,293469.5163,8415.9382,10095.0191,1.1995,177.5578,6.0503,20069.6,0.6546,1.1478,1.3861,1.3327,527,17.9576,242,8.2462,13992.7731,西日暮里,7.7487,False
埼玉県八潮市,35.7999,139.823,46.4828,195.17,132.7139,733.1737,511063.956,269618.468,7585.2326,9200.4363,1.2129,156.7617,5.8142,18180.1,0.68,1.1472,1.3896,1.3346,483,17.9142,210,7.7888,12784.8932,西日暮里,8.6419,False
埼玉県八潮市,35.7999,139.8451,45.6286,204.8921,141.5006,663.8378,494763.7261,259404.2602,7083.4445,8865.3981,1.2516,163.0166,6.2843,17126.2,0.6906,1.1494,1.4026,1.3472,481,18.5425,236,9.0978,12434.5688,西日暮里,9.8636,False
埼玉県三郷市,35.7999,139.8673,46.6737,223.245,157.8355,643.7015,467532.6343,244624.7613,6363.4525,8417.277,1.3228,154.0976,6.2993,15935.9,0.707,1.1565,1.4234,1.3729,475,19.4175,250,10.2197,11980.9039,市川,8.9637,False
千葉県松戸市,35.7999,139.8894,50.4615,255.7219,184.6247,680.8518,440455.3582,230956.1497,5511.3312,7957.4308,1.4438,132.7875,5.7495,15292.4,0.722,1.1796,1.4742,1.4375,433,18.7481,219,9.4823,11730.5515,市川,8.4467,False
千葉県松戸市,35.7999,139.9115,59.5597,308.367,230.6355,727.2224,404248.4148,210574.3945,4394.4579,7158.9347,1.6291,105.6406,5.0168,14956.6,0.7479,1.2133,1.5889,1.5547,406,19.2806,193,9.1654,11375.0442,市川,8.3854,False
千葉県松戸市,35.7999,139.9336,66.3448,373.8546,292.6649,660.2472,374199.2015,195975.0216,3577.0915,6597.8957,1.8445,104.4607,5.3303,14332.5,0.7828,1.2154,1.595,1.5623,364,18.5738,182,9.2869,10523.8513,市川,8.7894,False
千葉県鎌ケ谷市,35.7999,139.9558,68.8382,448.1857,368.6471,674.7391,342709.4167,178888.4019,2854.2578,5977.9577,2.0944,88.8255,4.9654,13125.6,0.8225,1.2163,1.5921,1.5754,329,18.3914,164,9.1677,9517.7155,市川,9.6001,False
千葉県鎌ケ谷市,35.7999,139.9779,67.4695,448.1857,375.3735,628.719,318054.3627,165656.4643,2537.5194,5496.9214,2.1663,82.6537,4.9895,12485.2,0.8375,1.2186,1.5967,1.5826,322,19.4378,153,9.236,8776.7756,市川,10.7257,False
千葉県鎌ケ谷市,35.7999,140.0,70.3077,448.1857,377.8507,597.9274,275029.1024,144555.2988,2094.6958,4695.0377,2.2414,65.2037,4.5106,12092.0,0.8431,1.2398,1.6653,1.661,288,19.9232,127,8.7856,7818.5754,市川,12.0784,True
千葉県白井市,35.7999,140.0221,70.8488,448.1857,383.727,612.1209,225907.6249,119945.6532,1624.3845,3797.8255,2.338,43.4142,3.6195,11079.2,0.8562,1.2337,1.6644,1.6322,231,19.2587,101,8.4205,6320.9878,津田沼,12.3173,True
千葉県白井市,35.7999,140.0442,67.9629,448.1857,376.5062,537.0003,183707.026,95377.4922,1312.6653,2998.0101,2.2839,30.4793,3.1956,8226.2,0.8401,1.2337,1.6644,1.6322,173,18.1385,64,6.7102,4989.7989,津田沼,12.4463,True
千葉県白井市,35.7999,140.0664,57.6499,448.1857,373.0723,360.4553,136522.1771,69799.2631,920.0541,2164.6684,2.3528,23.7745,3.4061,6472.1,0.8324,1.2337,1.6644,1.6322,132,18.9114,46,6.5903,3602.8097,津田沼,12.8871,True
千葉県白井市,35.7999,140.0885,63.2626,448.1857,385.4215,375.2501,103939.188,51866.4364,618.3371,1560.1343,2.5231,10.8547,2.0928,5465.0,0.86,1.3473,1.8958,2.1045,95,18.3163,37,7.1337,2957.694,津田沼,13.6095,True
千葉県印西市,35.7999,140.1106,59.4218,448.1857,426.8711,299.9972,76983.1722,36923.759,414.5839,1126.1532,2.7163,6.4047,1.7346,4338.2,0.9524,1.3473,1.8958,2.1045,68,18.4163,27,7.3124,2134.955,津田沼,14.5716,True
千葉県印西市,35.7999,140.1327,66.7109,448.1857,448.1857,273.3137,66901.8277,31177.5325,371.6798,977.1936,2.6291,3.0548,0.9798,3500.5,1.0,1.3473,1.8958,2.1045,57,18.2824,24,7.6979,1852.5583,津田沼,15.7296,True
千葉県印西市,35.7999,140.1549,64.1963,448.1857,448.1857,240.9368,58481.4394,26866.7103,340.6308,861.4347,2.5289,3.7048,1.3789,2830.6,1.0,1.3585,1.9036,2.1805,52,19.3548,23,8.5608,1639.8509,津田沼,17.0435,True
千葉県印西市,35.7999,140.177,63.496,448.1857,448.1857,232.8112,55680.5209,24979.768,354.6914,832.3828,2.3468,3.5698,1.4291,2265.3,1.0,1.3694,1.9029,2.1934,49,19.6159,25,10.0081,1583.9716,津田沼,18.4801,True
千葉県印西市,35.7999,140.1991,60.7692,448.1857,448.1857,199.3247,45555.1152,20143.3869,325.1457,712.6566,2.1918,3.5698,1.7722,1599.3,1.0,1.3816,1.8819,2.2465,43,21.347,23,11.4181,1341.1387,津田沼,20.013,True
千葉県栄町,35.7999,140.2212,53.183,443.5287,443.5287,206.7659,45693.0858,20015.8641,358.9733,739.2615,2.0594,4.2198,2.1082,1261.9,1.0,1.3816,1.8819,2.2465,35,17.4861,20,9.9921,1391.2061,津田沼,21.6218,False
千葉県成田市,35.7999,140.2876,49.2202,448.1857,448.1857,130.3501,45681.3627,20389.7268,328.5549,714.9163,2.1759,7.6197,3.7371,1672.5,1.0,1.2817,1.6336,1.8297,35,17.1655,18,8.828,1167.8881,津田沼,26.7635,False
千葉県成田市,35.7999,140.3097,48.4987,448.1857,448.1857,121.3377,44724.1293,19879.4062,296.5941,682.5706,2.3014,7.6197,3.833,1935.3,1.0,1.2817,1.6336,1.8297,33,16.6001,19,9.5576,1115.0481,津田沼,28.551,True
千葉県成田市,35.7999,140.3319,44.8329,448.1857,448.1857,104.3384,41275.1009,18319.8784,279.6058,636.9081,2.2779,7.6197,4.1593,1749.8,1.0,1.2538,1.582,1.7489,32,17.4674,18,9.8254,1007.5677,津田沼,30.3645,True
東京都青梅市,35.8179,139.2478,33.1194,177.6633,175.3193,248.0189,67801.3779,34476.0306,946.4274,1080.4552,1.1416,10.0985,2.9291,4403.0,0.9868,1.2124,1.5978,1.6673,40,11.6023,26,7.5415,1726.3496,本院,15.0152,False
東京都青梅市,35.8179,139.2699,39.5491,198.523,189.1813,348.1377,92300.9122,46724.5783,1216.7545,1492.1518,1.2263,13.0035,2.783,5566.9,0.9529,1.2181,1.5698,1.6308,55,11.7711,30,6.4206,2342.3174,本院,13.0317,False
東京都青梅市,35.8179,139.292,43.0981,214.757,188.8139,400.8593,112318.4622,56250.7388,1400.7769,1807.1411,1.2901,15.1915,2.7007,6412.0,0.8792,1.2213,1.5752,1.6349,69,12.2665,42,7.4666,2846.5999,本院,11.0524,False
埼玉県飯能市,35.8179,139.3142,43.7082,238.2963,184.6242,388.1089,135760.3971,67292.5319,1570.1339,2166.1464,1.3796,19.8271,2.9464,7398.9,0.7748,1.2301,1.6054,1.6701,84,12.4828,52,7.7275,3477.5841,本院,9.0799,False
埼玉県飯能市,35.8179,139.3363,45.8249,265.4884,186.6909,403.6789,161983.8207,80343.3182,1762.0937,2606.406,1.4792,24.8553,3.0936,8196.6,0.7032,1.2347,1.618,1.6646,108,13.4423,67,8.3392,4217.0756,本院,7.1201,False
埼玉県入間市,35.8179,139.3584,44.2228,306.5064,187.3824,390.3574,189002.9072,94207.9607,1902.6154,3087.4449,1.6227,31.0384,3.2947,8730.2,0.6113,1.2344,1.6083,1.6367,122,12.9501,75,7.9611,4965.5492,本院,5.187,False
埼玉県入間市,35.8179,139.3805,43.9469,359.8667,190.3143,362.6446,201393.3646,101002.4905,1848.1466,3326.0774,1.7997,33.381,3.305,8713.2,0.5288,1.2382,1.6243,1.6567,142,14.0591,89,8.8117,5402.4996,本院,3.328,False
埼玉県入間市,35.8179,139.4027,43.0451,374.6734,190.2568,344.7417,211029.0379,106814.1847,1913.9924,3535.3168,1.8471,37.8998,3.5482,8815.5,0.5078,1.2334,1.6342,1.6699,159,14.8857,90,8.4258,5777.4703,本院,1.7903,False
埼玉県入間市,35.8179,139.4248,39.7666,348.837,149.5173,321.1426,222809.2523,113839.6853,2179.0674,3843.6937,1.7639,39.7923,3.4955,8701.5,0.4286,1.2319,1.6408,1.6693,167,14.6698,92,8.0815,6306.5559,本院,1.8153,False
埼玉県所沢市,35.8179,139.4469,28.5942,324.2529,105.6997,245.5204,248853.8776,128628.3632,2567.9124,4321.0714,1.6827,50.2824,3.9091,10122.5,0.326,1.2149,1.5899,1.6147,195,15.16,107,8.3185,6870.2834,本院,3.3682,False
埼玉県所沢市,35.8179,139.469,35.183,309.3815,117.5054,348.8205,294221.925,153857.4362,3195.9358,5217.4826,1.6325,59.5561,3.8709,10598.8,0.3798,1.2057,1.5578,1.5783,227,14.7539,126,8.1894,8127.693,所沢,3.4316,False
埼玉県所沢市,35.8179,139.4912,34.2175,314.7668,123.7007,386.7523,323224.5513,170897.8761,3472.8307,5732.9669,1.6508,67.8347,3.9693,12351.9,0.393,1.1768,1.4894,1.4709,246,14.3946,136,7.958,8538.415,所沢,3.6239,False
埼玉県三芳町,35.8179,139.5133,37.8355,307.2467,134.3895,416.7282,324491.8245,172815.4172,3638.0861,5912.8486,1.6253,73.0786,4.2287,11871.6,0.4374,1.1834,1.508,1.4864,245,14.177,132,7.6382,8916.8408,所沢,4.7383,False
埼玉県三芳町,35.8179,139.5354,38.4721,298.6728,141.6452,415.8511,312174.2475,166601.9045,3560.1243,5681.4955,1.5959,73.5523,4.4149,12048.6,0.4742,1.1866,1.512,1.4906,239,14.3456,122,7.3228,8590.153,所沢,6.3033,False
埼玉県新座市,35.8179,139.5575,33.7825,290.3572,131.6458,387.137,318040.85,169537.1344,3648.2471,5717.0743,1.5671,77.3453,4.5621,13095.2,0.4534,1.1757,1.4696,1.435,245,14.4511,124,7.314,8401.7698,ひばりが丘,7.4201,False
埼玉県志木市,35.8179,139.5796,30.6101,283.9622,119.6788,339.965,340293.0963,179104.7245,3893.4284,6014.2955,1.5447,90.9913,5.0803,14558.6,0.4215,1.1802,1.4829,1.4606,277,15.4658,139,7.7608,8918.7619,ひばりが丘,7.9766,False
埼玉県朝霞市,35.8179,139.6018,33.2202,278.8581,122.6566,384.8443,395148.8484,208071.0331,4605.8263,7032.025,1.5268,113.9463,5.4763,17347.2,0.4399,1.1785,1.4741,1.459,326,15.6677,167,8.0261,10365.8013,浦和,7.8433,False
埼玉県さいたま市南区,35.8179,139.6239,42.2175,274.5015,145.9229,496.8689,452772.7081,237249.3844,5396.5354,8156.014,1.5113,141.0605,5.9457,19682.5,0.5316,1.1839,1.4858,1.4742,389,16.3962,208,8.7671,12118.2728,浦和,7.1463,False
埼玉県さいたま市南区,35.8179,139.646,47.2361,265.2776,156.5324,606.1943,504555.7297,263173.2401,6236.3432,9219.783,1.4784,160.931,6.115,20812.5,0.5901,1.1866,1.4868,1.4749,433,16.453,217,8.2455,13707.5308,浦和,6.9696,False
埼玉県戸田市,35.8179,139.6681,47.9894,256.5329,154.9351,637.7614,523595.2969,273795.3603,6641.7501,9609.167,1.4468,169.7641,6.2004,21930.8,0.604,1.1834,1.479,1.4725,450,16.4356,233,8.51,14212.1933,浦和,7.3507,False
埼玉県戸田市,35.8179,139.6903,46.8859,244.9311,154.0849,663.1527,524931.752,275087.6292,6794.4167,9541.0094,1.4042,169.6499,6.1671,22960.0,0.6291,1.1606,1.416,1.4061,463,16.831,221,8.0338,13510.018,浦和,8.2124,False
埼玉県川口市,35.8179,139.7124,48.7639,236.2141,155.2212,799.1008,556023.2407,292173.7101,7339.8309,10068.8387,1.3718,164.8352,5.6417,23770.1,0.6571,1.1492,1.3826,1.3629,492,16.8393,235,8.0432,13920.7289,浦和,9.4237,False
埼玉県川口市,35.8179,139.7345,48.7215,231.6576,160.7278,837.135,566802.0336,299369.5062,7574.028,10260.423,1.3547,173.4632,5.7943,23449.3,0.6938,1.1367,1.3628,1.3204,517,17.2696,252,8.4177,13983.1734,西日暮里,9.8545,False
埼玉県川口市,35.8179,139.7566,49.687,233.5238,168.0919,863.8956,550393.4816,290984.268,7252.9485,9876.4307,1.3617,163.1584,5.6071,21934.3,0.7198,1.1401,1.3748,1.3188,481,16.5301,229,7.8698,13577.662,西日暮里,9.3727,False
埼玉県草加市,35.8179,139.7788,51.0239,230.1359,169.6658,855.9849,517456.8102,273729.0557,6810.6647,9187.1787,1.3489,147.5816,5.3915,20621.7,0.7372,1.1482,1.4047,1.3445,469,17.1337,211,7.7084,12905.5223,西日暮里,9.3033,False
埼玉県草加市,35.8179,139.8009,51.321,231.792,177.4687,766.8558,476315.8214,250242.7815,6019.0343,8156.9455,1.3552,138.8623,5.5491,20097.5,0.7656,1.1601,1.4389,1.3818,423,16.9036,187,7.4727,11737.0001,西日暮里,9.6551,False
埼玉県八潮市,35.8179,139.823,48.7533,226.5797,175.1303,665.3782,444382.4739,233256.6518,5732.8264,7655.9658,1.3355,141.3486,6.0598,17348.5,0.7729,1.1594,1.4447,1.3853,419,17.963,190,8.1455,11060.6225,西日暮里,10.3854,False
埼玉県八潮市,35.8179,139.8451,49.7666,234.6495,181.2607,667.275,440435.2307,229471.5158,5633.5401,7695.0877,1.3659,139.2859,6.0699,15356.7,0.7725,1.1673,1.4665,1.4137,418,18.2158,217,9.4565,11284.648,西日暮里,11.422,False
埼玉県三郷市,35.8179,139.8673,49.7241,257.6588,205.1754,639.5434,414324.7268,215531.1596,5007.5157,7265.2728,1.4509,132.8489,6.1638,14658.7,0.7963,1.1673,1.4665,1.4137,388,18.002,216,10.0218,10654.3355,市川,10.8558,False
埼玉県三郷市,35.8179,139.8894,63.0345,304.421,255.9561,714.1581,385324.3538,200437.021,4119.8269,6656.0287,1.6156,107.0226,5.3395,15149.9,0.8408,1.2085,1.5735,1.5273,367,18.31,194,9.6789,10473.348,市川,10.433,False
千葉県松戸市,35.8179,139.9115,68.557,368.1455,322.3943,719.5843,362099.1879,187559.8707,3420.9622,6247.6115,1.8263,97.1685,5.1807,14000.7,0.8757,1.2133,1.5889,1.5547,330,17.5944,169,9.0105,9927.0157,市川,10.3835,False
千葉県松戸市,35.8179,139.9336,68.4934,439.4807,387.2274,608.4542,332215.3038,171781.9604,2782.1523,5695.7258,2.0472,96.5408,5.62,13363.9,0.8811,1.2244,1.6171,1.6003,322,18.7447,173,10.0709,9210.7581,市川,10.7124,False
千葉県柏市,35.8179,139.9558,68.8541,448.1857,406.7096,603.2667,316943.6415,163863.9741,2458.5902,5396.4101,2.1949,90.634,5.5311,13182.2,0.9075,1.2244,1.6171,1.6003,320,19.5284,174,10.6186,8726.7242,市川,11.3868,True
千葉県鎌ケ谷市,35.8179,139.9779,69.7188,448.1857,415.3304,640.8349,306400.7181,158850.5356,2439.0955,5301.8869,2.1737,82.984,5.224,12208.6,0.9267,1.2183,1.6024,1.5858,310,19.5152,160,10.0724,8495.9492,市川,12.3504,False
千葉県鎌ケ谷市,35.8179,140.0,71.9416,448.1857,423.2044,601.3206,274478.2541,143290.0025,2114.0306,4704.9216,2.2256,72.134,5.0341,11832.2,0.9443,1.2398,1.6653,1.661,301,21.0064,135,9.4215,7835.0349,市川,13.5415,True
千葉県白井市,35.8179,140.0221,69.6499,448.1857,423.6747,536.2715,229223.1743,119229.4262,1793.0373,3925.4323,2.1893,56.2142,4.7148,9300.3,0.9453,1.2398,1.6653,1.661,242,20.297,114,9.5614,6536.9632,津田沼,14.3215,True
千葉県白井市,35.8179,140.0442,68.5146,448.1857,431.5443,510.0166,180309.8254,92439.4458,1330.2938,2970.64,2.2331,35.3245,3.8214,7576.0,0.9629,1.2337,1.6644,1.6322,181,19.5804,77,8.3298,4944.2449,津田沼,14.4326,True
千葉県白井市,35.8179,140.0664,66.2069,448.1857,432.9246,422.9337,125497.9271,62781.5197,836.3335,1965.6637,2.3503,19.2048,3.059,5833.8,0.9659,1.2609,1.7152,1.7486,115,18.3175,42,6.6899,3371.4156,津田沼,14.8143,True
千葉県白井市,35.8179,140.0885,62.8753,448.1857,444.9263,348.966,85599.7355,41855.1525,467.4573,1256.817,2.6886,7.8047,1.8647,4703.4,0.9927,1.2686,1.7329,1.8039,83,19.8303,34,8.1233,2177.933,津田沼,15.4467,True
千葉県印西市,35.8179,140.1106,68.1751,448.1857,448.1857,291.4415,69671.8478,33222.9586,386.7456,1042.0068,2.6943,3.4048,1.0248,3665.2,1.0,1.3473,1.8958,2.1045,63,18.9628,23,6.9229,1975.4309,津田沼,16.3006,True
千葉県印西市,35.8179,140.1327,65.8833,448.1857,448.1857,260.1408,61549.1181,29102.3208,343.3262,930.0957,2.7091,3.4048,1.1699,3157.0,1.0,1.3473,1.8958,2.1045,54,18.5552,22,7.5595,1763.2704,津田沼,17.3432,True
千葉県印西市,35.8179,140.1549,62.6048,448.1857,448.1857,222.123,50447.6906,23151.8354,315.0884,794.1685,2.5205,2.3548,1.0171,2212.7,1.0,1.3585,1.9036,2.1805,42,18.1411,16,6.9109,1511.8011,津田沼,18.5429,True
千葉県印西市,35.8179,140.177,59.931,448.1857,448.1857,187.8485,45236.6309,19370.7422,264.6396,671.6251,2.5379,2.7048,1.3963,1897.0,1.0,1.3694,1.9029,2.1934,38,19.6172,18,9.2924,1278.0599,津田沼,19.8711,True
千葉県栄町,35.8179,140.1991,58.0849,448.1857,448.1857,169.1382,40253.3231,17305.7331,247.7726,604.729,2.4407,2.5698,1.4849,1577.9,1.0,1.3694,1.9029,2.1934,31,17.9131,16,9.2455,1150.7608,津田沼,21.3039,True
千葉県栄町,35.8179,140.2876,48.1592,448.1857,448.1857,109.2366,39265.4877,17552.4998,284.705,632.0246,2.2199,6.9197,3.9423,1490.3,1.0,1.2817,1.6336,1.8297,30,17.0916,16,9.1155,1032.4761,津田沼,27.7407,True
千葉県成田市,35.8179,140.3097,47.2255,448.1857,448.1857,79.1665,38349.6818,17166.1201,239.9982,583.416,2.4309,8.6197,5.0214,1824.8,1.0,1.2817,1.6336,1.8297,29,16.8937,16,9.3207,953.0691,津田沼,29.4686,True
千葉県成田市,35.8179,140.3319,44.3024,448.1857,448.1857,87.0495,36803.6924,16604.9228,228.958,559.3235,2.4429,7.2697,4.3781,1777.1,1.0,1.2538,1.582,1.7489,27,16.2602,14,8.4312,884.8315,津田沼,31.2285,True
東京都青梅市,35.836,139.2478,34.6578,200.1682,198.9736,258.6285,64593.2042,32082.2956,880.6064,1085.6833,1.2329,9.1217,2.8432,3272.5,0.994,1.2224,1.5928,1.6695,37,11.5328,25,7.7925,1729.2658,本院,15.3441,False
東京都青梅市,35.836,139.2699,41.0239,218.7859,207.8511,343.8242,83719.9724,41611.0534,1057.982,1381.3591,1.3057,10.8218,2.6007,4393.5,0.95,1.2224,1.5928,1.6695,46,11.0548,28,6.729,2200.2152,本院,13.4099,False
埼玉県飯能市,35.836,139.292,41.7984,239.8747,209.0174,370.0918,103560.4847,51320.889,1233.4395,1708.9051,1.3855,14.0698,2.7415,5289.0,0.8714,1.2181,1.5698,1.6308,62,12.0809,37,7.2095,2682.5676,本院,11.4963,False
埼玉県飯能市,35.836,139.3142,42.3926,268.756,204.9765,356.0779,127957.8463,62490.7948,1375.6979,2050.9829,1.4909,18.7053,2.9933,6352.6,0.7627,1.2301,1.6054,1.6701,75,12.0018,45,7.2011,3292.6977,本院,9.6158,False
埼玉県飯能市,35.836,139.3363,45.3263,316.6041,225.1195,355.7383,150023.8274,73729.8984,1433.7187,2375.6899,1.657,23.8553,3.2355,7316.7,0.711,1.2402,1.6385,1.6848,94,12.7492,54,7.324,3892.5966,本院,7.7924,False
埼玉県入間市,35.836,139.3584,53.3422,409.6801,256.3451,395.4848,166244.6593,82696.5461,1349.5699,2640.5763,1.9566,23.5409,2.8467,8202.9,0.6257,1.247,1.6455,1.6906,104,12.5761,62,7.4973,4344.9483,本院,6.0776,False
埼玉県入間市,35.836,139.3805,55.6976,448.1857,276.7192,382.7657,179376.5449,89584.7842,1349.3383,2879.7138,2.1342,28.3542,3.1651,8397.1,0.6174,1.247,1.6455,1.6906,129,14.3998,71,7.9255,4738.4382,本院,4.5946,False
埼玉県入間市,35.836,139.4027,50.9814,448.1857,263.5204,323.5941,185166.5281,93659.3986,1412.74,3111.2962,2.2023,36.0773,3.852,7726.6,0.588,1.2374,1.648,1.6909,149,15.9087,86,9.1822,5127.4677,本院,3.639,True
埼玉県狭山市,35.836,139.4248,43.7294,448.1857,241.0347,311.4055,201382.9602,102103.3109,1464.5399,3306.3324,2.2576,39.7253,3.8907,8916.4,0.5378,1.237,1.6566,1.6932,161,15.7683,93,9.1084,5477.1469,本院,3.6513,True
埼玉県狭山市,35.836,139.4469,45.4111,448.1857,221.5779,346.3614,244889.6644,125393.4031,1939.5136,4092.9401,2.1103,49.9154,3.9807,9939.5,0.4944,1.2332,1.656,1.6845,190,15.1523,113,9.0116,6777.8836,本院,4.6239,False
埼玉県所沢市,35.836,139.469,47.4801,409.0462,210.9554,444.574,285291.4743,147607.6017,2490.5785,4868.2172,1.9547,56.7987,3.848,10754.4,0.5157,1.2104,1.5893,1.5946,221,14.9721,129,8.7394,7737.2309,所沢,5.4125,False
埼玉県三芳町,35.836,139.4912,45.4005,394.5097,200.1612,430.9905,293271.9413,153878.4293,2655.9178,5071.6661,1.9096,62.5992,4.0681,11626.2,0.5074,1.2038,1.5746,1.568,232,15.0768,133,8.6432,7985.9018,所沢,5.5364,False
埼玉県三芳町,35.836,139.5133,45.7613,385.2494,209.9339,446.705,279440.6014,147667.0164,2618.088,4923.4332,1.8805,60.4306,4.0924,10848.9,0.5449,1.1946,1.5488,1.5294,212,14.3566,118,7.991,7625.2065,所沢,6.322,False
埼玉県三芳町,35.836,139.5354,49.0822,394.9472,234.4084,508.249,261015.5445,138866.1226,2383.3393,4554.4116,1.9109,50.3236,3.6239,10888.4,0.5935,1.193,1.5381,1.5183,208,14.9785,102,7.3452,7004.9579,所沢,7.566,False
埼玉県志木市,35.836,139.5575,41.3263,423.9964,232.257,413.6191,275915.7042,145540.8103,2339.76,4680.5203,2.0004,61.471,4.2236,12110.1,0.5478,1.1832,1.4931,1.4609,219,15.0473,100,6.8709,6988.4326,浦和,9.0759,False
埼玉県志木市,35.836,139.5796,33.6127,414.2492,196.8275,328.0389,306423.8867,160703.468,2678.6473,5278.6765,1.9707,83.721,5.2097,13359.5,0.4751,1.1818,1.4832,1.4617,250,15.5566,121,7.5294,7829.3867,浦和,7.4851,False
埼玉県志木市,35.836,139.6018,32.5411,380.2032,171.4832,320.8341,354094.4841,185231.7048,3346.4115,6239.7991,1.8646,110.7126,5.977,14963.4,0.451,1.1835,1.4918,1.4769,297,16.034,142,7.6661,9308.7485,浦和,6.1344,False
埼玉県さいたま市南区,35.836,139.6239,40.191,354.1986,185.185,434.252,411973.9563,214205.0856,4102.2939,7307.6301,1.7814,128.413,5.9949,17090.5,0.5228,1.1788,1.4806,1.4735,349,16.2928,175,8.1697,10819.5026,浦和,5.2141,False
埼玉県さいたま市南区,35.836,139.646,45.9947,336.1649,202.6516,545.0172,440536.1737,228585.5509,4583.9206,7895.0018,1.7223,136.011,5.9501,18418.1,0.6028,1.178,1.4643,1.458,361,15.7928,197,8.6182,11560.6989,浦和,4.9692,False
埼玉県蕨市,35.836,139.6681,48.4562,324.1898,206.4325,592.501,457189.5116,237941.4999,4826.0805,8119.9119,1.6825,141.4806,5.946,20608.5,0.6368,1.1847,1.4801,1.4739,378,15.8863,200,8.4054,12017.884,浦和,5.4908,False
埼玉県蕨市,35.836,139.6903,51.3793,308.3317,206.7525,664.3778,457677.5036,238324.8746,4951.5669,8065.9158,1.629,132.1984,5.547,20986.0,0.6706,1.1851,1.4845,1.4791,379,15.9027,179,7.5108,11973.6274,浦和,6.5997,False
埼玉県蕨市,35.836,139.7124,53.2997,303.776,212.403,743.8298,472501.5598,246764.6111,5110.5099,8245.3006,1.6134,130.3192,5.2811,21403.8,0.6992,1.1816,1.4768,1.4716,394,15.9666,171,6.9297,12176.6441,浦和,8.0569,False
埼玉県川口市,35.836,139.7345,55.5915,299.7985,222.5432,748.8028,485397.3271,254801.5868,5274.5739,8437.9794,1.5997,145.2257,5.6996,21578.9,0.7423,1.1893,1.5077,1.4729,433,16.9936,214,8.3987,12722.1865,浦和,9.7068,False
埼玉県川口市,35.836,139.7566,57.1141,295.7186,228.0095,812.091,467422.9395,246421.7087,5090.1263,8071.2757,1.5857,128.6697,5.2215,20271.1,0.771,1.1917,1.5153,1.4772,424,17.2063,212,8.6031,12230.2408,西日暮里,11.3606,False
埼玉県草加市,35.836,139.7788,53.9629,294.9267,238.0875,788.4713,436872.9292,229260.9606,4684.4265,7415.1361,1.5829,118.5964,5.173,18537.6,0.8073,1.1584,1.4326,1.3756,399,17.4037,191,8.3311,10622.7576,西日暮里,11.3033,False
埼玉県草加市,35.836,139.8009,54.939,287.0756,244.3811,786.4344,414945.5129,216942.9642,4389.3305,6828.1763,1.5556,109.2558,5.0362,18537.7,0.8513,1.1677,1.4596,1.405,378,17.4239,174,8.0205,9966.5148,西日暮里,11.5946,False
埼玉県草加市,35.836,139.823,54.069,273.6234,229.0568,706.3618,395022.4604,205270.1982,4294.2586,6476.7009,1.5082,107.3564,5.23,16697.9,0.8371,1.1777,1.4949,1.4435,355,17.2943,176,8.5741,9681.7741,西日暮里,12.2093,False
埼玉県八潮市,35.836,139.8451,52.3183,280.7037,241.9409,638.5186,378646.6464,195212.9298,4106.7374,6296.7611,1.5333,113.0574,5.7915,14319.6,0.8619,1.1777,1.4929,1.4434,326,16.6997,174,8.9133,9400.3517,西日暮里,13.1021,False
埼玉県三郷市,35.836,139.8673,66.5836,314.4067,280.073,681.8924,366136.1865,189066.4157,3776.3766,6229.463,1.6496,104.8369,5.545,12976.9,0.8908,1.215,1.5904,1.5469,306,16.1848,173,9.1502,9907.342,市川,12.7821,False
埼玉県三郷市,35.836,139.8894,69.6393,369.031,340.1807,743.2881,352841.8771,181378.2993,3281.1617,6001.5876,1.8291,91.987,5.0716,12850.2,0.9218,1.215,1.5904,1.5469,315,17.367,173,9.5381,9544.9287,市川,12.4252,False
千葉県流山市,35.836,139.9115,72.4881,424.3901,396.5095,727.3719,335566.594,172276.4757,2866.5393,5737.7369,2.0016,86.5135,5.0218,12538.8,0.9343,1.2233,1.6138,1.5966,308,17.8782,168,9.7518,9259.7338,市川,12.3837,False
千葉県流山市,35.836,139.9336,72.2387,448.1857,428.0659,696.3836,321934.9304,164100.2342,2572.7593,5493.7273,2.1353,84.2492,5.134,12135.9,0.9551,1.2227,1.6117,1.5993,294,17.9159,169,10.2986,8854.2107,市川,12.6606,False
千葉県柏市,35.836,139.9558,69.305,448.1857,434.3794,590.5127,311051.7055,158737.5927,2431.2069,5284.9809,2.1738,93.819,5.9103,12111.0,0.9692,1.2209,1.613,1.5916,294,18.5211,165,10.3945,8524.5243,市川,13.236,False
千葉県柏市,35.836,139.9779,72.8382,448.1857,438.1295,624.114,293369.1281,150633.4833,2339.205,5045.8566,2.1571,81.119,5.3852,11256.2,0.9776,1.2337,1.6494,1.64,292,19.3848,150,9.9579,8322.3943,市川,14.0734,False
千葉県我孫子市,35.836,140.0,74.6366,448.1857,444.1588,635.5497,261521.7015,134934.6487,2121.7675,4543.2629,2.1413,65.134,4.8271,9811.5,0.991,1.2398,1.6653,1.661,260,19.2686,129,9.5602,7565.8271,市川,15.1292,False
千葉県我孫子市,35.836,140.0221,79.252,448.1857,448.1857,543.0973,220363.5461,113919.4287,1737.0009,3792.1501,2.1832,54.199,4.7577,8668.8,1.0,1.2398,1.6653,1.661,227,19.9264,104,9.1293,6315.0102,津田沼,16.3257,True
千葉県我孫子市,35.836,140.0442,73.4164,448.1857,448.1857,431.9349,169125.7951,86357.2459,1237.9999,2831.964,2.2875,38.5792,4.4674,7112.8,1.0,1.2398,1.6653,1.661,162,18.7593,69,7.9901,4716.0269,津田沼,16.4232,True
千葉県我孫子市,35.836,140.0664,81.4111,448.1857,448.1857,530.7138,117237.7482,58548.8555,787.7496,1897.4902,2.4087,13.5548,2.3151,4979.7,1.0,1.2686,1.7329,1.8039,101,17.2506,46,7.8567,3288.1528,津田沼,16.7596,True
茨城県利根町,35.836,140.0885,73.878,448.1857,448.1857,395.8607,90587.9494,44240.3976,536.7105,1415.3423,2.6371,9.8047,2.2162,4196.2,1.0,1.2686,1.7329,1.8039,83,18.7611,33,7.4592,2452.6408,津田沼,17.321,True
千葉県印西市,35.836,140.1106,69.3422,448.1857,448.1857,311.3019,72900.3675,34586.854,406.1754,1113.0147,2.7402,5.1048,1.4759,3511.2,1.0,1.3473,1.8958,2.1045,68,19.6606,31,8.9629,2110.0473,津田沼,18.0864,True
千葉県印西市,35.836,140.1327,64.4721,448.1857,448.1857,244.2033,57822.9231,26977.1939,312.6922,873.1134,2.7922,3.4048,1.2621,2822.6,1.0,1.3585,1.9036,2.1805,46,17.0514,21,7.7844,1662.0827,津田沼,19.0313,True
千葉県印西市,35.836,140.1549,62.1167,448.1857,448.1857,216.0332,50374.596,22669.9686,290.2656,772.3952,2.661,3.0548,1.3475,2211.9,1.0,1.3585,1.9036,2.1805,38,16.7623,19,8.3811,1470.3529,津田沼,20.1304,True
千葉県印西市,35.836,140.177,61.4589,448.1857,448.1857,207.5539,49339.4786,21451.147,274.8311,742.0789,2.7001,2.7048,1.2609,2038.6,1.0,1.3694,1.9029,2.1934,37,17.2485,18,8.3912,1412.1291,津田沼,21.3598,True
千葉県栄町,35.836,140.1991,58.9761,448.1857,448.1857,182.3424,42599.5795,18691.1466,239.365,651.9387,2.7236,2.5698,1.3748,1751.5,1.0,1.3416,1.8221,2.0853,31,16.5854,15,8.0252,1187.8908,津田沼,22.6985,True
千葉県栄町,35.836,140.2212,56.5146,448.1857,448.1857,157.1219,34858.9939,15681.6221,218.9236,561.7664,2.566,2.2198,1.4155,1383.5,1.0,1.3416,1.8221,2.0853,25,15.9422,14,8.9276,1023.5888,津田沼,24.1283,True
千葉県栄町,35.836,140.2434,49.7666,448.1857,448.1857,154.2198,33029.6607,14589.5887,241.9512,551.3904,2.2789,2.2198,1.5215,1051.0,1.0,1.2962,1.6146,1.8432,18,12.3376,7,4.7979,890.2594,津田沼,25.6338,True
千葉県栄町,35.836,140.2655,50.9761,448.1857,448.1857,166.4966,34913.6502,15711.7242,272.4924,595.2843,2.1846,2.4,1.5275,1075.2,1.0,1.2962,1.6146,1.8432,21,13.3658,9,5.7282,961.1292,津田沼,27.2026,True
千葉県栄町,35.836,140.2876,48.748,448.1857,448.1857,158.9204,34793.9951,15688.1089,263.9983,582.7495,2.2074,3.9197,2.4985,1141.9,1.0,1.2642,1.5898,1.7714,21,13.3859,11,7.0117,926.4262,津田沼,28.8243,True
千葉県栄町,35.836,140.3097,46.0743,448.1857,448.1857,127.6872,35135.6451,15763.2842,267.4141,584.8681,2.1871,4.9198,3.121,1161.6,1.0,1.2642,1.5898,1.7714,21,13.3221,12,7.6126,929.7943,津田沼,30.4905,True
千葉県成田市,35.836,140.3319,49.3475,448.1857,448.1857,133.7312,32669.0032,14847.0369,213.6617,518.1622,2.4252,3.9197,2.6401,1512.6,1.0,1.2817,1.6336,1.8297,19,12.7972,9,6.0618,846.4703,津田沼,32.1942,True
埼玉県飯能市,35.854,139.292,43.3422,276.1165,242.3854,314.6687,85230.6727,41649.8865,958.7131,1454.4355,1.5171,11.5147,2.7647,3580.5,0.8778,1.2376,1.6451,1.7156,44,10.5643,25,6.0024,2392.7339,本院,12.256,False
埼玉県飯能市,35.854,139.3142,48.1167,328.6614,249.9699,334.8546,104828.3884,50500.3294,988.0012,1677.068,1.6974,13.1073,2.5955,4809.7,0.7606,1.257,1.689,1.763,54,10.693,31,6.1386,2832.5723,本院,10.5128,False
埼玉県飯能市,35.854,139.3363,53.9523,408.1179,291.6683,332.1595,124913.2837,61411.4206,1015.0064,1981.0807,1.9518,17.8359,2.9043,6243.3,0.7147,1.2535,1.6759,1.7204,74,12.0499,40,6.5134,3320.1886,本院,8.876,False
埼玉県飯能市,35.854,139.3584,56.9867,448.1857,299.0999,370.5832,152544.6907,75680.946,1070.415,2385.1853,2.2283,22.1497,2.9267,7569.4,0.6674,1.2535,1.6759,1.7204,101,13.3455,58,7.6638,3997.4471,本院,7.4165,True
埼玉県入間市,35.854,139.3805,59.4058,448.1857,305.2029,408.0391,167256.7746,83843.9631,1168.1944,2693.9472,2.3061,25.6848,3.0634,7717.2,0.681,1.2535,1.6759,1.7204,118,14.0738,69,8.2296,4514.916,本院,6.2595,True
埼玉県狭山市,35.854,139.4027,57.6764,448.1857,290.7155,406.9396,185417.5525,93254.618,1350.8816,3069.1011,2.2719,31.0848,3.3333,7606.5,0.6486,1.2468,1.6472,1.6921,141,15.1199,83,8.9004,5055.5,本院,5.596,True
埼玉県狭山市,35.854,139.4248,54.8276,448.1857,271.4059,364.1544,216507.1373,109737.5261,1549.9712,3555.7928,2.2941,44.2133,4.029,8952.6,0.6056,1.237,1.6566,1.6932,176,16.0383,96,8.7481,5890.3936,本院,5.604,True
埼玉県狭山市,35.854,139.4469,54.4934,448.1857,265.8276,379.9902,247255.7603,126703.7782,1871.3521,4166.1833,2.2263,56.1414,4.4309,9325.3,0.5931,1.2261,1.6306,1.6474,194,15.3113,113,8.9184,6793.5449,本院,6.281,True
埼玉県狭山市,35.854,139.469,57.1247,448.1857,280.1628,418.0972,263368.7714,135480.4965,1999.7529,4425.2372,2.2129,61.0765,4.5081,9982.8,0.6251,1.2195,1.6234,1.6311,215,15.8694,126,9.3002,7183.9441,所沢,7.4061,True
埼玉県ふじみ野市,35.854,139.4912,58.3024,448.1857,281.7994,433.3182,251165.4325,130772.4154,1998.9349,4309.5346,2.1559,55.7195,4.2608,9620.5,0.6288,1.2224,1.6252,1.6155,197,15.0643,112,8.5645,7003.9973,所沢,7.4971,False
埼玉県ふじみ野市,35.854,139.5133,55.7347,448.1857,295.9192,454.401,241811.2896,126314.3806,1949.5149,4137.9491,2.1226,51.7487,4.0968,9295.7,0.6603,1.1947,1.5504,1.5419,186,14.7252,107,8.4709,6415.6355,所沢,8.0945,False
埼玉県富士見市,35.854,139.5354,53.2308,448.1857,303.0135,450.7002,233372.13,122392.0372,1714.6825,3843.2263,2.2414,48.0785,3.9282,10613.4,0.6761,1.1806,1.5061,1.4574,181,14.7885,87,7.1083,5788.4596,所沢,9.099,True
埼玉県富士見市,35.854,139.5575,50.5464,448.1857,269.3151,426.0319,260734.0189,136268.9987,1840.2051,4267.8618,2.3192,55.8925,4.1016,12382.2,0.6009,1.1857,1.5057,1.4814,221,16.2179,102,7.4852,6426.0678,浦和,8.1555,True
埼玉県志木市,35.854,139.5796,33.9204,448.1857,226.4899,313.2553,302493.3961,157040.1838,2260.2423,5136.3796,2.2725,88.6637,5.6459,13376.8,0.5053,1.1761,1.4835,1.4594,264,16.811,119,7.5777,7620.0344,浦和,6.3382,True
埼玉県さいたま市桜区,35.854,139.6018,33.3899,448.1857,198.7974,321.1472,338412.2402,175718.0818,2595.1266,5831.9925,2.2473,96.4423,5.4885,15158.5,0.4436,1.178,1.4889,1.4734,298,16.959,132,7.512,8683.2424,浦和,4.667,True
埼玉県さいたま市桜区,35.854,139.6239,36.0955,448.1857,215.8142,359.1553,371988.2318,192924.6038,3075.1436,6512.908,2.1179,114.7857,5.9498,15939.2,0.4815,1.1747,1.4706,1.472,323,16.7423,158,8.1897,9578.1752,浦和,3.3673,False
埼玉県さいたま市浦和区,35.854,139.646,50.6631,440.3302,266.3357,463.9201,380157.0915,197881.3752,3278.1171,6719.4457,2.0498,118.1222,5.9693,16971.4,0.6049,1.1756,1.4617,1.4701,331,16.7272,170,8.591,9821.6374,浦和,2.9741,False
埼玉県さいたま市浦和区,35.854,139.6681,52.6897,436.8081,283.7108,487.1055,386401.6869,200263.5698,3276.2012,6680.8296,2.0392,121.557,6.0699,18143.2,0.6495,1.1761,1.465,1.4583,339,16.9277,173,8.6386,9787.3076,浦和,3.7816,False
埼玉県さいたま市緑区,35.854,139.6903,57.4483,431.7426,301.2681,567.3611,386447.7908,199582.7062,3253.7336,6585.2937,2.0239,110.1418,5.5186,18311.5,0.6978,1.1851,1.4845,1.4791,338,16.9353,164,8.2171,9775.6851,浦和,5.2635,False
埼玉県さいたま市緑区,35.854,139.7124,60.6207,445.5968,330.6067,642.7221,398663.4195,206936.205,3281.7236,6778.6116,2.0656,110.3339,5.3318,18813.9,0.7419,1.1816,1.4768,1.4716,337,16.2852,169,8.1668,10010.6406,浦和,7.0041,False
埼玉県さいたま市緑区,35.854,139.7345,65.6286,420.3186,332.4615,762.2097,403462.9805,209972.8495,3482.2401,6926.9443,1.9892,102.8439,4.898,17110.5,0.791,1.1893,1.5077,1.4729,341,16.2402,170,8.0963,10443.9551,浦和,8.852,False
埼玉県越谷市,35.854,139.7566,66.1008,413.7878,343.9021,764.2108,394300.8844,205228.0104,3302.1037,6502.6153,1.9692,98.8904,4.8186,18112.0,0.8311,1.1907,1.5107,1.4713,351,17.1029,170,8.2835,9823.4353,浦和,10.7521,False
埼玉県草加市,35.854,139.7788,67.0239,385.1926,339.8295,819.5263,372833.8569,193707.1142,3210.2281,6036.4065,1.8804,85.7689,4.4278,16932.2,0.8822,1.1928,1.5155,1.4623,332,17.1393,161,8.3115,9148.0058,浦和,12.681,False
埼玉県草加市,35.854,139.8009,73.6021,374.24,345.9237,811.7875,345825.3028,179254.0695,2948.1673,5441.4684,1.8457,75.676,4.2217,16469.5,0.9243,1.2289,1.6329,1.5787,294,16.4013,141,7.8659,8885.1699,西日暮里,13.553,False
埼玉県草加市,35.854,139.823,71.252,359.8708,343.9142,685.7486,323533.445,166653.4181,2840.5343,5112.0981,1.7997,80.8979,4.8543,14357.9,0.9557,1.2308,1.6378,1.595,270,16.2013,140,8.4007,8372.4159,西日暮里,14.0824,False
埼玉県八潮市,35.854,139.8451,72.4403,374.7068,362.3276,708.2249,316001.6821,161763.8956,2735.4288,5052.8745,1.8472,76.0404,4.7007,12898.2,0.967,1.2308,1.6378,1.595,259,16.011,139,8.5928,8275.4215,西日暮里,14.8629,False
埼玉県三郷市,35.854,139.8673,75.3528,416.8569,408.8231,711.7472,308440.3443,157366.4704,2528.8552,5003.6958,1.9786,73.9284,4.6978,12308.2,0.9807,1.2421,1.67,1.6264,246,15.6323,145,9.2142,8356.3426,市川,14.7293,False
千葉県流山市,35.854,139.8894,73.2679,438.2775,428.1315,679.4428,299660.1921,152205.7142,2476.4244,5060.873,2.0436,75.46,4.9578,10219.5,0.9769,1.2283,1.6267,1.6106,246,16.1623,137,9.001,8232.2983,市川,14.4208,False
千葉県流山市,35.854,139.9115,74.3289,448.1857,437.4921,699.2757,309206.9853,155839.1701,2498.9636,5270.432,2.109,78.1218,5.013,10312.7,0.9761,1.2283,1.6267,1.6106,280,17.9672,159,10.2028,8573.1787,市川,14.385,False
千葉県流山市,35.854,139.9336,73.7454,448.1857,439.4217,723.126,309132.3243,156398.0665,2527.6941,5322.2538,2.1056,76.8992,4.9169,10403.4,0.9804,1.2227,1.6117,1.5993,284,18.1588,158,10.1024,8577.8478,市川,14.624,False
千葉県柏市,35.854,139.9558,76.4456,448.1857,442.6838,680.9522,296200.8685,150688.6088,2440.2664,5143.2712,2.1077,76.5992,5.0833,10210.9,0.9877,1.2423,1.6767,1.6733,268,17.785,147,9.7552,8623.8698,市川,15.1248,False
千葉県柏市,35.854,139.9779,74.6578,448.1857,447.8032,646.6538,267167.1981,136687.3228,2163.5385,4620.0419,2.1354,66.484,4.8639,9833.3,0.9991,1.2324,1.6458,1.6448,252,18.4362,137,10.0229,7603.8876,市川,15.8626,False
千葉県柏市,35.854,140.0,83.1883,448.1857,448.1857,666.3683,235279.0927,121330.5446,1882.2537,4098.6516,2.1775,50.849,4.1909,8781.1,1.0,1.2326,1.6533,1.6388,222,18.2971,116,9.5607,6776.4263,市川,16.8062,True
千葉県我孫子市,35.854,140.0221,82.2016,448.1857,448.1857,620.2766,201822.5794,103628.5588,1591.4108,3526.4985,2.216,40.1443,3.8739,7151.9,1.0,1.2401,1.6712,1.6658,195,18.8172,94,9.0709,5893.6143,市川,17.9232,True
千葉県我孫子市,35.854,140.0442,74.7745,448.1857,448.1857,449.4113,158143.4446,79991.6103,1177.1225,2685.9117,2.2818,32.5745,4.0722,5597.1,1.0,1.2401,1.6712,1.6658,150,18.752,72,9.0009,4488.7946,津田沼,18.4169,True
千葉県我孫子市,35.854,140.0664,80.122,448.1857,448.1857,508.8715,117841.3811,59018.0702,809.8551,1968.3421,2.4305,15.5547,2.6356,4383.5,1.0,1.261,1.7258,1.7575,103,17.4523,50,8.472,3397.0544,津田沼,18.7174,True
茨城県利根町,35.854,140.0885,74.3289,448.1857,448.1857,407.6403,93080.3528,45413.0169,522.0857,1457.4588,2.7916,7.985,1.7583,4072.6,1.0,1.261,1.7258,1.7575,78,17.1757,33,7.2666,2515.3488,津田沼,19.2216,True
茨城県利根町,35.854,140.1106,69.1777,448.1857,448.1857,347.2251,78511.9071,37705.7213,450.2001,1241.453,2.7576,6.1047,1.6191,3176.9,1.0,1.2542,1.6973,1.7609,67,17.7692,31,8.2216,2107.1704,津田沼,19.9139,True
茨城県利根町,35.854,140.1327,67.8462,448.1857,448.1857,293.07,67910.1194,31877.5908,355.1493,1047.8291,2.9504,2.7048,0.8485,2908.4,1.0,1.328,1.8219,2.0398,53,16.6261,27,8.4699,1908.9973,津田沼,20.7757,True
茨城県利根町,35.854,140.1549,65.9788,448.1857,448.1857,266.4232,61645.223,28245.9522,329.952,952.5575,2.887,2.7048,0.9576,2509.4,1.0,1.328,1.8219,2.0398,44,15.5775,21,7.4347,1735.4259,津田沼,21.7867,True
千葉県栄町,35.854,140.2212,56.4987,448.1857,448.1857,160.3684,36894.819,16751.4432,182.9363,573.3741,3.1343,1.8698,1.1162,1581.8,1.0,1.3225,1.7846,2.0045,31,18.5059,14,8.3575,1023.2478,津田沼,25.5257,True
埼玉県飯能市,35.872,139.2478,34.0371,341.4154,341.4154,128.6309,30244.0295,15075.2773,313.1325,544.733,1.7396,4.35,2.8855,1420.8,1.0,1.2403,1.5832,1.6738,17,11.2767,11,7.2967,862.403,本院,16.7189,False
埼玉県飯能市,35.872,139.2699,47.9204,359.2892,344.3318,216.3074,48182.8912,23511.4568,448.8606,806.9706,1.7978,5.35,2.2755,2209.4,0.9584,1.2644,1.701,1.7727,23,9.7825,13,5.5292,1372.6557,本院,14.9642,False
埼玉県飯能市,35.872,139.292,52.5889,371.3474,335.6819,276.6981,65626.1865,32191.8924,595.9185,1094.4043,1.8365,7.743,2.4053,2985.1,0.904,1.2644,1.701,1.7727,32,9.9404,19,5.9021,1861.5801,本院,13.2775,False
埼玉県飯能市,35.872,139.3142,55.0716,441.7577,351.1268,308.0037,88631.8832,42956.1618,688.2749,1413.7655,2.0541,10.6786,2.4859,4001.3,0.7948,1.2569,1.7003,1.7542,51,11.8726,23,5.3543,2403.8007,本院,11.688,False
埼玉県飯能市,35.872,139.3363,50.313,448.1857,336.3955,260.9007,109630.4128,53093.5119,761.6976,1697.2131,2.2282,17.6636,3.3269,5090.0,0.7506,1.2516,1.6775,1.7176,64,12.0542,38,7.1572,2847.1456,本院,10.2411,True
埼玉県飯能市,35.872,139.3584,58.2918,448.1857,320.7118,356.4955,143031.7173,69904.7429,1023.9872,2276.3373,2.223,21.7637,3.1133,5873.6,0.7156,1.2659,1.7153,1.7584,91,13.0177,52,7.4387,3904.6434,本院,9.0059,True
埼玉県狭山市,35.872,139.3805,60.7958,448.1857,328.14,390.6271,165048.1364,81212.8583,1119.6286,2612.8061,2.3336,27.0992,3.3368,6988.0,0.7322,1.2659,1.7153,1.7584,119,14.6529,70,8.6193,4481.7945,本院,8.08,True
埼玉県狭山市,35.872,139.4027,63.5119,448.1857,318.8022,437.5039,192029.7903,96242.7852,1341.0507,3093.6566,2.3069,32.9843,3.4272,7938.2,0.7113,1.2659,1.7153,1.7584,138,14.3387,80,8.3123,5306.6063,本院,7.5778,True
埼玉県狭山市,35.872,139.4248,62.5146,448.1857,310.5758,420.3776,222109.4478,112714.9892,1606.4558,3646.3599,2.2698,46.1633,4.0956,8818.4,0.693,1.2664,1.7206,1.7531,173,15.3484,94,8.3396,6274.0831,本院,7.5837,True
埼玉県狭山市,35.872,139.4469,62.992,448.1857,316.5229,499.4255,244000.8332,125344.098,1831.2993,4081.3251,2.2286,49.291,3.9325,9158.9,0.7062,1.2357,1.6314,1.6281,187,14.9189,105,8.3769,6658.1479,本院,8.0967,True
埼玉県ふじみ野市,35.872,139.469,62.9973,448.1857,341.0854,512.6613,231611.5415,119968.0646,1781.8628,3934.316,2.208,47.7414,3.9795,8472.9,0.761,1.2206,1.6145,1.5821,178,14.8373,99,8.2522,6352.0835,本院,9.0308,True
埼玉県ふじみ野市,35.872,139.4912,62.3395,448.1857,353.5085,492.0827,212878.9612,110773.7374,1605.9871,3598.3372,2.2406,43.534,3.93,8274.3,0.7888,1.2206,1.6145,1.5821,160,14.4439,92,8.3052,5809.6345,所沢,9.476,True
埼玉県ふじみ野市,35.872,139.5133,59.756,448.1857,348.5644,472.7534,214004.3725,112067.7875,1579.4695,3604.8882,2.2823,45.2844,4.0408,8987.7,0.7777,1.209,1.5841,1.5473,177,15.794,86,7.6739,5710.4623,所沢,9.9553,True
埼玉県ふじみ野市,35.872,139.5354,58.8064,448.1857,339.1429,463.472,229565.2897,119948.4801,1617.268,3793.0361,2.3453,50.6138,4.2196,10421.5,0.7567,1.2093,1.5829,1.5456,188,15.6734,89,7.4199,6003.9855,浦和,9.642,True
埼玉県富士見市,35.872,139.5575,47.1088,448.1857,287.3566,374.9111,264290.6252,138168.5858,1857.7804,4408.5147,2.373,70.9777,5.137,12440.1,0.6412,1.1719,1.4895,1.4543,232,16.7911,110,7.9613,6566.287,浦和,7.6607,True
埼玉県さいたま市桜区,35.872,139.5796,38.3767,448.1857,244.38,367.3165,309761.9006,160656.1094,2314.2167,5310.3342,2.2947,86.2923,5.3712,13416.0,0.5453,1.1742,1.4808,1.4717,264,16.4326,117,7.2826,7863.392,浦和,5.688,True
埼玉県さいたま市桜区,35.872,139.6018,34.3873,448.1857,214.0224,323.711,336850.6856,175060.8755,2513.8442,5821.8987,2.3159,102.4432,5.8519,15180.2,0.4775,1.1796,1.4914,1.4914,286,16.3372,139,7.9401,8682.8894,浦和,3.7372,True
埼玉県さいたま市中央区,35.872,139.6239,30.3448,448.1857,192.7681,275.299,339567.7305,176263.0249,2506.5232,5869.9803,2.3419,110.1428,6.2488,15884.9,0.4301,1.1783,1.49,1.4947,320,18.1547,159,9.0206,8746.4209,浦和,1.8779,True
埼玉県さいたま市浦和区,35.872,139.646,45.5809,448.1857,261.9489,378.8918,336371.6871,175369.5655,2507.7884,5861.1444,2.3372,108.0353,6.1604,15835.0,0.5845,1.179,1.48,1.4937,318,18.1331,157,8.9525,8674.7093,浦和,1.0167,True
埼玉県さいたま市緑区,35.872,139.6681,47.4801,448.1857,268.0408,403.9461,345326.5896,179511.3102,2489.9923,5930.7054,2.3818,107.3997,5.9829,16918.4,0.5981,1.1769,1.4785,1.4946,322,17.9376,161,8.9688,8768.5088,浦和,2.5471,True
埼玉県さいたま市緑区,35.872,139.6903,51.0451,448.1857,280.1758,452.0999,359156.5448,185469.9941,2547.3747,6079.5479,2.3866,106.2353,5.7279,17399.6,0.6251,1.178,1.4746,1.4684,326,17.577,159,8.5728,8964.8442,浦和,4.4597,True
埼玉県さいたま市緑区,35.872,139.7124,58.0796,448.1857,314.1154,560.3404,377038.6526,195041.3209,2755.6203,6403.5514,2.3238,106.4418,5.4574,17384.4,0.7009,1.1869,1.4954,1.4808,338,17.3297,171,8.7674,9575.8462,浦和,6.4215,True
埼玉県さいたま市緑区,35.872,139.7345,65.4324,448.1857,354.3844,726.8123,374308.0705,193344.3227,2763.3368,6257.048,2.2643,89.6769,4.6382,16384.3,0.7907,1.1891,1.5068,1.4838,314,16.2405,147,7.603,9428.1783,浦和,8.3983,True
埼玉県越谷市,35.872,139.7566,69.4111,448.1857,386.513,887.4197,345889.5867,179136.8286,2487.5858,5601.3682,2.2517,66.4418,3.709,15676.7,0.8624,1.1961,1.5267,1.4876,287,16.0213,137,7.6478,8551.4877,浦和,10.3814,True
埼玉県越谷市,35.872,139.7788,73.3528,448.1857,420.545,789.1938,320662.0702,165289.9723,2314.7435,5039.6849,2.1772,67.4848,4.0828,14595.0,0.9383,1.2187,1.5969,1.5391,264,15.9719,122,7.381,8048.0194,浦和,12.3677,True
埼玉県越谷市,35.872,139.8009,76.1485,448.1857,439.0375,747.8115,295118.2577,150655.4991,2053.3738,4495.4085,2.1893,60.4493,4.0124,14203.8,0.9796,1.231,1.6379,1.586,240,15.9304,110,7.3014,7362.9861,浦和,14.3561,True
埼玉県越谷市,35.872,139.823,83.8939,448.1857,448.1857,711.9539,274275.4912,138606.1455,2019.6038,4299.0935,2.1287,57.0286,4.1144,11286.2,1.0,1.2326,1.6417,1.6005,213,15.3673,105,7.5754,7057.9339,西日暮里,15.9873,False
埼玉県吉川市,35.872,139.8451,83.321,448.1857,448.1857,688.6258,275855.8788,138358.793,2015.4769,4372.5256,2.1695,59.8606,4.3265,10329.9,1.0,1.2326,1.6417,1.6005,208,15.0334,121,8.7454,7178.4893,西日暮里,16.6788,False
埼玉県吉川市,35.872,139.8673,82.5995,448.1857,448.1857,666.7172,265225.3925,132917.6106,1984.1546,4308.9676,2.1717,58.5328,4.4037,9425.9,1.0,1.2326,1.6417,1.6005,211,15.8745,124,9.3291,7074.1444,市川,16.6901,False
千葉県流山市,35.872,139.8894,82.2706,448.1857,448.1857,577.7455,257139.7836,127974.82,1950.2071,4224.4979,2.1662,63.76,4.9822,9155.1,1.0,1.2572,1.7091,1.7091,230,17.9723,118,9.2206,7220.0039,市川,16.4185,False
千葉県流山市,35.872,139.9115,82.9019,448.1857,448.1857,587.1878,261629.073,130307.273,2047.7999,4383.3282,2.1405,66.2798,5.0864,9193.9,1.0,1.2598,1.715,1.7242,236,18.111,131,10.0532,7517.1914,市川,16.3871,False
千葉県流山市,35.872,139.9336,83.5385,448.1857,448.1857,605.1109,264740.238,133230.2134,2146.0231,4535.6352,2.1135,68.0442,5.1073,9036.4,1.0,1.2598,1.715,1.7242,235,17.6386,134,10.0578,7778.3904,市川,16.5972,False
千葉県柏市,35.872,139.9558,81.0557,448.1857,448.1857,621.2289,256384.5967,129602.0806,2097.9856,4435.0605,2.114,63.0442,4.8644,8700.8,1.0,1.2324,1.6458,1.6448,230,17.7466,130,10.0307,7299.4362,市川,17.0401,False
千葉県柏市,35.872,139.9779,81.2732,448.1857,448.1857,613.7117,242685.8135,123204.0611,1922.7781,4188.5606,2.1784,57.2942,4.6504,8658.8,1.0,1.2341,1.6544,1.6441,228,18.5059,126,10.2269,6929.6893,市川,17.698,True
千葉県柏市,35.872,140.0,81.2785,448.1857,448.1857,616.3909,213037.4184,108935.0326,1610.0842,3665.8715,2.2768,44.1442,4.0523,7807.7,1.0,1.2326,1.6533,1.6388,191,17.5334,104,9.547,6060.8977,市川,18.5483,True
千葉県我孫子市,35.872,140.0221,75.8037,448.1857,448.1857,481.8251,176870.787,89941.4743,1321.8293,3049.7062,2.3072,38.7895,4.3127,6208.3,1.0,1.2326,1.6533,1.6388,160,17.7893,87,9.673,5042.1727,市川,19.5659,True
千葉県我孫子市,35.872,140.0442,70.1167,448.1857,448.1857,389.3604,139599.1989,70521.9703,1010.8719,2392.3479,2.3666,29.5245,4.1866,4709.1,1.0,1.2326,1.6533,1.6388,129,18.2922,64,9.0752,3955.3421,津田沼,20.4127,True
千葉県我孫子市,35.872,140.0664,78.7109,448.1857,448.1857,535.5657,113433.7464,57115.9527,742.9793,1914.8374,2.5772,12.985,2.2734,4095.4,1.0,1.2234,1.6592,1.5966,89,15.5823,43,7.5285,3177.1161,津田沼,20.6841,True
茨城県利根町,35.872,140.0885,75.1618,448.1857,448.1857,433.9894,94535.1564,47566.4356,542.8862,1551.6661,2.8582,6.935,1.458,3753.2,1.0,1.2504,1.7008,1.7212,73,15.347,34,7.1479,2639.1221,津田沼,21.1414,True
埼玉県飯能市,35.89,139.2699,48.7056,443.2316,443.2316,182.2511,45934.4104,22299.5526,370.0104,761.6617,2.0585,6.35,2.8476,1792.8,1.0,1.2569,1.7003,1.7542,26,11.6594,18,8.0719,1295.0401,本院,16.0634,False
埼玉県日高市,35.89,139.292,53.7347,448.1857,431.6904,254.9487,62137.6848,30233.643,498.2569,1038.9533,2.0852,8.086,2.6745,2298.3,0.9632,1.2569,1.7003,1.7542,35,11.5765,23,7.6074,1766.5142,本院,14.5054,False
埼玉県日高市,35.89,139.3142,56.4934,448.1857,382.734,318.0005,81733.0236,39662.3097,612.9205,1331.3978,2.1722,9.136,2.3034,3208.2,0.854,1.2569,1.7003,1.7542,45,11.3458,24,6.0511,2263.7525,本院,13.0665,False
埼玉県日高市,35.89,139.3363,53.5756,448.1857,364.1464,272.1925,110079.1947,53350.1157,782.8073,1752.9627,2.2393,19.0211,3.5653,4389.9,0.8125,1.2633,1.7142,1.7535,70,13.1209,34,6.373,3004.8447,本院,11.7904,True
埼玉県日高市,35.89,139.3584,60.748,448.1857,349.1591,381.4722,149792.5588,72578.9587,1058.4134,2376.9747,2.2458,24.0062,3.3076,5504.5,0.7791,1.2633,1.7142,1.7535,101,13.9159,54,7.4402,4074.4961,本院,10.7352,True
埼玉県日高市,35.89,139.3805,64.5782,448.1857,359.1125,432.2153,176779.9811,86167.5796,1275.0193,2830.3243,2.2198,30.8062,3.5751,6225.5,0.8013,1.2652,1.7245,1.7601,118,13.6942,65,7.5434,4880.7548,本院,9.9714,True
埼玉県狭山市,35.89,139.4027,61.0345,448.1857,355.24,377.4532,194542.4317,95896.0086,1359.9895,3093.1882,2.2744,42.4418,4.4258,7531.9,0.7926,1.2652,1.7245,1.7601,142,14.8077,73,7.6124,5334.0506,本院,9.569,True
埼玉県狭山市,35.89,139.4248,63.0239,448.1857,362.8007,415.3841,207252.9587,103631.1654,1470.0653,3336.0112,2.2693,45.9054,4.4297,8053.1,0.8095,1.2584,1.7116,1.7203,157,15.1499,82,7.9127,5709.7881,本院,9.5737,True
埼玉県狭山市,35.89,139.4469,63.4589,448.1857,376.0378,451.9016,210581.1407,106873.5651,1523.1657,3438.6094,2.2575,46.491,4.3501,8132.8,0.839,1.2448,1.6595,1.659,160,14.971,89,8.3276,5706.4169,本院,9.9849,True
埼玉県川越市,35.89,139.469,64.6366,448.1857,384.3957,509.668,204363.9933,105694.3771,1552.9801,3453.6704,2.2239,41.8554,3.96,7683.1,0.8577,1.2324,1.6206,1.5986,153,14.4757,87,8.2313,5596.9125,本院,10.7561,True
埼玉県ふじみ野市,35.89,139.4912,63.1459,448.1857,388.0435,515.3365,195729.469,102310.0581,1480.1118,3326.712,2.2476,38.9629,3.8083,7744.9,0.8658,1.2088,1.5923,1.5543,159,15.541,85,8.3081,5297.1768,所沢,11.4639,True
埼玉県ふじみ野市,35.89,139.5133,60.748,448.1857,399.6956,456.4935,189826.7453,98922.7491,1288.6006,3083.6852,2.393,40.6058,4.1048,8858.8,0.8918,1.2088,1.5923,1.5543,165,16.6797,79,7.986,4910.2014,浦和,11.6356,True
埼玉県ふじみ野市,35.89,139.5354,60.0159,448.1857,352.4681,477.5666,227688.5055,119120.4592,1577.0357,3756.2833,2.3819,50.2063,4.2148,10650.4,0.7864,1.2093,1.5829,1.5456,200,16.7897,90,7.5554,5945.8096,浦和,9.6525,True
埼玉県さいたま市西区,35.89,139.5575,50.1538,448.1857,307.1319,376.8828,270266.2076,140995.934,1922.3735,4542.4763,2.363,79.3497,5.6278,12594.6,0.6853,1.1929,1.534,1.5138,238,16.8799,112,7.9435,6968.0617,浦和,7.6745,True
埼玉県さいたま市西区,35.89,139.5796,48.4562,448.1857,276.9237,416.2476,310270.4465,161354.2637,2294.3024,5316.4527,2.3172,86.7638,5.3772,13879.6,0.6179,1.1742,1.4742,1.4688,261,16.1756,117,7.2511,7837.7662,浦和,5.707,True
埼玉県さいたま市中央区,35.89,139.6018,40.3926,448.1857,248.4682,374.5377,322960.1473,167972.0906,2349.2701,5546.9551,2.3611,93.9712,5.5945,15362.1,0.5544,1.1813,1.4983,1.4979,279,16.6099,123,7.3226,8311.2056,浦和,3.7666,True
埼玉県さいたま市中央区,35.89,139.6239,34.7798,448.1857,234.4149,307.9846,314092.1944,163334.365,2200.6234,5347.3167,2.4299,101.0642,6.1876,16021.3,0.523,1.1812,1.4998,1.5042,285,17.4489,140,8.5714,8019.6754,浦和,1.9364,True
埼玉県さいたま市中央区,35.89,139.646,33.061,448.1857,223.7581,301.0825,328872.7038,170737.1438,2393.4898,5656.2755,2.3632,109.1137,6.3907,15708.8,0.4993,1.178,1.4849,1.4959,310,18.1566,151,8.844,8399.1923,浦和,1.1212,True
埼玉県さいたま市緑区,35.89,139.6681,36.7427,448.1857,235.5244,338.4888,341956.1774,177434.154,2522.8012,5922.5237,2.3476,111.1637,6.2651,16129.8,0.5255,1.1816,1.4969,1.5038,314,17.6967,161,9.0738,8865.5762,浦和,2.5903,True
埼玉県さいたま市緑区,35.89,139.6903,40.5623,448.1857,245.3185,391.1597,349644.9924,181354.3438,2559.7762,6018.2141,2.3511,104.0637,5.7381,16461.0,0.5474,1.1756,1.4876,1.4962,323,17.8104,162,8.9328,8952.3983,浦和,4.4842,True
埼玉県さいたま市緑区,35.89,139.7124,55.0345,448.1857,288.2071,485.5612,350057.272,182120.623,2548.641,5969.6571,2.3423,98.1063,5.3869,16130.0,0.6431,1.1851,1.5115,1.5003,318,17.461,159,8.7305,9023.0061,浦和,6.4382,True
埼玉県さいたま市緑区,35.89,139.7345,65.878,448.1857,331.4218,607.8938,329224.0653,172095.2072,2287.2003,5441.5876,2.3791,77.6203,4.5103,15392.3,0.7395,1.2135,1.6033,1.5774,275,15.9795,130,7.554,8724.55,浦和,8.4106,True
埼玉県越谷市,35.89,139.7566,69.5066,448.1857,385.3675,664.5677,291574.983,151384.6883,1851.6429,4567.968,2.467,60.9633,4.027,14346.3,0.8598,1.2186,1.6047,1.5903,241,15.9197,107,7.0681,7330.4206,浦和,10.3909,True
埼玉県越谷市,35.89,139.7788,70.9761,448.1857,422.3307,690.8932,271636.7305,139210.7007,1741.257,4219.1922,2.4231,54.5848,3.921,12630.8,0.9423,1.217,1.5906,1.5374,214,15.3724,103,7.3989,6710.9871,浦和,12.3754,True
埼玉県越谷市,35.89,139.8009,72.4828,448.1857,444.8987,696.0005,254657.075,128382.9779,1627.082,3892.4288,2.3923,48.5632,3.7827,11232.7,0.9927,1.217,1.5906,1.5374,197,15.3447,94,7.3218,6191.2418,浦和,14.3622,True
埼玉県越谷市,35.89,139.823,78.3714,448.1857,448.1857,624.6211,253303.4138,125794.9529,1769.4303,3969.4504,2.2433,54.4707,4.3301,9340.0,1.0,1.2187,1.5969,1.5391,200,15.8989,98,7.7905,6338.9308,浦和,16.3506,True
埼玉県吉川市,35.89,139.8451,82.8594,448.1857,448.1857,623.5517,249203.2233,123897.577,1791.4168,3967.3843,2.2147,53.7131,4.3353,8945.6,1.0,1.2485,1.6843,1.6661,197,15.9002,116,9.3626,6682.381,浦和,18.34,True
埼玉県吉川市,35.89,139.8673,83.3475,448.1857,448.1857,633.2005,229010.0126,113073.3368,1651.8481,3646.6177,2.2076,44.3706,3.9241,8327.3,1.0,1.2485,1.6843,1.6661,181,16.0073,106,9.3744,6142.1045,市川,18.6601,True
埼玉県吉川市,35.89,139.8894,79.1194,448.1857,448.1857,473.7238,213476.4732,104447.5445,1555.2125,3427.4161,2.2038,51.4903,4.9298,8028.2,1.0,1.2746,1.755,1.7605,188,17.9995,104,9.9572,6014.9512,市川,18.4177,True
千葉県流山市,35.89,139.9115,77.3687,448.1857,448.1857,460.796,219565.2633,107719.5908,1764.3861,3715.0361,2.1056,59.1745,5.4934,7118.8,1.0,1.2611,1.7142,1.7254,198,18.3811,117,10.8615,6368.4962,市川,18.3897,False
千葉県柏市,35.89,139.9336,79.8408,448.1857,448.1857,516.3738,229286.8188,113521.1224,1861.1232,3918.2979,2.1053,58.6942,5.1703,7172.8,1.0,1.2639,1.7096,1.7421,205,18.0583,119,10.4826,6698.7654,市川,18.5772,False
千葉県柏市,35.89,139.9558,77.5597,448.1857,448.1857,505.4507,224576.4891,112253.6061,1771.0831,3852.2867,2.1751,58.2942,5.1931,7639.0,1.0,1.244,1.6686,1.6842,207,18.4404,114,10.1556,6427.8545,市川,18.9737,False
千葉県柏市,35.89,139.9779,80.2759,448.1857,448.1857,567.1745,211014.4696,106798.6474,1553.0991,3596.5237,2.3157,46.1443,4.3207,8158.7,1.0,1.2439,1.6738,1.6784,199,18.6332,99,9.2698,6019.6919,市川,19.5667,True
千葉県柏市,35.89,140.0,79.1459,448.1857,448.1857,531.839,188513.6845,95064.3112,1323.4208,3167.2136,2.3932,38.5745,4.0577,7132.8,1.0,1.2448,1.6775,1.6819,176,18.5138,92,9.6777,5312.8995,市川,20.3388,True
千葉県我孫子市,35.89,140.0221,74.2122,448.1857,448.1857,453.2132,160054.1442,80585.4665,1134.7849,2727.0537,2.4031,33.0395,4.0999,5542.5,1.0,1.2326,1.6533,1.6388,147,18.2415,77,9.5551,4508.7214,市川,21.2706,True
茨城県取手市,35.89,140.0442,67.9523,448.1857,448.1857,356.7,131008.889,64956.6251,890.9587,2214.2356,2.4852,27.4745,4.2297,4167.6,1.0,1.2326,1.6533,1.6388,113,17.3962,66,10.1606,3660.8636,市川,22.3422,True
茨城県取手市,35.89,140.0664,77.6286,448.1857,448.1857,516.3681,109928.5625,55471.8602,676.9954,1846.1991,2.727,10.635,1.9172,3818.4,1.0,1.2234,1.6592,1.5966,82,14.7823,41,7.3911,3063.2308,津田沼,22.6575,True
茨城県潮来市,35.89,140.5752,37.1671,448.1857,448.1857,152.2753,30202.2486,14473.686,213.5484,544.4382,2.5495,2.3548,1.6269,979.5,1.0,1.155,1.2871,1.3705,24,16.5818,14,9.6727,700.7296,津田沼,54.4798,True
埼玉県日高市,35.9081,139.3363,59.4271,448.1857,401.5887,326.9404,107877.4084,51630.6352,747.9703,1703.9281,2.2781,16.4286,3.1819,4182.8,0.896,1.2787,1.7733,1.823,69,13.3642,40,7.7473,3021.6272,本院,13.4603,True
埼玉県日高市,35.9081,139.3584,60.7905,448.1857,391.5459,356.0093,147855.9635,71846.5925,1070.3436,2383.1104,2.2265,28.6286,3.9847,5322.3,0.8736,1.2669,1.736,1.7564,99,13.7794,52,7.2376,4137.1916,本院,12.5466,True
埼玉県鶴ヶ島市,35.9081,139.3805,65.0133,448.1857,383.5634,426.0008,171973.9974,84020.1565,1246.466,2751.8114,2.2077,31.6488,3.7668,5893.0,0.8558,1.2669,1.736,1.7564,113,13.4492,65,7.7362,4777.2739,本院,11.8998,True
埼玉県鶴ヶ島市,35.9081,139.4027,61.3528,448.1857,392.4452,370.0042,182006.6418,89175.1329,1333.2537,2929.7088,2.1974,42.1278,4.7242,6135.2,0.8756,1.2601,1.7186,1.7135,137,15.363,75,8.4104,5034.8827,本院,11.5648,True
埼玉県鶴ヶ島市,35.9081,139.4248,63.5172,448.1857,403.0414,400.7826,187419.9874,92666.0278,1358.2138,3012.3677,2.2179,42.6773,4.6055,6593.8,0.8993,1.2601,1.7186,1.7135,143,15.4318,80,8.6332,5176.9369,本院,11.5687,True
埼玉県川越市,35.9081,139.4469,63.0769,448.1857,405.732,424.3251,192822.1317,96318.8896,1456.9141,3172.5009,2.1775,44.4203,4.6118,6349.5,0.9053,1.2461,1.6702,1.6547,156,16.1962,83,8.6172,5298.6116,本院,11.9111,True
埼玉県川越市,35.9081,139.469,63.0981,448.1857,405.7803,435.1471,185159.7922,93712.6756,1438.5483,3113.9224,2.1646,41.3703,4.4146,6049.9,0.9054,1.2438,1.6557,1.6389,142,15.1527,77,8.2166,5155.7478,本院,12.5645,False
埼玉県川越市,35.9081,139.4912,60.9125,448.1857,415.7141,455.5971,181952.1936,94147.275,1338.5996,3033.672,2.2663,39.6203,4.2083,7292.4,0.9275,1.211,1.5888,1.5547,151,16.0387,78,8.2849,4820.0393,所沢,13.4566,True
埼玉県川越市,35.9081,139.5133,61.2944,448.1857,408.5934,466.2776,183049.2451,95863.0968,1236.1109,2973.1591,2.4053,37.9703,3.9609,8659.6,0.9117,1.211,1.5888,1.5547,154,16.0646,68,7.0934,4723.8936,浦和,11.984,True
埼玉県さいたま市西区,35.9081,139.5354,59.4907,448.1857,354.7764,464.1862,224871.3109,117670.8313,1605.2228,3749.8218,2.336,51.2708,4.3571,10027.2,0.7916,1.211,1.5888,1.5547,195,16.5717,89,7.5635,5957.8916,浦和,10.0702,True
埼玉県さいたま市西区,35.9081,139.5575,51.9257,448.1857,322.4716,402.8247,264803.5922,138355.5192,1955.6788,4507.6074,2.3049,75.9006,5.4859,11545.7,0.7195,1.1924,1.5316,1.5149,236,17.0575,112,8.0951,6903.6674,浦和,8.1941,True
埼玉県さいたま市西区,35.9081,139.5796,49.5809,448.1857,292.8183,406.6287,286476.0543,149837.0389,2107.8037,4921.3093,2.3348,80.7287,5.3878,13162.2,0.6533,1.181,1.4989,1.4852,251,16.7515,117,7.8085,7376.459,浦和,6.3892,True
埼玉県さいたま市大宮区,35.9081,139.6018,46.3873,448.1857,266.4309,367.1526,293917.6562,153356.2493,2141.7788,5051.462,2.3585,85.4642,5.5729,13940.4,0.5945,1.1791,1.5002,1.4911,268,17.4756,120,7.8249,7578.008,浦和,4.7374,True
埼玉県さいたま市大宮区,35.9081,139.6239,38.6631,448.1857,253.6386,324.6398,300569.6956,155766.8548,2124.0504,5117.2396,2.4092,94.6786,6.0782,14997.8,0.5659,1.1774,1.4914,1.5025,274,17.5904,123,7.8964,7631.8417,浦和,3.4652,True
埼玉県さいたま市大宮区,35.9081,139.646,35.374,448.1857,237.1876,307.0525,316628.3304,163719.0113,2278.277,5402.817,2.3714,103.8786,6.3449,15159.3,0.5292,1.1819,1.5089,1.5117,297,18.1408,146,8.9177,8152.062,浦和,3.0848,True
埼玉県さいたま市見沼区,35.9081,139.6681,33.3899,448.1857,215.823,293.5429,325404.5693,168354.6844,2409.2966,5620.6754,2.3329,105.7712,6.2826,15012.7,0.4815,1.1819,1.5058,1.512,308,18.2947,155,9.2068,8463.7281,浦和,3.8688,True
埼玉県さいたま市緑区,35.9081,139.6903,34.6101,448.1857,232.744,307.8869,321117.4886,166452.7697,2259.7306,5445.1599,2.4097,104.1637,6.2579,15966.1,0.5193,1.1787,1.4989,1.5101,293,17.6026,148,8.8914,8161.9227,浦和,5.3256,True
埼玉県さいたま市緑区,35.9081,139.7124,53.4324,448.1857,293.233,441.7085,320961.0168,166317.2098,2272.551,5362.9117,2.3599,90.0207,5.4126,14815.4,0.6543,1.1872,1.5258,1.5117,282,16.9556,140,8.4176,8182.7723,浦和,7.0498,True
埼玉県越谷市,35.9081,139.7345,69.6711,448.1857,337.997,657.2885,298701.342,154912.0663,1945.2665,4766.6312,2.4504,57.7273,3.7265,14583.6,0.7541,1.23,1.6295,1.6062,260,16.7837,120,7.7463,7767.2153,浦和,8.8872,True
埼玉県越谷市,35.9081,139.7566,68.9231,448.1857,396.4478,567.1227,263946.9037,135309.4528,1600.6498,4028.7562,2.517,57.9343,4.2816,13147.3,0.8846,1.2378,1.6496,1.6217,223,16.4807,104,7.6861,6646.0174,浦和,10.7799,True
埼玉県越谷市,35.9081,139.7788,71.756,448.1857,431.9578,577.8381,235410.3914,119076.5591,1460.9282,3580.086,2.4506,48.4487,4.0687,10972.6,0.9638,1.2521,1.6751,1.6423,203,17.0479,87,7.3062,5997.0306,浦和,12.7033,True
埼玉県越谷市,35.9081,139.8009,71.9788,448.1857,446.8092,593.9398,229044.1013,114984.6423,1545.9969,3563.0338,2.3047,46.8562,4.075,9136.4,0.9969,1.232,1.6349,1.6048,190,16.5239,78,6.7835,5825.3124,浦和,14.6453,True
埼玉県松伏町,35.9081,139.823,83.9894,448.1857,448.1857,685.9667,233967.9545,116662.528,1668.2849,3708.1561,2.2227,42.9707,3.6833,8363.2,1.0,1.2421,1.6566,1.6409,183,15.6863,90,7.7146,6142.951,浦和,16.5994,True
埼玉県吉川市,35.9081,139.8451,81.2997,448.1857,448.1857,610.3311,221886.6621,109801.2271,1574.1193,3505.4487,2.2269,42.9706,3.9135,8129.7,1.0,1.2416,1.6571,1.6468,184,16.7576,95,8.652,5808.9302,浦和,18.5617,True
埼玉県吉川市,35.9081,139.8673,76.8859,448.1857,448.1857,502.3328,188076.8396,92275.6024,1344.551,2978.3218,2.2151,37.278,4.0399,6903.1,1.0,1.2416,1.6571,1.6468,161,17.4477,87,9.4283,4935.4205,浦和,20.5299,True
埼玉県吉川市,35.9081,139.8894,75.3793,448.1857,448.1857,424.247,167415.234,81301.7194,1171.4572,2651.9226,2.2638,34.628,4.2592,6839.9,1.0,1.2675,1.7215,1.7338,146,17.9578,80,9.8399,4565.2743,市川,20.4179,True
埼玉県吉川市,35.9081,139.9115,71.0716,448.1857,448.1857,364.512,176988.2071,85613.688,1340.2137,2912.1462,2.1729,46.6047,5.4436,6202.9,1.0,1.2645,1.7098,1.7401,171,19.9734,99,11.5636,4979.25,市川,20.3926,False
千葉県柏市,35.9081,139.9336,74.0849,448.1857,448.1857,413.0859,181490.7434,89093.7772,1377.4438,3052.2204,2.2159,44.8548,5.0346,6345.3,1.0,1.2645,1.7098,1.7401,169,18.9688,107,12.0098,5218.7519,市川,20.5618,True
千葉県柏市,35.9081,139.9558,73.8674,448.1857,448.1857,423.2868,181840.0595,89793.4554,1384.4615,3111.5069,2.2474,44.9745,5.0087,6073.1,1.0,1.2569,1.6908,1.7249,164,18.2641,90,10.023,5260.8379,市川,20.9207,True
千葉県柏市,35.9081,139.9779,76.4721,448.1857,448.1857,473.0632,178791.9303,88563.3316,1249.3442,2996.5491,2.3985,38.2245,4.3161,6687.5,1.0,1.2448,1.6775,1.6819,177,19.9857,93,10.501,5026.6152,市川,21.4598,True
埼玉県毛呂山町,35.9261,139.3142,63.0451,448.1857,448.1857,238.2266,68053.4144,33170.7211,484.588,1100.7156,2.2714,10.443,3.1483,2674.0,1.0,1.2782,1.7787,1.8255,40,12.0588,19,5.7279,1957.8778,本院,16.22,True
埼玉県日高市,35.9261,139.3363,59.6711,448.1857,444.5894,296.7557,102563.9277,49638.7908,753.389,1657.134,2.1996,18.7356,3.7744,3494.1,0.992,1.2739,1.7777,1.8112,62,12.4902,40,8.0582,2945.9582,本院,15.2113,True
埼玉県日高市,35.9261,139.3584,66.5305,448.1857,430.9403,409.187,127833.2963,62327.2348,953.0358,2082.8632,2.1855,20.7856,3.3349,4252.2,0.9615,1.2834,1.8376,1.8534,78,12.5146,44,7.0595,3827.4252,本院,14.4092,True
埼玉県鶴ヶ島市,35.9261,139.3805,70.87,448.1857,420.1897,487.6623,143696.9377,70130.9025,1057.9275,2320.7972,2.1937,21.3206,3.0401,4822.8,0.9375,1.2864,1.8456,1.8588,95,13.5461,51,7.2721,4283.3595,本院,13.8498,True
埼玉県鶴ヶ島市,35.9261,139.4027,60.9125,448.1857,415.1604,346.0078,162468.5582,78825.3922,1169.5376,2579.1199,2.2052,37.0848,4.7047,5489.0,0.9263,1.2616,1.7364,1.7306,121,15.3504,68,8.6267,4478.2649,本院,13.5631,True
埼玉県鶴ヶ島市,35.9261,139.4248,61.5915,448.1857,412.9909,356.9558,165640.1442,81103.9774,1212.9033,2662.1238,2.1948,37.9773,4.6825,5540.4,0.9215,1.2638,1.739,1.7339,129,15.9055,70,8.6309,4629.3791,本院,13.5664,True
埼玉県川越市,35.9261,139.4469,65.6127,448.1857,423.1356,416.8749,172037.9057,85025.2706,1287.1749,2795.4599,2.1718,36.6778,4.3137,5503.3,0.9441,1.2623,1.7252,1.7241,134,15.76,75,8.8209,4822.796,本院,13.8595,False
埼玉県川越市,35.9261,139.469,64.2546,448.1857,439.733,413.6232,165305.7519,82483.931,1239.741,2725.4676,2.1984,36.3348,4.4051,5737.9,0.9811,1.2483,1.6788,1.6681,137,16.6093,74,8.9714,4575.5083,本院,14.4248,True
埼玉県川越市,35.9261,139.4912,61.5809,448.1857,436.8559,439.7344,168748.6927,86270.2731,1253.4071,2811.6206,2.2432,36.6348,4.2465,6489.5,0.9747,1.2228,1.601,1.5819,142,16.4599,70,8.114,4501.4751,浦和,14.4921,True
埼玉県川越市,35.9261,139.5133,62.1326,448.1857,418.0996,462.5538,176869.6807,92446.8632,1226.8365,2896.1324,2.3607,36.7922,3.9798,7994.7,0.9329,1.2228,1.601,1.5819,157,16.9827,71,7.6801,4636.7805,浦和,12.6444,True
埼玉県さいたま市西区,35.9261,139.5354,57.1459,448.1857,378.9482,422.8956,211563.5333,109672.1058,1521.7324,3536.3604,2.3239,52.8356,4.8176,9307.4,0.8455,1.2098,1.5786,1.5611,189,17.2332,86,7.8416,5582.6517,浦和,10.8481,True
埼玉県さいたま市西区,35.9261,139.5575,52.4138,448.1857,346.4606,394.5316,240541.1836,124664.6869,1763.4521,4078.8497,2.313,67.8861,5.4455,10578.9,0.773,1.1954,1.5391,1.5205,231,18.5297,104,8.3424,6277.5548,浦和,9.1337,True
埼玉県さいたま市西区,35.9261,139.5796,50.1114,448.1857,307.7231,409.7587,252655.9231,131287.26,1861.2536,4333.5864,2.3283,64.9575,4.9477,11492.9,0.6866,1.1804,1.4977,1.4879,227,17.2903,104,7.9216,6490.5335,浦和,7.557,True
埼玉県さいたま市北区,35.9261,139.6018,48.0,448.1857,299.272,369.0987,273392.3054,142052.1815,1911.0669,4602.5781,2.4084,80.5935,5.6735,13472.8,0.6677,1.1833,1.5068,1.4993,250,17.5992,113,7.9548,6935.1789,浦和,6.2237,True
埼玉県さいたま市北区,35.9261,139.6239,50.6631,448.1857,296.6822,410.5635,296185.9397,154285.0529,2104.7674,5038.0484,2.3936,85.3936,5.5348,14503.2,0.662,1.1841,1.51,1.5007,285,18.4723,124,8.0371,7607.3034,浦和,5.3199,True
埼玉県さいたま市見沼区,35.9261,139.646,48.5199,448.1857,278.9466,373.7224,305598.6859,158937.0918,2174.9957,5199.7343,2.3907,93.7791,5.9004,14919.5,0.6224,1.1872,1.5222,1.5181,292,18.372,129,8.1164,7915.0183,浦和,5.0804,True
埼玉県さいたま市見沼区,35.9261,139.6681,37.4854,448.1857,249.9076,321.8606,294530.3832,152104.5076,2093.0062,5000.6644,2.3892,89.7861,5.9029,14330.8,0.5576,1.1804,1.505,1.5113,265,17.4222,125,8.218,7525.7924,浦和,5.5911,True
埼玉県さいたま市岩槻区,35.9261,139.6903,46.1645,448.1857,267.5258,311.2178,291700.2677,149891.1302,2075.4761,4909.1529,2.3653,96.1637,6.4156,13669.3,0.5969,1.2094,1.5706,1.5678,277,18.4801,127,8.4728,7710.4368,浦和,6.6822,True
埼玉県さいたま市岩槻区,35.9261,139.7124,60.9231,448.1857,318.3964,503.3687,287380.4037,147474.08,2044.0487,4757.5943,2.3275,67.4703,4.5751,12587.0,0.7104,1.2162,1.5961,1.5786,246,16.6809,118,8.0014,7593.6724,浦和,8.1231,True
埼玉県さいたま市岩槻区,35.9261,139.7345,69.5862,448.1857,363.7121,629.4888,258830.2539,131917.2719,1748.4458,4132.321,2.3634,47.8843,3.6299,11455.6,0.8115,1.23,1.6295,1.6062,223,16.9045,110,8.3386,6733.6082,浦和,9.7601,True
埼玉県越谷市,35.9261,139.7566,69.7241,448.1857,412.9408,577.0514,231597.9367,117219.7988,1552.6718,3637.7653,2.3429,46.3913,3.9576,9807.7,0.9214,1.2384,1.6484,1.6079,216,18.4269,96,8.1897,5996.375,浦和,11.5098,True
埼玉県松伏町,35.9261,139.7788,71.7135,448.1857,443.4758,556.9575,226432.2665,113178.3299,1557.379,3536.2566,2.2706,48.4487,4.2807,8568.6,0.9895,1.2457,1.6682,1.6313,206,18.2014,86,7.5986,5899.3462,浦和,13.3279,True
埼玉県松伏町,35.9261,139.8009,72.9655,448.1857,447.6147,564.4336,222008.7431,110708.9494,1592.532,3509.9113,2.204,46.8487,4.2317,7561.2,0.9987,1.255,1.6821,1.6596,183,16.5298,86,7.7681,5903.8787,浦和,15.1899,True
埼玉県松伏町,35.9261,139.823,81.931,448.1857,448.1857,625.654,211226.6489,106206.8543,1502.3228,3355.6411,2.2336,38.8132,3.6545,7775.6,1.0,1.2421,1.6566,1.6409,175,16.4773,82,7.7208,5558.9728,浦和,17.0814,True
埼玉県松伏町,35.9261,139.8451,79.3634,448.1857,448.1857,559.8322,202446.3356,101006.2817,1499.6026,3258.8806,2.1732,40.0631,3.9664,6773.2,1.0,1.2421,1.6566,1.6409,166,16.4346,81,8.0193,5398.6789,浦和,18.9936,False
千葉県野田市,35.9261,139.8673,80.5093,448.1857,448.1857,590.3908,156812.4685,76792.8125,1140.4421,2496.7531,2.1893,22.128,2.8815,5513.6,1.0,1.2421,1.6566,1.6409,126,16.4078,61,7.9435,4136.1345,浦和,20.9208,True
千葉県野田市,35.9261,139.8894,72.4509,448.1857,448.1857,377.3134,131360.2738,63191.9891,932.2896,2084.2879,2.2357,23.785,3.7639,4970.1,1.0,1.2675,1.7215,1.7338,106,16.7743,51,8.0706,3588.0934,市川,22.4188,True
千葉県野田市,35.9261,139.9115,75.13,448.1857,448.1857,413.837,133802.0095,64841.3206,961.2829,2195.1127,2.2835,23.435,3.6142,5029.1,1.0,1.2826,1.7516,1.7933,117,18.044,59,9.0991,3844.9817,市川,22.3958,True
茨城県守谷市,35.9261,139.9336,72.1698,448.1857,448.1857,372.5391,141787.3122,69476.4967,996.1938,2357.2959,2.3663,29.9548,4.3115,5527.1,1.0,1.2708,1.7237,1.7607,134,19.2871,75,10.795,4063.2936,市川,22.55,True
茨城県守谷市,35.9261,139.9558,69.4005,448.1857,448.1857,343.4654,146294.8753,71309.8198,988.8731,2407.2754,2.4344,34.0548,4.7756,5633.2,1.0,1.2644,1.7053,1.7444,135,18.9315,74,10.3773,4105.0347,市川,22.8776,True
埼玉県毛呂山町,35.9441,139.292,61.9894,448.1857,448.1857,222.8055,48890.2738,23826.7138,354.0238,796.6088,2.2502,5.75,2.4133,1864.7,1.0,1.2649,1.7866,1.8273,30,12.5909,12,5.0364,1423.221,本院,18.9992,True
埼玉県毛呂山町,35.9441,139.3142,61.3952,448.1857,448.1857,210.5825,66911.281,32538.0616,458.2773,1058.3933,2.3095,11.143,3.4246,2728.6,1.0,1.2916,1.8536,1.892,42,12.908,23,7.0686,1961.8256,本院,17.9254,True
埼玉県毛呂山町,35.9441,139.3363,65.565,448.1857,448.1857,260.118,93194.4258,44435.737,662.8697,1467.8489,2.2144,17.0856,3.845,3188.1,1.0,1.2834,1.8376,1.8534,58,13.0526,36,8.1016,2697.2879,本院,17.0183,True
埼玉県鶴ヶ島市,35.9441,139.3584,70.5517,448.1857,448.1857,333.1532,113092.6431,54822.1561,813.8851,1795.8323,2.2065,20.1356,3.6729,3832.4,1.0,1.2834,1.8376,1.8534,73,13.3158,43,7.8435,3299.9833,本院,16.3055,True
埼玉県鶴ヶ島市,35.9441,139.3805,69.6605,448.1857,448.1451,427.8323,125117.6351,60666.7284,894.2512,1980.695,2.2149,19.1356,3.1542,4303.7,0.9999,1.2864,1.8456,1.8588,81,13.3516,44,7.2527,3655.6527,本院,15.8134,True
埼玉県鶴ヶ島市,35.9441,139.4027,68.6897,448.1857,447.2495,431.2928,143532.1404,69508.9147,1061.2719,2304.7416,2.1717,25.2562,3.6335,4533.2,0.9979,1.2619,1.7401,1.735,108,15.5376,56,8.0565,4010.5706,本院,15.563,False
埼玉県坂戸市,35.9441,139.4248,60.6684,448.1857,447.1568,317.6399,144296.6698,69659.4179,1025.0491,2283.4176,2.2276,34.0422,4.8869,5100.2,0.9977,1.2623,1.7252,1.7241,114,16.3653,65,9.3311,3939.408,本院,15.5659,True
埼玉県川越市,35.9441,139.4469,61.6658,448.1857,447.5756,329.6128,144600.9307,70466.5542,1042.0918,2308.7085,2.2155,33.5848,4.7661,5029.4,0.9986,1.2623,1.7252,1.7241,119,16.8874,68,9.65,3983.0405,本院,15.8219,True
埼玉県川越市,35.9441,139.469,71.3528,448.1857,448.1857,360.5995,145937.2808,72232.2579,1086.1093,2383.723,2.1947,32.5348,4.5042,4971.2,1.0,1.2623,1.7252,1.7241,127,17.5822,69,9.5525,4112.4575,本院,16.3193,True
埼玉県川越市,35.9441,139.4912,62.1538,448.1857,444.3724,438.7728,154425.3379,78784.8583,1139.2134,2554.9046,2.2427,30.9922,3.9338,5886.5,0.9915,1.2228,1.601,1.5819,135,17.1353,63,7.9965,4090.4663,浦和,15.3071,True
埼玉県川越市,35.9441,139.5133,61.878,448.1857,426.7746,461.706,173649.7306,89609.4596,1268.4249,2882.0674,2.2722,36.2926,4.0501,6996.9,0.9522,1.2194,1.5911,1.572,158,17.6321,65,7.2537,4585.6355,浦和,13.5713,True
埼玉県さいたま市西区,35.9441,139.5354,57.8674,448.1857,395.891,427.23,196981.3061,102126.3465,1421.2411,3297.0501,2.3198,47.4356,4.6448,8628.1,0.8833,1.2129,1.5756,1.5629,189,18.5065,73,7.148,5194.7507,浦和,11.916,True
埼玉県さいたま市西区,35.9441,139.5575,52.7851,448.1857,361.9224,390.7265,215576.8502,111699.5667,1595.5324,3670.0597,2.3002,57.7291,5.1682,9341.3,0.8075,1.1976,1.5398,1.5219,208,18.6214,82,7.3411,5651.1327,浦和,10.3798,True
埼玉県さいたま市西区,35.9441,139.5796,51.8833,448.1857,337.9618,410.6287,237187.6328,122524.471,1685.2175,3975.1999,2.3589,60.9436,4.974,10972.6,0.7541,1.1858,1.5159,1.5097,228,18.6085,92,7.5087,6025.9879,浦和,9.0239,True
埼玉県さいたま市北区,35.9441,139.6018,54.8435,448.1857,331.1543,453.2499,266003.1903,138062.3623,1922.3639,4509.2055,2.3457,69.1505,5.0086,12236.6,0.7389,1.1869,1.5202,1.5108,248,17.9629,110,7.9674,6855.0668,浦和,7.9411,True
埼玉県さいたま市北区,35.9441,139.6239,58.0955,448.1857,328.2937,507.7476,287206.6357,149739.2868,2092.2412,4905.2644,2.3445,72.2005,4.8218,13290.6,0.7325,1.1895,1.5342,1.5197,268,17.8978,116,7.7468,7525.4822,浦和,7.2547,True
埼玉県さいたま市見沼区,35.9441,139.646,56.1645,448.1857,312.6632,469.7062,289577.2641,150504.4938,2084.3153,4917.188,2.3591,74.8935,4.9762,13577.9,0.6976,1.1895,1.5342,1.5197,277,18.4048,125,8.3054,7543.775,浦和,7.081,True
埼玉県さいたま市見沼区,35.9441,139.6681,51.1406,448.1857,306.6457,391.9236,262196.5849,134998.1647,1817.167,4382.8114,2.4119,70.3791,5.2133,12886.4,0.6842,1.1903,1.5341,1.5209,253,18.741,109,8.0742,6723.4838,浦和,7.4558,True
埼玉県さいたま市岩槻区,35.9441,139.6903,53.305,448.1857,328.4076,390.6457,257217.6066,132000.5403,1801.8074,4263.053,2.366,71.9207,5.4485,11873.5,0.7327,1.2065,1.5685,1.5513,252,19.0908,103,7.803,6686.7436,浦和,8.3053,True
埼玉県さいたま市岩槻区,35.9441,139.7124,66.1008,448.1857,367.9028,526.2444,244807.9437,125527.7635,1656.4586,3926.3757,2.3703,52.3848,4.1732,10978.9,0.8209,1.2346,1.6409,1.6081,214,17.048,87,6.9307,6442.7336,浦和,9.5029,True
埼玉県さいたま市岩槻区,35.9441,139.7345,67.8621,448.1857,399.5653,564.8952,221193.6526,112774.0305,1374.5111,3409.5809,2.4806,41.3483,3.6665,10760.3,0.8915,1.2297,1.626,1.5934,201,17.8233,80,7.0938,5543.985,浦和,10.935,True
埼玉県春日部市,35.9441,139.7566,69.4907,448.1857,432.2151,542.7367,208338.1469,105482.7289,1333.586,3209.7557,2.4069,40.9913,3.8861,9385.4,0.9644,1.2384,1.6484,1.6079,188,17.8228,80,7.5842,5290.8577,浦和,12.5212,True
埼玉県松伏町,35.9441,139.7788,72.1008,448.1857,446.2491,586.1999,208253.714,104405.985,1441.0224,3264.7405,2.2656,39.4487,3.7784,7880.8,0.9957,1.2384,1.6484,1.6079,180,17.2404,77,7.3751,5381.493,浦和,14.2102,True
埼玉県松伏町,35.9441,139.8009,79.1724,448.1857,448.1857,529.4547,197508.9677,98731.8593,1401.5242,3117.505,2.2244,39.6115,4.012,7042.7,1.0,1.255,1.6821,1.6596,168,17.0158,77,7.7989,5243.8281,浦和,15.9692,True
埼玉県松伏町,35.9441,139.823,79.7029,448.1857,448.1857,541.9382,187403.8733,93670.2371,1362.2137,2990.4282,2.1953,35.2185,3.7598,6423.8,1.0,1.255,1.6821,1.6596,164,17.5082,78,8.3271,5030.0773,浦和,17.7776,True
千葉県野田市,35.9441,139.8451,80.0849,448.1857,448.1857,581.112,169840.0948,84633.5927,1241.6848,2714.08,2.1858,26.9334,3.1824,5772.5,1.0,1.2421,1.6566,1.6409,145,17.1327,63,7.4439,4496.1593,浦和,19.6216,True
千葉県野田市,35.9441,139.8673,80.6684,448.1857,448.1857,508.3215,127336.8215,63089.6961,935.8683,2063.1116,2.2045,17.4473,2.7655,4555.1,1.0,1.2867,1.77,1.7874,107,16.96,48,7.6082,3651.7302,浦和,21.4922,True
千葉県野田市,35.9441,139.8894,74.1485,448.1857,448.1857,387.6762,108047.2372,52849.0615,745.676,1744.5709,2.3396,16.2048,3.0662,4386.2,1.0,1.3087,1.8143,1.8763,99,18.7326,44,8.3256,3165.2417,浦和,23.3829,True
千葉県野田市,35.9441,139.9115,72.3501,448.1857,448.1857,359.5359,103996.6375,50240.53,691.1294,1684.1138,2.4368,16.035,3.1916,4186.7,1.0,1.3104,1.8181,1.8856,89,17.7148,47,9.355,3061.9411,市川,24.3992,True
茨城県守谷市,35.9441,139.9336,72.7268,448.1857,448.1857,367.8014,107546.8243,51487.2539,706.2878,1749.2598,2.4767,16.685,3.2406,4150.2,1.0,1.3024,1.7864,1.8684,92,17.8685,51,9.9054,3124.8156,市川,24.5408,True
埼玉県越生町,35.9621,139.292,59.8037,448.1857,448.1857,193.9021,42118.8768,20530.0961,309.8488,693.2688,2.2374,4.1,1.9971,1586.6,1.0,1.2649,1.7866,1.8273,27,13.1514,9,4.3838,1238.5939,本院,20.6694,True
埼玉県越生町,35.9621,139.3142,60.4828,448.1857,448.1857,197.7969,64212.3086,30877.8409,449.8527,1019.3806,2.266,10.843,3.5116,2450.9,1.0,1.2916,1.8536,1.892,43,13.9258,24,7.7726,1889.5122,本院,19.6872,True
埼玉県鳩山町,35.9621,139.3363,66.1485,448.1857,448.1857,269.6194,90004.7761,42729.6045,632.1824,1406.9547,2.2256,15.193,3.5556,3126.6,1.0,1.2821,1.8285,1.8529,56,13.1057,31,7.2549,2572.6281,本院,18.8652,True
埼玉県鳩山町,35.9621,139.3584,70.6472,448.1857,448.1857,335.5351,106693.2675,51325.715,753.9492,1677.6319,2.2251,17.4856,3.4068,3723.7,1.0,1.2821,1.8285,1.8529,68,13.2487,36,7.014,3067.5635,本院,18.2249,True
埼玉県坂戸市,35.9621,139.3805,70.7639,448.1857,448.1857,336.0458,116892.6323,56549.2594,831.7813,1847.6756,2.2213,21.1856,3.7464,4070.4,1.0,1.2834,1.8376,1.8534,80,14.147,44,7.7808,3395.2493,本院,17.7862,True
埼玉県坂戸市,35.9621,139.4027,74.2281,448.1857,448.1857,385.6335,123316.1866,59681.5154,888.6749,1960.2138,2.2058,20.6707,3.4635,4178.9,1.0,1.2974,1.8552,1.8866,92,15.4152,47,7.8751,3636.6453,本院,17.5639,True
埼玉県坂戸市,35.9621,139.4248,66.4509,448.1857,448.1857,287.4967,126924.6365,61449.2251,971.5237,2087.3697,2.1486,30.3996,4.9471,3877.6,1.0,1.2623,1.7252,1.7241,96,15.6227,51,8.2995,3601.1814,本院,17.5665,False
埼玉県川島町,35.9621,139.4469,65.3475,448.1857,448.1857,274.0251,126545.3554,61011.6316,942.087,2050.4321,2.1765,31.1066,5.0985,4096.2,1.0,1.2623,1.7252,1.7241,107,17.5376,57,9.3425,3537.4558,本院,17.7937,False
埼玉県川島町,35.9621,139.469,67.4483,448.1857,448.1857,304.0879,129212.7562,63082.238,961.9156,2101.6487,2.1849,29.7067,4.7092,4284.2,1.0,1.2623,1.7252,1.7241,103,16.3279,56,8.8773,3625.8158,浦和,18.019,True
埼玉県川島町,35.9621,139.4912,68.7745,448.1857,448.1857,362.0883,141147.6168,70316.7386,1044.4008,2304.9685,2.207,30.4997,4.3375,4938.4,1.0,1.2417,1.6605,1.6525,116,16.4968,52,7.3951,3827.4215,浦和,16.3288,True
埼玉県川島町,35.9621,139.5133,57.0504,448.1857,438.565,362.3789,157701.6199,80498.9637,1132.4224,2585.3921,2.2831,38.2926,4.7569,6390.2,0.9785,1.2224,1.6069,1.588,136,16.8946,59,7.3293,4154.5487,浦和,14.7144,True
埼玉県桶川市,35.9621,139.5354,56.7745,448.1857,408.3455,377.7654,174164.9445,89417.1057,1221.4752,2865.0312,2.3456,42.1001,4.7083,7767.8,0.9111,1.2224,1.6069,1.588,155,17.3345,65,7.2693,4603.9096,浦和,13.2036,True
埼玉県上尾市,35.9621,139.5575,57.8462,448.1857,382.4675,417.5008,197004.0797,101561.3067,1367.2957,3242.0032,2.3711,45.8571,4.5152,9081.9,0.8534,1.2188,1.5996,1.5906,185,18.2156,76,7.4832,5185.9301,浦和,11.8361,True
埼玉県上尾市,35.9621,139.5796,53.687,448.1857,368.4575,420.1035,223361.5902,115618.6572,1541.2261,3694.6051,2.3972,56.958,4.9264,10677.2,0.8221,1.1844,1.5189,1.509,212,18.3361,83,7.1788,5611.6101,浦和,10.6672,True
埼玉県上尾市,35.9621,139.6018,57.1777,448.1857,357.9728,478.3551,250861.5119,130262.712,1779.573,4207.7003,2.3644,62.358,4.7871,11691.8,0.7987,1.1857,1.5234,1.5103,231,17.7334,98,7.5233,6409.9168,浦和,9.7685,True
埼玉県上尾市,35.9621,139.6239,61.3475,448.1857,359.4233,543.983,271353.7074,141532.589,1910.0709,4547.4423,2.3808,64.6506,4.5679,12887.6,0.802,1.1911,1.5407,1.5256,258,18.229,109,7.7014,7006.4634,浦和,9.2193,True
埼玉県さいたま市見沼区,35.9621,139.646,59.7666,448.1857,356.2656,514.4224,259374.5439,134618.0372,1801.8609,4324.44,2.4,61.2935,4.5531,12537.6,0.7949,1.1917,1.5433,1.5298,239,17.7539,104,7.7256,6673.7708,浦和,9.0832,True
埼玉県さいたま市岩槻区,35.9621,139.6681,56.6684,448.1857,360.8508,418.3008,234228.1377,120907.8299,1615.1987,3877.5367,2.4007,61.4861,5.0854,11253.3,0.8051,1.2119,1.5839,1.5655,234,19.3536,99,8.1881,6141.5472,浦和,9.3783,True
埼玉県さいたま市岩槻区,35.9621,139.6903,61.6764,448.1857,377.0788,454.2336,229879.1718,118163.6635,1540.5029,3716.2758,2.4124,55.4208,4.6902,10926.1,0.8413,1.2266,1.6216,1.6073,226,19.126,89,7.5319,6026.1467,浦和,10.0667,True
埼玉県さいたま市岩槻区,35.9621,139.7124,65.7772,448.1857,400.7786,500.0858,218275.9765,112193.4583,1402.8425,3430.3725,2.4453,46.8918,4.1795,10444.8,0.8942,1.2346,1.6423,1.6175,204,18.1829,78,6.9523,5633.7026,浦和,11.0753,True
埼玉県春日部市,35.9621,139.7345,69.061,448.1857,414.753,565.2026,203478.8816,103747.9962,1320.6533,3165.1565,2.3967,36.6343,3.5311,9131.5,0.9254,1.2349,1.6444,1.6139,188,18.1208,63,6.0724,5204.6957,浦和,12.3257,True
埼玉県春日部市,35.9621,139.7566,74.0743,448.1857,441.3139,588.8862,188576.3752,95067.5293,1245.4834,2912.0813,2.3381,31.5413,3.3178,7815.4,0.9847,1.2574,1.7006,1.6652,173,18.1976,60,6.3113,4952.302,浦和,13.7522,True
埼玉県春日部市,35.9621,139.7788,73.7135,448.1857,447.5749,620.3012,188625.784,94479.3819,1293.7651,2939.8373,2.2723,30.4685,3.2249,7195.0,0.9986,1.2384,1.6484,1.6079,171,18.0992,63,6.6681,4845.933,浦和,15.3055,True
埼玉県松伏町,35.9621,139.8009,82.366,448.1857,448.1857,629.2258,177541.5222,88135.1591,1269.4148,2805.494,2.2101,26.7755,3.038,6186.8,1.0,1.2488,1.6638,1.6389,149,16.9059,63,7.1481,4667.7046,浦和,16.9509,True
埼玉県松伏町,35.9621,139.823,82.4509,448.1857,448.1857,548.5258,166199.24,82201.3239,1195.856,2622.2269,2.1928,26.7755,3.2573,5572.0,1.0,1.2847,1.7527,1.742,140,17.0314,57,6.9342,4596.0828,浦和,18.6641,True
千葉県野田市,35.9621,139.8451,80.9231,448.1857,448.1857,514.5295,143758.3837,70787.6202,1067.0715,2297.8469,2.1534,21.5404,3.043,4374.0,1.0,1.2867,1.77,1.7874,109,15.3982,46,6.4983,4067.2143,浦和,20.4279,False
千葉県野田市,35.9621,139.8673,78.7374,448.1857,448.1857,465.418,102321.3743,50584.6078,732.4428,1664.0344,2.2719,11.9553,2.3634,3881.7,1.0,1.2867,1.77,1.7874,82,16.2105,37,7.3145,2945.3591,浦和,22.2303,True
千葉県野田市,35.9621,139.8894,72.5358,448.1857,448.1857,362.3218,89236.3775,43406.3077,631.1392,1472.487,2.3331,12.0198,2.7691,3335.0,1.0,1.3087,1.8143,1.8763,83,19.1216,37,8.5241,2671.5895,浦和,24.0627,True
千葉県野田市,35.9621,139.9115,74.5942,448.1857,448.1857,396.5504,85072.3255,41234.8481,569.5284,1417.8084,2.4894,10.0198,2.4299,3320.3,1.0,1.3024,1.7864,1.8684,79,19.1586,40,9.7005,2532.7227,浦和,25.9186,True
埼玉県越生町,35.9802,139.292,57.2414,448.1857,448.1857,178.1434,39560.906,19234.701,276.4354,636.9259,2.3041,3.75,1.9496,1631.1,1.0,1.2419,1.7206,1.7607,28,14.557,9,4.679,1095.8808,本院,22.3946,True
埼玉県鳩山町,35.9802,139.3363,63.1512,448.1857,448.1857,235.0602,80040.1759,38036.6873,529.8416,1228.9383,2.3194,13.55,3.5624,3214.5,1.0,1.2781,1.815,1.8355,56,14.7226,28,7.3613,2230.47,本院,20.7414,True
埼玉県鳩山町,35.9802,139.3584,66.2918,448.1857,448.1857,278.9764,103165.9314,49361.7691,696.7842,1600.2616,2.2966,19.293,3.9085,4042.4,1.0,1.2722,1.7615,1.809,74,14.9914,39,7.9009,2818.874,本院,20.1609,True
埼玉県坂戸市,35.9802,139.3805,71.1618,448.1857,448.1857,348.0005,114725.5547,55238.787,813.657,1816.176,2.2321,19.643,3.556,4094.7,1.0,1.2731,1.7667,1.8075,77,13.9395,45,8.1464,3208.6303,本院,19.7653,True
埼玉県坂戸市,35.9802,139.4027,69.7294,448.1857,448.1857,327.632,114114.4661,54743.8727,822.4689,1817.5597,2.2099,20.693,3.78,3916.2,1.0,1.285,1.7822,1.8413,80,14.6135,43,7.8548,3239.2276,本院,19.5656,True
埼玉県坂戸市,35.9802,139.4248,70.9337,448.1857,448.1857,344.3259,116344.2765,55774.6428,811.6909,1834.0557,2.2595,20.2426,3.6293,4357.5,1.0,1.286,1.7758,1.8479,93,16.6742,44,7.8889,3256.8351,本院,19.5679,True
埼玉県川島町,35.9802,139.4469,68.679,448.1857,448.1857,322.8449,112998.6279,53851.9461,812.4904,1801.1427,2.2168,20.4711,3.8014,3944.1,1.0,1.2631,1.7261,1.7319,93,17.2696,44,8.1705,3108.9598,本院,19.7721,True
埼玉県川島町,35.9802,139.469,61.3581,448.1857,448.1857,250.9255,118485.2968,57913.8767,825.5118,1876.749,2.2734,29.5141,5.0962,4564.5,1.0,1.2455,1.6769,1.6765,96,16.5763,45,7.7702,3147.1012,浦和,19.1058,True
埼玉県川島町,35.9802,139.4912,67.7666,448.1857,448.1857,365.9554,129946.5942,65670.065,960.449,2148.0165,2.2365,26.2641,3.9994,4894.9,1.0,1.2349,1.6349,1.6326,101,15.3799,43,6.5479,3511.6887,浦和,17.5211,True
埼玉県川島町,35.9802,139.5133,69.252,448.1857,448.1857,405.4754,139810.9819,71224.5622,989.2141,2286.3224,2.3113,27.3646,3.842,5906.0,1.0,1.2277,1.6178,1.5998,105,14.7421,42,5.8968,3698.7057,浦和,16.0276,True
埼玉県桶川市,35.9802,139.5354,60.9973,448.1857,434.2493,427.0612,153288.0985,78817.3628,1050.8221,2496.7948,2.376,30.4216,3.8598,7035.3,0.9689,1.2224,1.6069,1.588,125,15.8594,50,6.3438,4012.1789,浦和,14.6531,True
埼玉県桶川市,35.9802,139.5575,58.9284,448.1857,409.4448,440.2705,176540.7197,91045.7515,1163.5804,2841.6382,2.4422,36.579,4.0177,8625.2,0.9136,1.2069,1.5734,1.5697,146,16.0359,57,6.2606,4470.9256,浦和,13.4343,True
埼玉県上尾市,35.9802,139.5796,57.9523,448.1857,391.439,438.2568,207102.5083,107139.4312,1392.9492,3373.039,2.4215,49.072,4.5802,10014.9,0.8734,1.2028,1.5673,1.5526,191,17.8272,72,6.7202,5286.4668,浦和,12.417,True
埼玉県上尾市,35.9802,139.6018,62.3236,448.1857,383.8437,533.8349,230791.777,119180.1118,1648.2641,3847.2423,2.3341,50.122,4.2056,10272.7,0.8564,1.1999,1.5583,1.5463,195,16.3618,80,6.7125,5995.0875,浦和,11.6542,True
埼玉県伊奈町,35.9802,139.6239,63.2042,448.1857,380.2633,538.9647,242395.7015,125864.8777,1713.8628,4040.5725,2.3576,54.5506,4.3341,11126.4,0.8485,1.2056,1.5754,1.5623,219,17.3996,89,7.0711,6365.388,浦和,11.198,True
埼玉県蓮田市,35.9802,139.646,62.5146,448.1857,385.998,515.9737,233591.4934,120719.6455,1641.306,3871.1917,2.3586,53.1506,4.4028,10675.6,0.8612,1.2066,1.5808,1.5684,215,17.8099,92,7.621,6119.6166,浦和,11.0863,True
埼玉県蓮田市,35.9802,139.6681,62.8753,448.1857,388.685,467.0283,221658.766,114249.0019,1490.2984,3600.2152,2.4158,52.0431,4.5552,10624.8,0.8672,1.2259,1.6204,1.6027,211,18.4684,88,7.7025,5833.8836,浦和,11.3292,True
埼玉県蓮田市,35.9802,139.6903,67.6711,448.1857,406.1109,523.5577,210968.2482,108199.4906,1401.4745,3369.9814,2.4046,42.9992,3.9741,9819.1,0.9061,1.2369,1.6527,1.6275,197,18.2071,73,6.7468,5569.4746,浦和,11.9052,True
埼玉県さいたま市岩槻区,35.9802,139.7124,68.2599,448.1857,419.6256,535.3747,205824.9573,105134.0357,1399.2935,3275.4569,2.3408,41.0343,3.903,8806.5,0.9363,1.2346,1.6423,1.6175,189,17.9771,70,6.6582,5379.2847,浦和,12.7692,True
埼玉県春日部市,35.9802,139.7345,71.1141,448.1857,435.3115,552.9018,187064.0468,94779.7915,1204.3921,2876.5955,2.3884,32.6343,3.4432,8216.9,0.9713,1.2466,1.6743,1.6426,169,17.8308,58,6.1194,4816.3191,浦和,13.8675,True
埼玉県春日部市,35.9802,139.7566,74.3342,448.1857,446.8305,589.3479,175840.695,88244.937,1150.1971,2683.8252,2.3334,27.2988,3.0935,7161.9,0.997,1.2554,1.696,1.6579,148,16.7715,48,5.4394,4551.8182,浦和,15.1492,True
埼玉県春日部市,35.9802,139.7788,82.7427,448.1857,448.1857,594.6658,176560.0321,87913.6548,1196.508,2716.9524,2.2707,27.3685,3.1131,6640.8,1.0,1.2574,1.7006,1.6652,152,17.2897,49,5.5737,4620.4647,浦和,16.5718,True
埼玉県春日部市,35.9802,139.8009,83.4058,448.1857,448.1857,586.4638,162420.1351,80205.6623,1145.7541,2540.6787,2.2175,23.6755,2.9518,5681.5,1.0,1.2764,1.7331,1.7217,133,16.5824,50,6.234,4403.1846,浦和,18.1021,True
千葉県野田市,35.9802,139.823,78.5995,448.1857,448.1857,472.2244,144109.4757,71130.9208,1035.9429,2277.5362,2.1985,23.3755,3.2863,4778.0,1.0,1.2778,1.7301,1.7167,118,16.5891,44,6.1858,3940.4447,浦和,19.7151,True
千葉県野田市,35.9802,139.8451,74.4456,448.1857,448.1857,412.3658,112970.3943,55475.9164,787.7573,1772.509,2.2501,16.2478,2.9288,3959.9,1.0,1.2708,1.7211,1.7401,84,15.1417,32,5.7683,3050.6474,浦和,21.3921,True
千葉県野田市,35.9802,139.8673,69.2042,448.1857,448.1857,332.7357,81759.8597,39534.0217,562.8623,1309.9831,2.3274,10.6053,2.6826,2986.0,1.0,1.2708,1.7211,1.7401,65,16.4415,30,7.5884,2254.5988,浦和,23.1191,True
埼玉県ときがわ町,35.9982,139.2699,51.4748,448.1857,448.1857,130.3181,33618.6941,16194.192,234.0877,548.2976,2.3423,4.6426,2.8668,1486.8,1.0,1.2404,1.6858,1.7629,22,13.5851,8,4.94,924.3194,本院,25.1278,True
埼玉県ときがわ町,35.9982,139.292,57.6923,448.1857,448.1857,200.4386,44405.9202,21044.5066,317.3786,716.6393,2.258,4.9925,2.3724,1704.8,1.0,1.2404,1.6858,1.7629,30,14.2555,10,4.7518,1208.1097,本院,24.1629,True
埼玉県ときがわ町,35.9982,139.3142,65.6233,448.1857,448.1857,275.7609,61534.294,29192.3178,448.7864,985.9432,2.1969,4.45,1.5244,2067.9,1.0,1.2455,1.7275,1.7641,41,14.0448,17,5.8234,1703.2126,本院,23.3287,True
埼玉県鳩山町,35.9982,139.3363,63.6499,448.1857,448.1857,261.8688,82606.9507,39883.4132,608.4259,1344.2502,2.2094,13.95,3.4977,2902.9,1.0,1.254,1.7023,1.7591,60,15.0438,29,7.2712,2288.2688,本院,22.6395,True
埼玉県鳩山町,35.9982,139.3584,66.8647,448.1857,448.1857,286.7387,97336.6545,46414.5515,688.6348,1540.6951,2.2373,16.993,3.6611,3513.4,1.0,1.2711,1.7549,1.8076,71,15.2969,37,7.9716,2703.711,本院,22.1091,True
埼玉県鳩山町,35.9982,139.3805,65.9947,448.1857,448.1857,274.9353,101540.8093,48081.2799,711.3105,1593.9053,2.2408,18.993,3.9502,3657.6,1.0,1.2794,1.7657,1.828,73,15.1826,38,7.9033,2814.3595,本院,21.749,True
埼玉県坂戸市,35.9982,139.4027,64.817,448.1857,448.1857,257.5919,100768.4808,47674.1542,703.5121,1585.4099,2.2536,19.993,4.1937,3729.3,1.0,1.2851,1.7805,1.8484,71,14.8928,40,8.3903,2822.8578,本院,21.5677,True
埼玉県坂戸市,35.9982,139.4248,66.3714,448.1857,448.1857,278.4462,102208.1516,48830.4946,711.7994,1614.598,2.2683,19.293,3.951,3899.0,1.0,1.286,1.7758,1.8479,68,13.9257,39,7.9868,2867.132,本院,21.5698,True
埼玉県川島町,35.9982,139.4469,65.634,448.1857,448.1857,283.7903,99198.5658,47743.2749,684.9217,1560.278,2.278,17.8856,3.7462,3827.1,1.0,1.2669,1.71,1.7934,68,14.2428,35,7.3309,2668.0447,本院,21.7552,True
埼玉県川島町,35.9982,139.469,62.3077,448.1857,448.1857,258.6117,108811.3362,53042.3865,752.6057,1715.7832,2.2798,23.9786,4.5206,4217.4,1.0,1.2525,1.6831,1.7413,72,13.574,37,6.9756,2887.78,浦和,20.3325,True
埼玉県川島町,35.9982,139.4912,62.313,448.1857,448.1857,320.4039,110157.3318,54697.9933,752.8981,1747.621,2.3212,20.3286,3.7165,4579.9,1.0,1.2232,1.6032,1.6312,78,14.2601,32,5.8503,2801.8524,浦和,18.8516,True
埼玉県川島町,35.9982,139.5133,65.8939,448.1857,448.1857,355.3147,126682.2297,64371.2316,887.2844,2058.819,2.3204,25.4146,3.9481,5388.6,1.0,1.2278,1.6167,1.632,95,14.7581,39,6.0586,3328.5358,浦和,17.4725,True
埼玉県桶川市,35.9982,139.5354,69.7878,448.1857,448.1857,402.7193,136323.0631,69972.0051,962.779,2239.6706,2.3263,26.515,3.7894,5911.3,1.0,1.2297,1.6295,1.6354,108,15.4347,42,6.0024,3649.5707,浦和,16.2212,True
埼玉県桶川市,35.9982,139.5575,62.7586,448.1857,439.4967,447.4248,153025.0099,79337.1355,1008.5628,2465.8472,2.4449,29.215,3.6824,7502.9,0.9806,1.2217,1.6121,1.5945,129,16.2597,47,5.9241,3975.2485,浦和,15.1295,True
埼玉県桶川市,35.9982,139.5796,60.4668,448.1857,428.9191,430.9182,182095.1754,93987.2399,1184.4649,2908.4124,2.4555,41.365,4.4011,8948.2,0.957,1.2142,1.5992,1.5665,153,16.2788,59,6.2774,4651.0246,浦和,14.2341,True
埼玉県伊奈町,35.9982,139.6018,59.4164,448.1857,416.4499,441.5121,199366.0086,102179.2139,1346.6203,3212.5674,2.3857,47.072,4.6068,9157.9,0.9292,1.208,1.5765,1.5688,166,16.246,70,6.8507,5064.5049,浦和,13.574,True
埼玉県伊奈町,35.9982,139.6239,61.8992,448.1857,408.2403,506.2796,207816.5923,106775.6501,1494.1874,3443.3529,2.3045,45.072,4.2212,8807.6,0.9109,1.2043,1.5655,1.5597,171,16.0149,78,7.305,5390.6543,浦和,13.1845,True
埼玉県蓮田市,35.9982,139.646,62.7162,448.1857,409.1015,494.3773,210410.7547,108434.5571,1495.1696,3476.2577,2.325,47.422,4.3733,9159.8,0.9128,1.2157,1.5909,1.5901,186,17.1532,78,7.1933,5530.2478,浦和,13.0897,True
埼玉県蓮田市,35.9982,139.6681,66.8435,448.1857,413.7609,512.7624,202579.6648,103671.865,1419.3789,3302.9062,2.327,42.0066,4.0519,8724.9,0.9232,1.2381,1.6454,1.6318,187,18.0377,77,7.4273,5434.7607,浦和,13.2961,True
埼玉県蓮田市,35.9982,139.6903,66.5146,448.1857,422.6047,476.7824,190648.0756,96924.1638,1186.7433,2948.1991,2.4843,38.5062,3.9728,9340.1,0.9429,1.2435,1.6589,1.6507,182,18.7776,71,7.3253,4890.8048,浦和,13.7901,True
埼玉県宮代町,35.9982,139.7124,70.3448,448.1857,435.3965,521.9053,181105.043,91843.2032,1129.7838,2780.7791,2.4613,32.3918,3.5269,8614.2,0.9715,1.2488,1.6859,1.654,168,18.292,60,6.5329,4688.0323,浦和,14.5423,True
埼玉県宮代町,35.9982,139.7345,67.3581,448.1857,447.0715,451.5892,173412.6267,87164.3298,1116.9155,2666.6948,2.3876,34.9843,4.0136,7615.6,0.9975,1.2466,1.6743,1.6426,153,17.5531,54,6.1952,4464.8798,浦和,15.5154,True
埼玉県春日部市,35.9982,139.7566,80.0424,448.1857,448.1857,542.1693,161637.2981,80577.5443,1094.1439,2500.1472,2.285,25.3181,3.1421,6221.3,1.0,1.2529,1.6874,1.6586,140,17.3746,50,6.2052,4218.7982,浦和,16.6706,True
埼玉県春日部市,35.9982,139.7788,80.4987,448.1857,448.1857,521.2521,149861.5582,74164.8321,991.5557,2284.2561,2.3037,22.1453,2.986,5896.9,1.0,1.271,1.7198,1.689,123,16.5847,39,5.2586,3928.4332,浦和,17.9729,True
埼玉県春日部市,35.9982,139.8009,78.7798,448.1857,448.1857,484.1212,138276.431,68060.737,940.1949,2134.3433,2.2701,20.4453,3.004,5149.3,1.0,1.271,1.7198,1.689,117,17.1905,41,6.024,3670.6151,浦和,19.3927,True
千葉県野田市,35.9982,139.823,72.626,448.1857,448.1857,377.2798,119012.928,58323.1498,821.8342,1866.4823,2.2711,19.6602,3.3709,4240.7,1.0,1.2768,1.7268,1.7117,103,17.6602,38,6.5154,3223.0798,浦和,20.906,True
千葉県野田市,35.9982,139.8451,70.8276,448.1857,448.1857,390.0161,88173.4286,43049.8638,584.0811,1394.446,2.3874,8.6676,2.0134,3428.5,1.0,1.2552,1.6676,1.7247,68,15.7956,27,6.2718,2325.3483,浦和,22.494,True
千葉県野田市,35.9982,139.8673,66.4775,448.1857,448.1857,327.1128,71127.9877,34133.4891,504.2301,1169.5442,2.3195,7.2553,2.1256,2286.8,1.0,1.2552,1.6676,1.7247,57,16.6991,24,7.0312,1950.307,浦和,24.142,True
埼玉県ときがわ町,36.0162,139.2699,52.0053,448.1857,448.1857,143.2372,30744.7578,14506.4848,222.3361,512.1237,2.3034,2.2926,1.5804,1317.8,1.0,1.2445,1.6815,1.7921,22,15.1656,4,2.7574,861.1558,本院,26.8656,True
埼玉県ときがわ町,36.0162,139.292,56.1432,448.1857,448.1857,186.1823,40630.8596,18905.1039,299.0477,665.6678,2.226,3.6426,1.9268,1496.2,1.0,1.2445,1.6815,1.7921,26,13.7529,6,3.1737,1119.3459,本院,25.9656,True
埼玉県ときがわ町,36.0162,139.3142,60.1273,448.1857,448.1857,238.7888,52468.9283,24654.7985,382.6089,853.7547,2.2314,4.6926,1.9033,1936.1,1.0,1.2463,1.6719,1.7945,35,14.196,13,5.2728,1427.4312,本院,25.1913,True
埼玉県東松山市,36.0162,139.3805,65.6658,448.1857,448.1857,285.9248,83634.8503,38823.0873,606.1643,1323.3175,2.1831,12.243,3.1535,2685.1,1.0,1.2613,1.708,1.7842,60,15.4547,29,7.4698,2260.2585,本院,23.7362,True
埼玉県東松山市,36.0162,139.4027,65.1459,448.1857,448.1857,278.9942,86295.8021,40038.4544,613.3608,1354.3116,2.208,13.243,3.3076,2909.2,1.0,1.2618,1.7077,1.781,57,14.2363,29,7.243,2312.723,本院,23.5703,True
埼玉県東松山市,36.0162,139.4248,60.2016,448.1857,448.1857,222.3936,81747.8259,38020.1446,594.5414,1308.5589,2.201,15.243,4.0092,2776.8,1.0,1.2665,1.7033,1.7945,56,14.729,29,7.6275,2228.8425,本院,23.5722,True
埼玉県吉見町,36.0162,139.4469,61.2255,448.1857,448.1857,246.7926,87960.4383,41884.5369,630.3361,1408.9447,2.2352,16.293,3.89,3207.8,1.0,1.2525,1.6831,1.7413,62,14.8026,31,7.4013,2371.3498,浦和,23.1468,True
埼玉県吉見町,36.0162,139.469,60.8966,448.1857,448.1857,253.9667,96255.2695,46574.2208,629.9175,1498.8569,2.3794,18.729,4.0213,4254.1,1.0,1.2525,1.66,1.7517,72,15.4592,32,6.8708,2488.1081,浦和,21.6755,True
埼玉県北本市,36.0162,139.4912,59.9788,448.1857,448.1857,255.8698,100933.2568,49406.6986,659.7715,1579.3278,2.3937,20.779,4.2057,4557.4,1.0,1.2371,1.6377,1.6909,78,15.7873,30,6.0721,2586.4586,浦和,20.2931,True
埼玉県北本市,36.0162,139.5133,66.0477,448.1857,448.1857,340.1091,114805.9022,57502.9938,811.1979,1860.1334,2.2931,21.429,3.7266,4675.0,1.0,1.2371,1.6377,1.6909,82,14.2601,33,5.7388,3046.3326,浦和,19.0192,True
埼玉県北本市,36.0162,139.5354,68.6525,448.1857,448.1857,395.7104,130936.3023,66690.062,949.1475,2160.9515,2.2767,24.815,3.7209,5289.5,1.0,1.2278,1.6167,1.632,102,15.2946,40,5.9979,3493.6554,浦和,17.8767,True
埼玉県桶川市,36.0162,139.5575,73.5438,448.1857,448.1857,459.9923,142793.036,73332.7413,1009.6449,2348.8898,2.3265,25.515,3.4793,6201.5,1.0,1.2297,1.6295,1.6354,115,15.6819,43,5.8637,3827.5447,浦和,16.8926,True
埼玉県桶川市,36.0162,139.5796,73.9098,448.1857,448.1857,479.7277,164096.208,84145.3859,1144.286,2673.9821,2.3368,31.958,3.798,7159.3,1.0,1.223,1.6176,1.6093,128,15.2118,49,5.8233,4325.3862,浦和,16.0958,True
埼玉県伊奈町,36.0162,139.6018,67.8939,448.1857,445.0368,519.8503,177040.9319,90809.7726,1253.6541,2903.3956,2.3159,34.315,3.7788,7549.1,0.993,1.2294,1.6205,1.6195,134,14.7561,55,6.0566,4704.8502,浦和,15.5152,True
埼玉県伊奈町,36.0162,139.6239,64.0902,448.1857,440.724,450.4795,177887.3699,90501.2689,1268.9506,2910.0254,2.2933,39.1716,4.3283,7312.4,0.9834,1.2318,1.6224,1.6232,134,14.8064,61,6.7402,4721.1891,浦和,15.1756,True
埼玉県伊奈町,36.0162,139.646,68.6101,448.1857,441.9406,526.0383,178982.1571,90579.3874,1297.4183,2945.0204,2.2699,34.0716,3.7615,7128.1,0.9861,1.235,1.6333,1.6342,139,15.3457,55,6.072,4809.9568,浦和,15.0934,True
埼玉県白岡市,36.0162,139.6681,70.5676,448.1857,442.0513,535.1393,174905.1633,88150.3331,1191.3043,2788.6542,2.3408,30.8711,3.5021,7508.2,0.9863,1.2408,1.664,1.6675,146,16.5626,60,6.8066,4640.3621,浦和,15.2727,True
埼玉県白岡市,36.0162,139.6903,70.3342,448.1857,447.2579,496.0459,172079.4303,86114.0436,1141.6425,2699.3412,2.3644,31.8636,3.7002,7497.6,0.9979,1.2554,1.6926,1.6859,153,17.7671,63,7.3159,4569.0117,浦和,15.7045,True
埼玉県宮代町,36.0162,139.7124,77.2573,448.1857,448.1857,487.0128,169192.9564,84749.3698,1121.8024,2652.9225,2.3649,31.4562,3.7117,7371.9,1.0,1.2541,1.6843,1.6788,145,17.1093,60,7.0797,4468.449,浦和,16.3689,True
埼玉県杉戸町,36.0162,139.7345,77.0875,448.1857,448.1857,480.0972,159624.2683,80117.3918,1043.3623,2474.1846,2.3714,28.133,3.5115,6934.8,1.0,1.2541,1.6843,1.6788,138,17.2247,52,6.4905,4167.3918,浦和,17.239,True
埼玉県杉戸町,36.0162,139.7566,79.8568,448.1857,448.1857,514.664,142823.5261,70797.0682,948.9801,2200.5304,2.3188,20.6255,2.9133,5777.9,1.0,1.2659,1.7127,1.6994,124,17.5148,45,6.3562,3768.8326,浦和,18.2854,True
埼玉県杉戸町,36.0162,139.7788,78.0371,448.1857,448.1857,469.2005,125004.7205,61462.3869,837.4055,1921.746,2.2949,17.1527,2.7908,4845.5,1.0,1.271,1.7198,1.689,102,16.5955,34,5.5318,3304.9931,浦和,19.4798,True
埼玉県杉戸町,36.0162,139.8009,74.5146,448.1857,448.1857,413.736,106217.7222,51567.148,709.8901,1637.9342,2.3073,13.9102,2.6975,3955.8,1.0,1.271,1.7198,1.689,92,17.8408,28,5.4298,2816.8973,浦和,20.7967,True
茨城県坂東市,36.0162,139.823,72.9867,448.1857,448.1857,392.1807,88169.2182,42528.4777,612.2578,1402.1852,2.2902,9.5602,2.2479,2917.4,1.0,1.2711,1.7109,1.7097,78,18.3407,24,5.6433,2399.0268,浦和,22.2142,True
茨城県坂東市,36.0162,139.8451,64.5676,448.1857,448.1857,296.8699,67632.479,32561.873,421.374,1061.4153,2.5189,5.375,1.6507,2731.6,1.0,1.2552,1.6676,1.7247,53,16.2767,19,5.835,1769.9935,浦和,23.7145,True
茨城県坂東市,36.0162,139.8673,62.5942,448.1857,448.1857,269.9553,58973.2869,28168.2165,393.7117,965.1859,2.4515,4.025,1.4289,2019.8,1.0,1.2552,1.6676,1.7247,51,18.1055,20,7.1002,1609.5235,浦和,25.2826,True
埼玉県嵐山町,36.0342,139.3142,57.1353,448.1857,448.1857,219.46,46685.5463,21911.553,357.1508,784.6474,2.197,4.3425,1.9819,1664.1,1.0,1.2497,1.6444,1.7684,34,15.5169,8,3.651,1290.2447,本院,27.0741,True
埼玉県嵐山町,36.0342,139.3363,57.183,448.1857,448.1857,220.7894,56283.9364,26482.2668,397.0332,909.8096,2.2915,7.4355,2.8077,2293.5,1.0,1.2518,1.6432,1.7706,46,17.3701,17,6.4194,1494.9565,本院,26.4829,True
埼玉県滑川町,36.0342,139.3584,61.252,448.1857,448.1857,256.527,61954.7641,28964.4461,476.6006,1025.9455,2.1526,7.893,2.7251,1941.1,1.0,1.2579,1.6615,1.7731,42,14.5005,20,6.905,1704.6459,本院,26.0311,False
埼玉県東松山市,36.0342,139.3805,62.4721,448.1857,448.1857,264.2224,66664.7213,30928.4271,490.0845,1071.1162,2.1856,8.543,2.7622,2194.6,1.0,1.2618,1.6727,1.788,43,13.9031,24,7.7599,1791.7072,本院,25.7261,True
埼玉県東松山市,36.0342,139.4027,62.5782,448.1857,448.1857,283.6057,66105.7253,30646.5583,490.2139,1065.1968,2.1729,7.843,2.5592,2116.2,1.0,1.2601,1.6457,1.7773,42,13.7046,22,7.1786,1753.0272,本院,25.5731,False
埼玉県東松山市,36.0342,139.4248,64.4456,448.1857,448.1857,306.1887,69139.9939,31979.3426,494.3121,1094.7331,2.2147,6.843,2.1398,2391.6,1.0,1.2697,1.654,1.8118,47,14.697,25,7.8175,1810.6685,本院,25.5749,True
埼玉県吉見町,36.0342,139.4469,64.6313,448.1857,448.1857,302.2995,83550.4114,39494.7983,554.3779,1307.1204,2.3578,11.636,2.9462,3616.6,1.0,1.2525,1.66,1.7517,63,15.9515,23,5.8236,2169.8247,浦和,24.4992,True
埼玉県吉見町,36.0342,139.469,59.3263,448.1857,448.1857,234.573,93262.3681,44831.2405,580.8958,1437.6854,2.4749,18.722,4.1761,4532.4,1.0,1.2525,1.66,1.7517,71,15.8372,28,6.2456,2386.5631,浦和,23.1145,True
埼玉県吉見町,36.0342,139.4912,58.5146,448.1857,448.1857,238.6703,96305.0411,46607.9556,607.3558,1485.9471,2.4466,19.772,4.2422,4550.3,1.0,1.2371,1.6377,1.6909,75,16.0917,30,6.4367,2433.5294,浦和,21.8237,True
埼玉県北本市,36.0342,139.5133,62.3979,448.1857,448.1857,285.8203,101118.0105,49503.9134,668.5239,1587.0203,2.3739,18.729,3.7833,4470.1,1.0,1.2371,1.6377,1.6909,69,13.9383,25,5.0501,2599.0565,浦和,20.6447,True
埼玉県北本市,36.0342,139.5354,66.9814,448.1857,448.1857,353.3526,115779.6774,57615.8277,809.975,1865.7749,2.3035,20.729,3.5978,4766.9,1.0,1.2371,1.6377,1.6909,83,14.4058,34,5.9012,3055.5718,浦和,19.5975,True
埼玉県北本市,36.0342,139.5575,67.6552,448.1857,448.1857,371.5628,127999.0888,64787.1704,908.2869,2088.6802,2.2996,24.815,3.8302,5301.8,1.0,1.226,1.6228,1.6204,102,15.7439,41,6.3284,3389.4524,浦和,18.7044,True
埼玉県桶川市,36.0342,139.5796,72.4085,448.1857,448.1857,447.8849,144280.077,73189.9776,1048.8905,2381.3367,2.2703,26.515,3.6228,5768.7,1.0,1.226,1.6228,1.6204,109,14.8927,43,5.8751,3864.3672,浦和,17.9882,True
埼玉県伊奈町,36.0342,139.6018,69.7082,448.1857,448.1857,399.0157,158148.6746,80289.8831,1183.183,2643.9802,2.2346,36.2506,4.515,6010.9,1.0,1.2338,1.6313,1.6441,117,14.5722,51,6.352,4313.0155,浦和,17.4707,True
埼玉県伊奈町,36.0342,139.6239,70.7639,448.1857,448.1857,423.4899,153512.3593,76481.1014,1105.7267,2500.08,2.261,30.7646,4.0225,5959.6,1.0,1.2318,1.6224,1.6232,114,14.9056,46,6.0146,4056.0988,浦和,17.1699,True
埼玉県白岡市,36.0342,139.646,74.9019,448.1857,448.1857,483.1283,147151.8445,73091.904,1004.8872,2344.1114,2.3327,24.1641,3.306,6247.5,1.0,1.235,1.6333,1.6342,107,14.6391,40,5.4726,3828.5217,浦和,17.0973,True
埼玉県白岡市,36.0342,139.6681,80.1698,448.1857,448.1857,547.6423,143751.6027,71166.2445,965.8468,2271.632,2.352,20.1141,2.8264,6214.6,1.0,1.2519,1.685,1.7093,105,14.7542,41,5.7612,3827.6645,浦和,17.2558,True
埼玉県白岡市,36.0342,139.6903,78.8117,448.1857,448.1857,519.9425,145630.7033,71897.0095,920.7641,2240.9464,2.4338,21.1141,2.9367,6746.8,1.0,1.2519,1.685,1.7093,115,15.9951,44,6.1199,3775.9597,浦和,17.639,True
埼玉県宮代町,36.0342,139.7124,76.313,448.1857,448.1857,459.8408,142415.4687,69543.5033,962.479,2233.9986,2.3211,23.0207,3.3103,5788.0,1.0,1.2619,1.694,1.6986,110,15.8174,43,6.1832,3784.4825,浦和,18.2329,True
埼玉県杉戸町,36.0342,139.7345,75.0822,448.1857,448.1857,440.5134,137223.6113,66866.167,886.8839,2101.2891,2.3693,21.733,3.2502,5802.3,1.0,1.2619,1.694,1.6986,103,15.4039,43,6.4308,3559.6673,浦和,19.0177,True
埼玉県杉戸町,36.0342,139.7566,76.5676,448.1857,448.1857,448.6761,122794.8639,59481.7188,822.054,1885.6181,2.2938,17.033,2.8636,4644.1,1.0,1.2659,1.7127,1.6994,93,15.6351,35,5.8842,3229.4845,浦和,19.9709,True
埼玉県杉戸町,36.0342,139.7788,77.496,448.1857,448.1857,454.4377,106937.0058,51530.4568,699.6196,1624.7759,2.3224,11.4527,2.2225,4036.2,1.0,1.2704,1.7265,1.7044,88,17.0773,33,6.404,2805.249,浦和,21.0697,True
埼玉県杉戸町,36.0342,139.8009,72.3289,448.1857,448.1857,377.3747,86996.5873,41801.5051,582.2247,1349.2485,2.3174,9.8601,2.3588,3022.9,1.0,1.271,1.7198,1.689,67,16.0281,23,5.5022,2320.4195,浦和,22.2926,True
茨城県坂東市,36.0342,139.823,62.3554,448.1857,448.1857,283.335,65132.6891,30477.9444,425.3521,1013.023,2.3816,4.325,1.4191,2088.9,1.0,1.2403,1.6418,1.7364,42,13.7805,13,4.2654,1663.1976,浦和,23.6203,True
茨城県坂東市,36.0342,139.8451,51.1512,448.1857,448.1857,221.6007,50911.3317,23623.7375,306.6799,792.3012,2.5835,2.9751,1.2593,1810.1,1.0,1.2177,1.5297,1.7046,35,14.8156,10,4.233,1211.9839,浦和,25.0361,True
埼玉県小川町,36.0523,139.2699,48.069,448.1857,448.1857,143.4317,30340.7823,14051.1174,230.209,512.8192,2.2276,2.2926,1.6316,1162.5,1.0,1.2282,1.6059,1.7557,28,19.9272,3,2.1351,823.5605,本院,30.4396,True
埼玉県嵐山町,36.0523,139.292,50.4509,448.1857,448.1857,150.3555,32550.2969,15011.6089,239.6254,537.5744,2.2434,2.6426,1.7603,1252.5,1.0,1.2438,1.6294,1.7877,32,21.3168,5,3.3308,875.907,本院,29.6487,True
埼玉県嵐山町,36.0523,139.3142,53.5862,448.1857,448.1857,189.045,42267.8812,20093.997,278.6351,675.903,2.4258,2.9926,1.4893,2028.0,1.0,1.2492,1.6176,1.7597,40,19.9064,11,5.4743,1093.3192,本院,28.9733,True
埼玉県嵐山町,36.0523,139.3363,56.4828,448.1857,448.1857,210.7023,54453.9145,25567.542,397.5401,899.3068,2.2622,7.4355,2.9082,2164.1,1.0,1.2518,1.6432,1.7706,46,17.9916,19,7.4313,1477.6988,本院,28.4217,True
埼玉県滑川町,36.0523,139.3584,59.321,448.1857,448.1857,249.3462,56338.1549,26115.8688,382.2573,891.5013,2.3322,6.193,2.3714,2387.4,1.0,1.2556,1.6321,1.7598,46,17.6138,18,6.8924,1455.0607,本院,28.0013,True
埼玉県東松山市,36.0523,139.3805,59.7135,448.1857,448.1857,247.9694,55943.297,26018.9058,379.1395,886.5787,2.3384,6.193,2.3802,2394.3,1.0,1.2601,1.6457,1.7773,43,16.5264,16,6.1494,1459.07,本院,27.7181,True
埼玉県東松山市,36.0523,139.4027,61.3687,448.1857,448.1857,266.7072,60423.946,28025.0668,417.4087,953.5727,2.2845,5.493,1.96,2374.2,1.0,1.2601,1.6457,1.7773,40,14.2729,16,5.7092,1569.324,本院,27.5762,True
埼玉県東松山市,36.0523,139.4248,62.7745,448.1857,448.1857,297.3551,66866.6108,30497.0967,482.8694,1063.1499,2.2017,6.493,2.1291,2262.8,1.0,1.2599,1.6278,1.7769,51,16.7229,21,6.8859,1730.6015,浦和,27.3227,True
埼玉県吉見町,36.0523,139.4469,65.4642,448.1857,448.1857,316.2334,80090.5446,37925.7111,544.3212,1263.999,2.3222,10.329,2.7235,3330.7,1.0,1.2603,1.6619,1.7851,65,17.1388,26,6.8555,2100.6643,浦和,25.9361,True
埼玉県吉見町,36.0523,139.469,61.9363,448.1857,448.1857,263.6313,90022.6314,43242.9258,608.0125,1433.5507,2.3578,16.022,3.7051,3964.8,1.0,1.2525,1.66,1.7517,64,14.8001,25,5.7813,2379.6995,浦和,24.6326,True
埼玉県鴻巣市,36.0523,139.4912,62.5252,448.1857,448.1857,261.9792,92775.1367,44753.95,641.2809,1492.4494,2.3273,17.372,3.8817,3960.3,1.0,1.2518,1.68,1.759,63,14.077,26,5.8095,2507.2536,浦和,23.426,True
埼玉県鴻巣市,36.0523,139.5133,60.2175,448.1857,448.1857,261.9343,94045.977,45890.4683,616.7148,1480.9556,2.4014,17.679,3.8524,4313.8,1.0,1.2306,1.6258,1.6675,68,14.8179,24,5.2298,2407.7738,浦和,22.3319,True
埼玉県鴻巣市,36.0523,139.5354,62.5093,448.1857,448.1857,294.4644,101826.151,50012.9552,672.5452,1609.0909,2.3925,18.6216,3.7233,4636.9,1.0,1.2306,1.6258,1.6675,74,14.7962,27,5.3986,2616.0993,浦和,21.3678,True
埼玉県鴻巣市,36.0523,139.5575,63.1353,448.1857,448.1857,313.7752,108220.5492,53291.4603,742.8636,1725.7867,2.3232,19.9716,3.7476,4541.1,1.0,1.2269,1.6178,1.6485,77,14.4488,28,5.2541,2792.022,浦和,20.5519,True
埼玉県北本市,36.0523,139.5796,67.1618,448.1857,448.1857,339.1411,120681.7016,60179.5408,816.0924,1932.428,2.3679,23.3646,3.8825,5398.8,1.0,1.2486,1.6629,1.7062,94,15.6199,36,5.9821,3213.4068,浦和,19.9025,True
埼玉県久喜市,36.0523,139.6018,69.8143,448.1857,448.1857,378.4377,139334.206,69043.1994,980.2443,2252.9731,2.2984,28.0071,4.0565,5714.3,1.0,1.2468,1.6577,1.7017,93,13.4698,43,6.228,3734.8105,浦和,19.4361,True
埼玉県久喜市,36.0523,139.6239,75.3422,448.1857,448.1857,455.6356,129842.1399,62784.9166,911.2346,2073.0559,2.275,19.4641,3.1001,5065.5,1.0,1.2534,1.6744,1.7077,91,14.4939,38,6.0524,3471.0451,浦和,19.1663,True
埼玉県久喜市,36.0523,139.646,76.0849,448.1857,448.1857,468.3345,125484.3071,60670.4258,852.0923,1973.6454,2.3162,17.4211,2.8714,5142.6,1.0,1.2505,1.6766,1.7025,89,14.6694,34,5.604,3308.9598,浦和,19.1013,True
埼玉県久喜市,36.0523,139.6681,76.5411,448.1857,448.1857,469.4468,126011.7818,61099.2508,835.0304,1964.4478,2.3525,17.4211,2.8513,5354.3,1.0,1.2519,1.685,1.7093,90,14.7301,37,6.0557,3310.0639,浦和,19.2432,True
埼玉県久喜市,36.0523,139.6903,76.1698,448.1857,448.1857,472.9964,120350.4822,58331.4107,767.8339,1853.0045,2.4133,15.5706,2.6693,5366.6,1.0,1.249,1.6684,1.6979,82,14.0576,33,5.6573,3091.5561,浦和,19.5875,True
埼玉県幸手市,36.0523,139.7124,74.366,448.1857,448.1857,444.1409,115346.4499,55564.391,754.2272,1785.5492,2.3674,15.2206,2.7393,4840.4,1.0,1.2496,1.6702,1.7055,77,13.8578,34,6.119,2982.1871,浦和,20.1239,True
埼玉県杉戸町,36.0523,139.7345,71.2149,448.1857,448.1857,381.0791,108476.2779,51938.4719,690.3199,1657.2587,2.4007,15.3904,2.9632,4644.4,1.0,1.2595,1.6888,1.742,76,14.6327,33,6.3537,2798.718,浦和,20.8374,True
埼玉県杉戸町,36.0523,139.7566,71.8355,448.1857,448.1857,390.5677,95034.0457,45344.8769,591.0159,1447.1263,2.4485,11.4478,2.5246,4034.5,1.0,1.249,1.6911,1.7346,69,15.2167,27,5.9544,2447.1972,浦和,21.7107,True
埼玉県杉戸町,36.0523,139.7788,68.9284,448.1857,448.1857,346.8781,80412.8002,38205.2135,511.3038,1240.2124,2.4256,5.6978,1.4914,3087.6,1.0,1.249,1.6911,1.7346,58,15.1812,19,4.9731,2097.2905,浦和,22.7253,True
茨城県境町,36.0523,139.8009,62.6313,448.1857,448.1857,279.4707,64947.1545,30757.6823,391.7413,999.207,2.5507,4.8676,1.5826,2549.9,1.0,1.2407,1.6518,1.714,46,14.9556,16,5.202,1650.4518,浦和,23.8633,True
茨城県坂東市,36.0523,139.823,50.1963,448.1857,448.1857,202.9991,47445.0566,21887.0731,254.5757,725.7938,2.851,3.625,1.6563,1953.8,1.0,1.2242,1.5388,1.7166,31,14.1636,9,4.112,1116.823,浦和,25.1077,True
埼玉県小川町,36.0703,139.2478,46.6048,448.1857,448.1857,152.5687,32369.3677,15213.209,238.3493,545.4871,2.2886,1.9426,1.2769,1374.0,1.0,1.2074,1.5591,1.6896,32,21.0344,7,4.6013,850.4941,本院,33.1132,True
埼玉県小川町,36.0703,139.2699,50.0849,448.1857,448.1857,164.1244,34602.296,16006.9687,268.898,586.8028,2.1823,2.2926,1.4322,1206.8,1.0,1.2282,1.6059,1.7557,33,20.616,6,3.7484,942.3742,本院,32.265,True
埼玉県嵐山町,36.0703,139.292,52.1273,448.1857,448.1857,167.5636,36091.9783,16660.2911,267.7628,599.0995,2.2374,2.6426,1.5861,1381.0,1.0,1.2438,1.6294,1.7877,33,19.8076,7,4.2016,976.1541,本院,31.52,True
埼玉県嵐山町,36.0703,139.3142,52.9337,448.1857,448.1857,176.6068,40446.7587,18808.571,258.4363,631.432,2.4433,3.6426,1.9366,1932.8,1.0,1.2438,1.6294,1.7877,37,19.6719,9,4.7851,1028.8358,本院,30.8857,True
埼玉県嵐山町,36.0703,139.3363,52.7374,448.1857,448.1857,180.1732,48349.0741,22590.5054,345.4137,788.4092,2.2825,6.7355,2.9816,1962.1,1.0,1.2492,1.6176,1.7597,41,18.1492,16,7.0826,1275.3055,本院,30.3691,True
埼玉県滑川町,36.0703,139.3584,54.6419,448.1857,448.1857,192.7769,50211.095,23234.0483,344.3177,795.8965,2.3115,6.536,2.8131,2069.1,1.0,1.2562,1.6303,1.7497,44,18.9377,17,7.3168,1297.534,本院,29.9761,True
埼玉県滑川町,36.0703,139.3805,53.0928,448.1857,448.1857,170.098,60621.2621,28157.9018,432.4207,969.5534,2.2422,10.936,3.8838,2242.5,1.0,1.2601,1.6457,1.7773,44,15.6262,18,6.3925,1595.6239,本院,29.7117,True
埼玉県東松山市,36.0703,139.4027,59.0557,448.1857,448.1857,240.1692,69619.875,32049.5787,477.3425,1092.7502,2.2892,9.936,3.1002,2742.1,1.0,1.2601,1.6457,1.7773,56,17.4729,23,7.1764,1798.3727,本院,29.5794,True
埼玉県東松山市,36.0703,139.4248,60.2493,448.1857,448.1857,261.3504,72884.5913,33727.4021,519.9311,1164.0856,2.2389,10.236,3.0349,2676.3,1.0,1.2599,1.6278,1.7769,61,18.0862,25,7.4124,1894.9052,浦和,28.7579,True
埼玉県吉見町,36.0703,139.4469,61.9629,448.1857,448.1857,278.9531,81291.1729,38220.7781,590.9509,1319.8584,2.2334,12.322,3.2239,3004.7,1.0,1.2587,1.6408,1.7477,62,16.2215,28,7.3259,2165.6606,浦和,27.4443,True
埼玉県吉見町,36.0703,139.469,60.626,448.1857,448.1857,262.3583,88727.2834,42428.8996,643.2218,1453.9991,2.2605,16.022,3.7762,3479.9,1.0,1.2488,1.6349,1.7133,68,16.0268,26,6.1279,2377.1079,浦和,26.2161,True
埼玉県鴻巣市,36.0703,139.4912,61.8833,448.1857,448.1857,259.5883,85902.9316,40836.4377,583.469,1364.1383,2.338,14.622,3.5806,3676.1,1.0,1.2444,1.6679,1.7336,54,13.2235,25,6.122,2275.2471,浦和,25.0861,True
埼玉県鴻巣市,36.0703,139.5133,62.2016,448.1857,448.1857,262.3988,86527.1892,41494.317,527.5367,1315.2401,2.4932,14.1715,3.4153,4220.0,1.0,1.2444,1.6679,1.7336,55,13.2548,19,4.5789,2193.6896,浦和,24.0679,True
埼玉県鴻巣市,36.0703,139.5354,64.4509,448.1857,448.1857,332.8498,91454.2167,44481.2594,601.5032,1446.5136,2.4048,13.1715,2.9611,4231.8,1.0,1.2269,1.6178,1.6485,67,15.0625,24,5.3955,2340.2068,浦和,23.1763,True
埼玉県鴻巣市,36.0703,139.5575,64.7109,448.1857,448.1857,325.6721,100339.4165,48814.2155,691.8089,1612.0804,2.3302,16.4641,3.3728,4292.3,1.0,1.2368,1.6313,1.7111,74,15.1595,27,5.5312,2629.7304,浦和,22.4265,True
埼玉県鴻巣市,36.0703,139.5796,67.1936,448.1857,448.1857,347.0479,109348.455,53223.1019,738.8236,1738.2713,2.3528,18.1641,3.4128,4769.7,1.0,1.2489,1.6488,1.7305,78,14.6553,33,6.2003,2866.1338,浦和,21.833,True
埼玉県久喜市,36.0703,139.6018,64.1645,448.1857,448.1857,279.6526,111002.0681,53200.5673,748.7683,1758.9166,2.3491,22.7997,4.2856,4808.1,1.0,1.2687,1.6869,1.8111,71,13.3457,36,6.7668,2967.1386,浦和,21.4088,True
埼玉県久喜市,36.0703,139.6239,67.2785,448.1857,448.1857,324.6124,104621.7031,49121.5105,718.8651,1650.081,2.2954,17.0137,3.4636,4175.8,1.0,1.2672,1.6918,1.7957,75,15.2683,32,6.5145,2791.6489,浦和,21.1642,True
埼玉県久喜市,36.0703,139.646,69.9416,448.1857,448.1857,365.0543,110905.5211,52018.2952,776.6222,1747.8905,2.2506,16.9706,3.2624,4084.8,1.0,1.2654,1.6851,1.7922,73,14.0335,39,7.4974,2945.3135,浦和,21.1054,True
埼玉県久喜市,36.0703,139.6681,75.1512,448.1857,448.1857,446.0726,112855.0159,53487.4472,747.8875,1746.6741,2.3355,14.2706,2.668,4583.8,1.0,1.259,1.6871,1.7337,74,13.835,33,6.1697,2946.7326,浦和,21.2339,True
埼玉県久喜市,36.0703,139.6903,75.0557,448.1857,448.1857,442.6416,110808.233,52599.9995,736.7567,1719.2554,2.3335,13.9206,2.6465,4405.6,1.0,1.2595,1.6888,1.742,75,14.2586,34,6.4639,2903.4158,浦和,21.5463,True
埼玉県幸手市,36.0703,139.7124,70.5782,448.1857,448.1857,371.2677,104322.2303,49715.9513,669.7687,1596.9257,2.3843,14.5706,2.9308,4344.3,1.0,1.2595,1.6888,1.742,70,14.08,32,6.4366,2696.8299,浦和,22.0349,True
埼玉県幸手市,36.0703,139.7345,68.2865,448.1857,448.1857,344.9511,96476.0371,46007.332,595.4632,1473.4603,2.4745,13.3904,2.9105,4154.8,1.0,1.2582,1.6808,1.742,70,15.215,29,6.3033,2476.6098,浦和,22.6883,True
埼玉県幸手市,36.0703,139.7566,69.8408,448.1857,448.1857,360.7273,84513.6305,39699.7171,518.9575,1289.7281,2.4852,8.2904,2.0883,3431.1,1.0,1.249,1.6911,1.7346,64,16.121,24,6.0454,2181.0252,浦和,23.4927,True
茨城県境町,36.0703,139.7788,64.4934,448.1857,448.1857,281.8997,66902.1081,31461.9993,379.6694,1007.8915,2.6547,3.6548,1.1617,2852.7,1.0,1.249,1.6911,1.7346,51,16.21,18,5.7212,1704.4187,浦和,24.4332,True
茨城県境町,36.0703,139.8009,61.5862,448.1857,448.1857,226.5226,50253.4547,23432.8282,315.072,809.8985,2.5705,2.1053,0.8984,1691.8,1.0,1.262,1.7286,1.7973,34,14.5096,11,4.6943,1399.9865,浦和,25.4948,True
埼玉県小川町,36.0883,139.2699,49.0663,448.1857,448.1857,177.3891,38803.4109,18293.0102,268.4861,634.229,2.3622,2.9426,1.6086,1768.6,1.0,1.2074,1.5591,1.6896,38,20.773,9,4.9199,988.8558,本院,34.1105,True
埼玉県嵐山町,36.0883,139.292,52.8435,448.1857,448.1857,176.9593,38989.0378,18169.083,272.236,632.6924,2.3241,4.2926,2.3626,1676.9,1.0,1.2425,1.6256,1.7763,35,19.2635,8,4.4031,1028.5058,本院,33.4068,True
埼玉県嵐山町,36.0883,139.3142,52.2918,448.1857,448.1857,170.4119,41497.3666,19485.6826,294.335,679.3032,2.3079,5.2926,2.7161,1758.7,1.0,1.2425,1.6256,1.7763,40,20.5279,11,5.6452,1104.2765,本院,32.8092,True
埼玉県滑川町,36.0883,139.3363,49.3156,448.1857,448.1857,149.2678,51667.9472,24489.8044,392.5935,870.8747,2.2183,9.7356,3.9753,1933.1,1.0,1.2491,1.6148,1.7519,42,17.15,17,6.9417,1406.2585,本院,32.3234,True
埼玉県滑川町,36.0883,139.3584,49.0345,448.1857,448.1857,176.3912,62693.327,30223.2604,482.9156,1073.1261,2.2222,12.5285,4.1453,2402.4,1.0,1.2234,1.5628,1.6615,55,18.1979,22,7.2792,1677.0547,本院,31.9545,True
埼玉県滑川町,36.0883,139.3805,53.0451,448.1857,448.1857,222.9013,75684.3962,36347.9778,582.9005,1284.4519,2.2036,14.2716,3.9264,2763.0,1.0,1.2234,1.5628,1.6615,62,17.0573,30,8.2536,2007.3094,本院,31.7067,True
埼玉県滑川町,36.0883,139.4027,53.8568,448.1857,448.1857,231.6245,81469.5032,38416.1092,607.5348,1351.3526,2.2243,15.2716,3.9753,3030.5,1.0,1.2309,1.5661,1.6657,69,17.9612,33,8.5901,2116.298,浦和,31.5798,True
埼玉県東松山市,36.0883,139.4248,54.4509,448.1857,448.1857,239.4087,84803.6908,39988.8007,660.1728,1429.7,2.1656,16.2716,4.069,2812.6,1.0,1.2309,1.5661,1.6657,66,16.5046,30,7.5021,2238.9947,浦和,30.2579,False
埼玉県吉見町,36.0883,139.4469,58.122,448.1857,448.1857,230.8841,86271.4391,40703.4015,653.2686,1437.2523,2.2001,17.2646,4.2415,3063.5,1.0,1.2587,1.6425,1.7444,69,16.9519,29,7.1247,2360.6361,浦和,29.0126,True
埼玉県鴻巣市,36.0883,139.469,63.252,448.1857,448.1857,283.6886,85701.749,40259.7856,645.7389,1417.6172,2.1953,13.708,3.4049,2986.4,1.0,1.2604,1.6568,1.7493,55,13.6613,26,6.4581,2348.6783,浦和,27.854,True
埼玉県鴻巣市,36.0883,139.4912,61.2149,448.1857,448.1857,266.2897,85450.4987,40409.8551,637.5918,1414.1267,2.2179,14.622,3.6184,3127.3,1.0,1.2471,1.6433,1.7079,57,14.1055,21,5.1968,2323.8145,浦和,26.7933,True
埼玉県鴻巣市,36.0883,139.5133,58.2653,448.1857,448.1857,232.4703,84308.3466,40233.3101,572.3388,1345.3147,2.3506,15.8646,3.9431,3687.7,1.0,1.2471,1.6433,1.7079,59,14.6645,25,6.2138,2210.7367,浦和,25.8427,True
埼玉県鴻巣市,36.0883,139.5575,62.9708,448.1857,448.1857,278.134,85987.8792,40893.8836,581.6126,1378.9,2.3708,13.8141,3.378,3881.7,1.0,1.2483,1.6625,1.7699,60,14.6721,26,6.3579,2292.3532,浦和,24.3217,True
埼玉県加須市,36.0883,139.5796,64.4987,448.1857,448.1857,287.0231,82811.0727,39252.3449,571.9133,1337.6007,2.3388,12.4641,3.1754,3613.3,1.0,1.2617,1.6824,1.8323,56,14.2667,26,6.6238,2250.4115,浦和,23.7757,True
埼玉県加須市,36.0883,139.6018,62.3395,448.1857,448.1857,257.2302,78280.4673,35916.6878,516.3569,1219.9641,2.3626,11.6066,3.2315,3403.8,1.0,1.2687,1.6869,1.8111,48,13.3643,23,6.4037,2057.9728,浦和,23.3869,True
埼玉県久喜市,36.0883,139.6239,62.2387,448.1857,448.1857,258.4134,85463.4793,38769.8697,584.9943,1331.71,2.2764,13.6136,3.5114,3273.0,1.0,1.2723,1.6824,1.8191,58,14.9601,26,6.7062,2240.4368,浦和,23.1632,True
埼玉県久喜市,36.0883,139.646,69.5119,448.1857,448.1857,353.2369,103922.1273,48262.4066,752.251,1660.2044,2.207,15.4557,3.2024,3517.5,1.0,1.2713,1.6977,1.8154,69,14.2968,34,7.0448,2818.5484,浦和,23.1095,True
埼玉県久喜市,36.0883,139.6681,69.4536,448.1857,448.1857,357.9803,105847.3009,49202.3756,736.9038,1661.8289,2.2552,15.5632,3.1631,3718.2,1.0,1.2658,1.6867,1.7988,76,15.4464,35,7.1135,2803.0679,浦和,23.2269,True
埼玉県幸手市,36.0883,139.6903,70.6844,448.1857,448.1857,380.2765,101186.6951,47181.9864,675.9118,1569.7477,2.3224,13.2706,2.8127,3782.4,1.0,1.2588,1.6781,1.7378,65,13.7764,30,6.3584,2634.2442,浦和,23.5128,True
埼玉県幸手市,36.0883,139.7124,74.1061,448.1857,448.1857,425.7532,97973.1205,45990.6355,645.8588,1524.4772,2.3604,11.2206,2.4398,3621.1,1.0,1.2627,1.6922,1.7555,65,14.1333,28,6.0882,2579.7473,浦和,23.9613,True
埼玉県幸手市,36.0883,139.7345,73.1512,448.1857,448.1857,412.6633,95412.0392,44799.0787,610.5901,1475.4176,2.4164,10.3404,2.3082,3552.7,1.0,1.2627,1.6922,1.7555,66,14.7324,28,6.2501,2496.7278,浦和,24.5633,True
茨城県境町,36.0883,139.7788,62.9867,448.1857,448.1857,242.6858,57997.2674,26687.9505,313.0473,867.6877,2.7717,2.6548,0.9948,2417.4,1.0,1.262,1.7286,1.7973,41,15.3627,16,5.9952,1499.8807,浦和,26.1832,True
茨城県境町,36.0883,139.8009,57.5491,448.1857,448.1857,184.873,40921.1383,18681.2417,239.2743,660.9865,2.7625,1.4123,0.756,1381.4,1.0,1.2611,1.7115,1.8114,24,12.8471,8,4.2824,1131.3067,浦和,27.1763,True
埼玉県寄居町,36.1064,139.2257,43.8674,448.1857,448.1857,149.762,33060.5334,16014.8774,198.1981,535.4521,2.7016,1.9356,1.2086,2001.9,1.0,1.1936,1.5118,1.6683,37,23.1035,10,6.2442,809.5014,本院,37.5878,True
埼玉県寄居町,36.1064,139.2478,46.2016,448.1857,448.1857,174.0284,37165.1399,17915.2849,248.6099,622.2131,2.5028,2.9356,1.6386,2009.3,1.0,1.1936,1.5118,1.6683,44,24.56,11,6.14,940.6675,本院,36.7353,True
埼玉県小川町,36.1064,139.2699,51.0769,448.1857,448.1857,188.395,39800.28,19011.9048,287.987,673.5789,2.3389,3.9356,2.07,1823.0,1.0,1.2154,1.5773,1.7059,42,22.0914,15,7.8898,1062.4328,本院,35.973,True
埼玉県嵐山町,36.1064,139.292,51.8249,448.1857,448.1857,165.6337,44716.3664,21166.3883,303.6223,726.8095,2.3938,6.3286,2.9899,2105.2,1.0,1.2425,1.6256,1.7763,43,20.3152,15,7.0867,1181.5028,本院,35.3066,True
埼玉県嵐山町,36.1064,139.3142,48.4085,448.1857,448.1857,124.8857,52036.4858,25136.0826,357.9101,855.2121,2.3895,11.7286,4.666,2462.0,1.0,1.2425,1.6256,1.7763,49,19.4939,14,5.5697,1390.2344,本院,34.7418,True
埼玉県滑川町,36.1064,139.3363,46.0849,448.1857,448.1857,152.8891,59287.648,28765.0209,440.1951,1000.7,2.2733,12.8285,4.4598,2453.2,1.0,1.2119,1.5471,1.6359,58,20.1634,20,6.9529,1548.2049,本院,34.2835,True
埼玉県滑川町,36.1064,139.3584,50.6048,448.1857,448.1857,200.3208,70975.7074,34076.4753,540.326,1200.48,2.2218,13.9146,4.0833,2681.2,1.0,1.2119,1.5471,1.6359,63,18.4878,28,8.2168,1857.289,本院,33.936,True
埼玉県熊谷市,36.1064,139.3805,53.6446,448.1857,448.1857,227.5775,78718.1176,38059.0429,599.41,1340.198,2.2359,15.2716,4.0126,3077.8,1.0,1.2298,1.567,1.658,73,19.1807,31,8.1452,2100.0811,本院,33.7029,True
埼玉県熊谷市,36.1064,139.4027,54.8117,448.1857,448.1857,246.9054,86959.5163,41604.0062,698.443,1508.0681,2.1592,17.3146,4.1618,2931.1,1.0,1.2282,1.5577,1.6521,71,17.0657,33,7.9319,2349.1181,浦和,33.073,False
埼玉県行田市,36.1064,139.4248,56.9337,448.1857,448.1857,268.0642,88734.2348,42164.5725,704.0531,1522.2314,2.1621,16.3146,3.8693,2976.0,1.0,1.2309,1.5661,1.6657,65,15.4158,32,7.5893,2383.9043,浦和,31.8136,False
埼玉県行田市,36.1064,139.4469,53.6552,448.1857,448.1857,236.2794,83807.7145,39587.2413,656.863,1424.7118,2.169,16.2646,4.1085,2831.0,1.0,1.2227,1.5526,1.6394,64,16.1668,29,7.3256,2211.964,浦和,30.6318,False
埼玉県行田市,36.1064,139.469,61.8939,448.1857,448.1857,265.277,79568.1905,37296.0717,619.5199,1342.1747,2.1665,12.8575,3.4474,2647.5,1.0,1.2604,1.6568,1.7493,55,14.7469,21,5.6306,2223.6868,浦和,29.537,False
埼玉県行田市,36.1064,139.4912,64.6737,448.1857,448.1857,312.6665,78926.6126,36990.881,588.4375,1311.4698,2.2287,10.572,2.858,2968.8,1.0,1.258,1.6485,1.7305,56,15.1389,24,6.4881,2161.9742,浦和,28.5392,True
埼玉県鴻巣市,36.1064,139.5133,63.4218,448.1857,448.1857,292.1279,84470.8132,40004.9767,591.3308,1372.5376,2.3211,12.8071,3.2014,3618.4,1.0,1.258,1.6485,1.7305,64,15.998,31,7.749,2262.6453,浦和,27.6489,True
埼玉県鴻巣市,36.1064,139.5354,60.3554,448.1857,448.1857,251.3975,83576.9961,39359.0317,589.2484,1359.9142,2.3079,14.5071,3.6858,3518.3,1.0,1.2534,1.6514,1.7934,65,16.5146,26,6.6059,2245.7523,浦和,26.8767,True
埼玉県加須市,36.1064,139.5575,62.3714,448.1857,448.1857,276.2643,74852.3416,34543.9925,542.2198,1228.1986,2.2651,10.4641,3.0292,2973.7,1.0,1.2534,1.6514,1.7934,56,16.2112,25,7.2371,2028.2382,浦和,26.2332,True
埼玉県加須市,36.1064,139.5796,62.0531,448.1857,448.1857,273.6634,64263.0587,29624.5358,454.0347,1045.8391,2.3034,7.7141,2.604,2692.4,1.0,1.2534,1.6514,1.7934,48,16.2028,21,7.0887,1727.0911,浦和,25.7279,True
埼玉県加須市,36.1064,139.6018,64.5729,448.1857,448.1857,288.3697,64794.3397,29317.9542,461.9894,1047.5303,2.2674,7.2566,2.4752,2546.3,1.0,1.2723,1.6824,1.8191,43,14.6668,20,6.8218,1762.3397,浦和,25.3691,True
埼玉県加須市,36.1064,139.6239,64.2971,448.1857,448.1857,285.4638,78108.3657,35336.1147,524.5975,1211.7838,2.3099,10.2206,2.8924,3141.0,1.0,1.2723,1.6824,1.8191,56,15.8478,26,7.3579,2038.6759,浦和,25.1631,True
埼玉県加須市,36.1064,139.646,68.2812,448.1857,448.1857,336.3236,91858.8056,41965.6201,618.8721,1430.6256,2.3117,12.1632,2.8984,3578.5,1.0,1.2713,1.6977,1.8154,69,16.442,31,7.387,2428.7898,浦和,25.1137,True
埼玉県久喜市,36.1064,139.6681,69.0822,448.1857,448.1857,343.091,97726.0588,44759.7565,642.2139,1508.0894,2.3483,13.4058,2.995,3694.9,1.0,1.2715,1.6994,1.8226,69,15.4156,35,7.8195,2562.7725,浦和,25.2217,True
埼玉県幸手市,36.1064,139.6903,72.0106,448.1857,448.1857,373.723,92295.0335,42292.3035,582.3952,1409.8028,2.4207,10.8706,2.5704,3590.3,1.0,1.2757,1.7155,1.7968,61,14.4234,30,7.0935,2418.5501,浦和,25.4852,True
茨城県五霞町,36.1064,139.7124,72.3501,448.1857,448.1857,390.4189,90807.6393,41995.4002,559.9799,1395.8862,2.4927,9.1706,2.1837,3505.8,1.0,1.2722,1.7002,1.7914,61,14.5254,30,7.1436,2373.2414,浦和,25.8994,True
埼玉県寄居町,36.1244,139.2257,43.7241,448.1857,448.1857,160.4255,33735.1009,16266.4483,236.5268,573.5779,2.425,1.693,1.0408,1718.0,1.0,1.1763,1.49,1.6309,38,23.361,11,6.7624,854.6524,本院,39.3875,True
埼玉県寄居町,36.1244,139.2478,48.9496,448.1857,448.1857,190.7845,41885.926,19938.1868,287.9573,693.1184,2.407,4.9356,2.4754,2037.7,1.0,1.2029,1.5311,1.6871,54,27.0837,18,9.0279,1061.2501,本院,38.575,True
埼玉県寄居町,36.1244,139.2699,49.4589,448.1857,448.1857,197.4294,51476.9768,24387.4954,373.7252,857.9508,2.2957,7.2211,2.961,2181.6,1.0,1.2029,1.5311,1.6871,58,23.7827,23,9.4311,1313.6287,本院,37.85,True
埼玉県嵐山町,36.1244,139.292,61.7294,448.1857,448.1857,223.4486,58885.8353,28082.7511,418.5475,972.5721,2.3237,8.3286,2.9657,2575.0,1.0,1.2619,1.7596,1.7798,68,24.2142,26,9.2584,1711.313,本院,37.2174,True
埼玉県熊谷市,36.1244,139.3142,47.7825,448.1857,448.1857,169.5296,63948.7362,30734.0933,492.8282,1090.5792,2.2129,13.4716,4.3833,2394.9,1.0,1.2119,1.5471,1.6359,65,21.1492,31,10.0865,1687.259,本院,36.6821,True
埼玉県熊谷市,36.1244,139.3363,47.3156,448.1857,448.1857,164.4558,65613.5964,31897.9724,508.4539,1128.5239,2.2195,14.9146,4.6757,2512.2,1.0,1.2119,1.5471,1.6359,73,22.8855,28,8.778,1745.9641,本院,36.2484,True
埼玉県熊谷市,36.1244,139.3584,49.1883,448.1857,448.1857,194.7368,69564.9275,33640.771,554.2114,1208.2127,2.1801,14.2216,4.2275,2471.8,1.0,1.2073,1.5288,1.6235,66,19.6191,25,7.4315,1847.0977,本院,35.9201,True
埼玉県熊谷市,36.1244,139.3805,50.1273,448.1857,448.1857,194.9557,76461.4515,36937.0499,599.5855,1310.7751,2.1861,16.9216,4.5812,2714.1,1.0,1.2205,1.5441,1.6295,66,17.8682,27,7.3097,2023.9224,本院,35.6999,True
埼玉県熊谷市,36.1244,139.4027,51.2095,448.1857,448.1857,211.2741,81758.6048,39280.8471,649.4173,1414.6708,2.1784,17.9216,4.5624,2882.4,1.0,1.2205,1.5441,1.6295,65,16.5475,31,7.8919,2184.3442,浦和,34.6179,True
埼玉県行田市,36.1244,139.4248,55.1512,448.1857,448.1857,260.2548,82296.7172,38924.3463,669.5962,1429.8732,2.1354,14.5716,3.7436,2604.7,1.0,1.2185,1.5404,1.6195,60,15.4145,31,7.9642,2202.6192,浦和,33.4171,False
埼玉県行田市,36.1244,139.4469,53.6658,448.1857,448.1857,244.2988,81496.6438,38371.532,645.87,1394.2496,2.1587,14.9216,3.8887,2702.3,1.0,1.2185,1.5404,1.6195,61,15.8972,24,6.2546,2147.7435,浦和,32.2943,False
埼玉県行田市,36.1244,139.469,54.8117,448.1857,448.1857,257.9137,76645.2457,36289.6328,589.9838,1306.0636,2.2137,12.5215,3.4504,2872.8,1.0,1.2185,1.5404,1.6195,58,15.9825,20,5.5112,2011.8991,浦和,31.258,True
埼玉県行田市,36.1244,139.4912,62.366,448.1857,448.1857,299.2497,78028.4912,36792.3964,576.0496,1303.7438,2.2632,10.922,2.9685,3142.7,1.0,1.2497,1.6223,1.7104,65,17.6667,24,6.5231,2115.1265,浦和,30.3171,True
埼玉県行田市,36.1244,139.5133,65.2149,448.1857,448.1857,329.6739,82758.3496,38900.0197,611.7272,1376.1482,2.2496,11.0641,2.8442,3239.9,1.0,1.2535,1.6352,1.7583,68,17.4807,30,7.7121,2250.259,浦和,29.4807,True
埼玉県羽生市,36.1244,139.5354,60.7586,448.1857,448.1857,263.6972,80078.0954,37456.3305,581.7242,1318.8183,2.2671,12.7641,3.4077,3200.1,1.0,1.2535,1.6352,1.7583,68,18.1545,29,7.7423,2156.5139,浦和,28.758,True
埼玉県加須市,36.1244,139.5575,61.2467,448.1857,448.1857,260.3588,63429.6066,29137.1917,474.5508,1057.5352,2.2285,8.0641,2.7676,2399.3,1.0,1.2534,1.6514,1.7934,49,16.817,20,6.8641,1746.4059,浦和,28.1576,True
埼玉県加須市,36.1244,139.5796,59.9151,448.1857,448.1857,264.793,56794.3634,26004.7153,424.8398,946.7289,2.2284,4.9781,1.9143,2148.4,1.0,1.248,1.6184,1.7933,44,16.92,16,6.1527,1532.1874,浦和,27.6875,True
埼玉県加須市,36.1244,139.6018,59.809,448.1857,448.1857,263.3892,59641.1741,26682.2131,412.0782,941.71,2.2853,4.9781,1.8657,2355.6,1.0,1.248,1.6184,1.7933,42,15.7408,19,7.1208,1524.0647,浦和,27.3546,True
埼玉県加須市,36.1244,139.6239,66.3979,448.1857,448.1857,320.0877,70853.9209,31885.7351,517.5573,1144.427,2.2112,6.2206,1.9509,2467.2,1.0,1.2723,1.6824,1.8191,47,14.7401,23,7.2133,1925.3564,浦和,27.1637,True
埼玉県加須市,36.1244,139.646,66.0796,448.1857,448.1857,313.7378,83523.268,37978.2346,559.4872,1310.9939,2.3432,10.8132,2.8472,3184.6,1.0,1.2723,1.6824,1.8191,63,16.5884,27,7.1093,2205.5846,浦和,27.1179,True
埼玉県加須市,36.1244,139.6681,69.6552,448.1857,448.1857,350.8359,89130.9599,40798.0073,596.5292,1408.8611,2.3618,11.1632,2.7362,3223.2,1.0,1.2715,1.6994,1.8226,71,17.4028,35,8.5789,2394.1487,浦和,27.218,True
茨城県五霞町,36.1244,139.6903,70.1432,448.1857,448.1857,358.1706,91121.963,41521.4822,582.8603,1420.527,2.4372,11.2206,2.7024,3128.4,1.0,1.2715,1.6994,1.8226,69,16.6179,30,7.2252,2413.9733,浦和,27.4623,True
茨城県五霞町,36.1244,139.7124,68.3183,448.1857,448.1857,387.1722,89544.0286,41109.5419,523.7349,1384.278,2.6431,9.1706,2.2308,3325.0,1.0,1.2334,1.6194,1.7327,67,16.2979,32,7.7841,2241.6471,浦和,27.847,True
埼玉県寄居町,36.1424,139.2035,41.4324,448.1857,448.1857,108.6838,32179.8445,15540.3782,197.718,522.0284,2.6403,5.086,3.2728,1876.5,1.0,1.1882,1.5145,1.653,40,25.7394,10,6.4348,790.6054,本院,42.0619,True
埼玉県寄居町,36.1424,139.2257,46.2971,448.1857,448.1857,139.6689,41187.1121,19680.5605,298.5845,696.3277,2.3321,6.6855,3.397,1866.9,1.0,1.2186,1.5768,1.699,51,25.9139,16,8.1298,1097.9728,本院,41.2062,True
埼玉県寄居町,36.1424,139.2478,51.3263,448.1857,448.1857,192.3105,52636.6781,25156.0448,406.5957,900.7662,2.2154,8.0285,3.1915,1989.9,1.0,1.2186,1.5768,1.699,63,25.0437,18,7.1553,1420.3324,本院,40.4304,True
埼玉県深谷市,36.1424,139.2699,57.061,448.1857,448.1857,259.9503,59917.6804,28588.4244,469.5068,1024.6928,2.1825,7.6786,2.6859,2105.1,1.0,1.2195,1.5795,1.6958,72,25.185,25,8.7448,1618.4646,本院,39.7394,True
埼玉県深谷市,36.1424,139.292,56.7851,448.1857,448.1857,245.051,65162.7738,31474.3523,493.2451,1111.6349,2.2537,9.7285,3.0909,2638.6,1.0,1.2296,1.6006,1.7166,76,24.1466,29,9.2139,1779.2457,本院,39.1375,True
埼玉県熊谷市,36.1424,139.3142,50.435,448.1857,448.1857,193.3786,72256.4317,35088.6404,569.2435,1251.3464,2.1983,15.4711,4.4091,2667.1,1.0,1.2143,1.5546,1.6531,80,22.7994,32,9.1198,1945.3067,本院,38.629,True
埼玉県熊谷市,36.1424,139.3363,49.0557,448.1857,448.1857,178.8303,72084.0296,35312.5891,567.3499,1252.8784,2.2083,16.8571,4.7737,2727.5,1.0,1.2143,1.5546,1.6531,81,22.938,32,9.0619,1947.6883,本院,38.2175,True
埼玉県熊谷市,36.1424,139.3584,49.7984,448.1857,448.1857,208.6717,72423.1596,35048.332,565.2796,1242.6751,2.1983,14.2216,4.0577,2645.4,1.0,1.2034,1.5224,1.6087,76,21.6843,29,8.2743,1891.841,本院,37.9063,True
埼玉県熊谷市,36.1424,139.3805,50.2706,448.1857,448.1857,202.1044,79581.2071,38336.031,646.8898,1386.6238,2.1435,17.9216,4.6749,2582.5,1.0,1.2185,1.5404,1.6195,70,18.2596,29,7.5647,2135.9964,浦和,37.4248,False
埼玉県熊谷市,36.1424,139.4027,51.0345,448.1857,448.1857,212.9536,81909.4332,39442.185,661.8092,1420.0836,2.1458,17.9216,4.5438,2647.1,1.0,1.2185,1.5404,1.6195,68,17.2404,29,7.3525,2187.5388,浦和,36.2079,False
埼玉県行田市,36.1424,139.4248,53.4111,448.1857,448.1857,241.3846,79802.7808,38302.1544,624.7531,1380.1132,2.2091,14.9216,3.8957,2972.3,1.0,1.2185,1.5404,1.6195,63,16.4482,28,7.3103,2125.9673,浦和,35.0618,True
埼玉県行田市,36.1424,139.4469,53.9416,448.1857,448.1857,247.7629,80447.0653,38212.5055,664.8994,1419.9046,2.1355,14.9216,3.9049,2525.9,1.0,1.2185,1.5404,1.6195,66,17.2718,26,6.8041,2187.2633,浦和,33.9937,False
埼玉県行田市,36.1424,139.469,52.7321,448.1857,448.1857,233.0351,75858.6226,36080.6903,601.2303,1319.619,2.1949,13.9216,3.8584,2720.8,1.0,1.2185,1.5404,1.6195,62,17.1837,22,6.0974,2032.7802,浦和,33.011,True
埼玉県行田市,36.1424,139.4912,60.817,448.1857,448.1857,328.1165,71478.5817,33603.9276,497.823,1173.133,2.3565,7.836,2.3319,3174.5,1.0,1.2405,1.5607,1.6416,61,18.1526,18,5.3565,1830.907,浦和,32.1217,True
埼玉県羽生市,36.1424,139.5133,62.2334,448.1857,448.1857,340.991,73747.0958,34370.1279,530.0184,1219.1637,2.3002,7.9781,2.3212,3030.7,1.0,1.2369,1.5713,1.663,56,16.2932,24,6.9828,1915.7127,浦和,31.3337,True
埼玉県羽生市,36.1424,139.5354,57.0133,448.1857,448.1857,242.211,62575.0552,29259.4532,459.736,1054.3061,2.2933,8.6781,2.9659,2594.8,1.0,1.2476,1.6106,1.7505,53,18.1138,22,7.5189,1698.0641,浦和,30.6548,True
埼玉県羽生市,36.1424,139.5575,58.5517,448.1857,448.1857,244.7583,53862.7852,24923.7515,403.8377,912.0355,2.2584,6.3281,2.539,2134.5,1.0,1.2444,1.6246,1.8038,45,18.0551,17,6.8208,1481.6957,浦和,30.0924,True
埼玉県加須市,36.1424,139.5796,57.4111,448.1857,448.1857,237.1544,50004.805,22810.4537,381.6184,847.9112,2.2219,4.6351,2.032,1870.6,1.0,1.248,1.6184,1.7933,41,17.9742,17,7.4527,1372.2606,浦和,29.6532,True
埼玉県加須市,36.1424,139.6018,58.8541,448.1857,448.1857,255.0183,55746.4917,25518.5728,398.3406,911.7811,2.2889,4.2851,1.6792,2273.0,1.0,1.248,1.6184,1.7933,45,17.6342,18,7.0537,1475.6278,浦和,29.3426,True
埼玉県加須市,36.1424,139.6239,60.6366,448.1857,448.1857,275.5831,62765.5312,28245.012,416.7353,985.3072,2.3643,4.9781,1.7625,2630.8,1.0,1.248,1.6184,1.7933,51,18.0563,18,6.3728,1594.6226,浦和,29.1648,True
埼玉県加須市,36.1424,139.646,65.1034,448.1857,448.1857,307.1506,69003.4488,30997.4717,454.329,1098.1725,2.4171,5.9206,1.91,2547.2,1.0,1.2628,1.6665,1.875,57,18.3886,28,9.033,1830.0795,浦和,29.1221,True
埼玉県加須市,36.1424,139.6681,69.4642,448.1857,448.1857,365.6829,79982.8547,36584.2843,516.3424,1307.4463,2.5321,6.6781,1.8254,2778.9,1.0,1.2641,1.6733,1.8909,55,15.0338,27,7.3802,2187.8072,浦和,29.2153,True
茨城県五霞町,36.1424,139.6903,68.695,448.1857,448.1857,386.5265,85390.7386,39305.223,514.8409,1381.9694,2.6843,5.3855,1.3702,2945.0,1.0,1.2328,1.6267,1.7316,57,14.5019,24,6.1061,2248.0036,浦和,29.443,True
茨城県五霞町,36.1424,139.7124,67.1247,448.1857,448.1857,361.4719,79643.4227,36870.3663,456.5821,1292.3905,2.8306,3.3356,0.9047,2694.8,1.0,1.2328,1.6267,1.7316,56,15.1883,25,6.7805,2102.2885,浦和,29.8021,True
埼玉県美里町,36.1604,139.1814,40.7321,448.1857,448.1857,85.7294,34466.5438,16640.4232,214.4866,565.4879,2.6365,7.479,4.4945,2026.3,1.0,1.1882,1.5145,1.653,41,24.6388,18,10.817,856.4243,本院,44.7545,True
埼玉県美里町,36.1604,139.2035,40.817,448.1857,448.1857,90.3505,43077.5154,20778.9683,290.0611,713.3849,2.4594,11.179,5.38,2213.3,1.0,1.1882,1.5145,1.653,48,23.1003,21,10.1064,1080.4124,本院,43.8611,True
埼玉県美里町,36.1604,139.2257,47.1459,448.1857,448.1857,149.3225,50083.6579,23946.4941,384.1105,858.9295,2.2362,9.3855,3.9194,1977.0,1.0,1.2186,1.5768,1.699,59,24.6383,21,8.7696,1354.3641,本院,43.0414,True
埼玉県深谷市,36.1604,139.2478,47.8249,448.1857,448.1857,156.4487,57028.0905,27446.2722,445.925,981.1769,2.2003,11.7286,4.2733,2099.7,1.0,1.2186,1.5768,1.699,67,24.4113,22,8.0157,1547.1245,本院,42.2995,True
埼玉県深谷市,36.1604,139.2699,50.2706,448.1857,448.1857,168.1694,60945.9945,29060.5627,433.112,996.097,2.2999,11.7286,4.0359,2543.8,1.0,1.2296,1.6006,1.7166,71,24.4317,26,8.9468,1594.3195,本院,41.6396,True
埼玉県深谷市,36.1604,139.292,53.4324,448.1857,448.1857,203.273,67294.9189,32360.7928,516.9545,1145.7646,2.2164,12.4286,3.8406,2533.1,1.0,1.2296,1.6006,1.7166,80,24.7213,29,8.9615,1833.8724,本院,41.0657,True
埼玉県深谷市,36.1604,139.3142,51.1989,448.1857,448.1857,203.9751,76256.0212,36924.8141,594.0473,1311.0303,2.2069,16.1711,4.3795,2844.7,1.0,1.2143,1.5546,1.6531,85,23.0198,33,8.9371,2038.0895,本院,40.5814,True
埼玉県熊谷市,36.1604,139.3363,51.2626,448.1857,448.1857,204.9538,79315.3623,38619.4795,616.551,1367.4665,2.2179,17.5571,4.5462,3035.0,1.0,1.2143,1.5546,1.6531,87,22.5275,33,8.5449,2125.8236,本院,40.19,True
埼玉県熊谷市,36.1604,139.3584,51.9204,448.1857,448.1857,235.8538,79270.6665,38303.6357,631.5457,1370.3579,2.1698,15.1641,3.9589,2732.4,1.0,1.2034,1.5224,1.6087,77,20.1025,35,9.1375,2086.2246,本院,39.8943,False
埼玉県熊谷市,36.1604,139.3805,51.6923,448.1857,448.1857,221.7667,80807.9745,38654.1736,646.5269,1395.3317,2.1582,16.5716,4.2871,2666.3,1.0,1.2185,1.5404,1.6195,80,20.6963,36,9.3134,2149.4104,浦和,39.0031,False
埼玉県熊谷市,36.1604,139.4027,52.2812,448.1857,448.1857,223.2538,84222.41,40842.1122,692.3249,1493.3363,2.157,18.6146,4.5577,2772.7,1.0,1.2208,1.5467,1.6287,73,17.8737,33,8.0799,2309.6854,浦和,37.8373,False
埼玉県熊谷市,36.1604,139.4248,52.7905,448.1857,448.1857,229.9605,80892.0046,38908.8062,645.8756,1411.3955,2.1852,16.2716,4.182,2769.7,1.0,1.2208,1.5467,1.6287,67,17.2198,27,6.9393,2182.9509,浦和,36.7423,True
埼玉県行田市,36.1604,139.4469,54.4244,448.1857,448.1857,248.4025,79090.5493,38148.1611,667.5152,1425.9711,2.1362,14.9215,3.9115,2423.4,1.0,1.2208,1.5467,1.6287,68,17.8252,27,7.0777,2205.4944,浦和,35.7247,False
埼玉県行田市,36.1604,139.469,52.4775,448.1857,448.1857,227.3126,75837.8921,36132.9961,595.9773,1317.6652,2.2109,14.2716,3.9497,2654.4,1.0,1.2206,1.5435,1.63,60,16.6053,23,6.3654,2033.7746,浦和,34.7912,True
埼玉県行田市,36.1604,139.4912,60.3183,448.1857,448.1857,305.3839,66607.6322,31466.4654,476.6235,1116.1102,2.3417,7.836,2.4903,2799.3,1.0,1.2399,1.5808,1.6773,54,17.1611,20,6.356,1764.3889,浦和,33.9487,True
埼玉県羽生市,36.1604,139.5133,58.2016,448.1857,448.1857,280.8445,59137.2658,27943.3768,424.9466,1004.1188,2.3629,6.0355,2.1599,2566.6,1.0,1.2369,1.5713,1.663,51,18.2512,19,6.7995,1577.8056,浦和,33.2043,True
埼玉県羽生市,36.1604,139.5354,54.5517,448.1857,448.1857,213.1103,56777.2119,26883.4921,413.2889,968.9004,2.3444,8.3281,3.0978,2416.8,1.0,1.2476,1.6106,1.7505,45,16.7389,21,7.8115,1560.5098,浦和,32.5646,True
埼玉県羽生市,36.1604,139.5575,58.6154,448.1857,448.1857,245.3949,52264.4082,24459.2237,369.1562,880.2388,2.3845,5.9781,2.4441,2305.3,1.0,1.2444,1.6246,1.8038,47,19.2157,19,7.768,1430.0387,浦和,32.0359,True
埼玉県羽生市,36.1604,139.5796,57.6658,448.1857,448.1857,235.9217,49748.3636,22854.14,362.5808,843.5039,2.3264,4.6351,2.0281,2049.0,1.0,1.2461,1.6231,1.806,42,18.3774,17,7.4385,1369.0851,浦和,31.6237,True
埼玉県加須市,36.1604,139.6018,57.3263,448.1857,448.1857,237.5972,50897.2646,23224.0075,369.2978,849.4944,2.3003,4.9851,2.1465,2030.6,1.0,1.2496,1.6173,1.7965,47,20.2377,18,7.7506,1373.9142,浦和,31.3327,True
埼玉県加須市,36.1604,139.6239,60.191,448.1857,448.1857,271.2362,57935.7842,26611.542,421.3881,969.7656,2.3014,4.9851,1.8733,1980.5,1.0,1.2496,1.6173,1.7965,47,17.6615,22,8.2671,1568.4328,浦和,31.1663,True
埼玉県加須市,36.1604,139.646,64.6366,448.1857,448.1857,299.3903,64799.0416,30134.2663,400.2906,1070.4267,2.6741,4.9781,1.652,2583.6,1.0,1.2628,1.6665,1.875,52,17.2561,26,8.6281,1783.8417,浦和,31.1264,True
埼玉県加須市,36.1604,139.6681,66.9072,448.1857,448.1857,333.644,71694.7484,33148.022,442.0317,1192.8957,2.6987,4.6281,1.3962,2457.4,1.0,1.2628,1.6665,1.875,53,15.9889,25,7.5419,1987.9336,浦和,31.2136,True
埼玉県美里町,36.1785,139.1372,42.1751,448.1857,448.1857,70.4285,34874.662,16954.0613,213.1838,578.3253,2.7128,9.486,5.5951,2080.1,1.0,1.1959,1.5434,1.6882,47,27.722,15,8.8474,892.58,本院,48.4524,True
埼玉県美里町,36.1785,139.1593,39.8302,448.1857,448.1857,90.5372,41827.4211,20257.0434,291.1024,713.5992,2.4514,10.879,5.3705,2193.3,1.0,1.1875,1.4967,1.6138,57,28.1384,20,9.8731,1068.0143,本院,47.462,True
埼玉県美里町,36.1785,139.1814,39.0769,448.1857,448.1857,91.3059,48274.0628,23330.187,337.8848,816.8756,2.4176,14.222,6.096,2427.6,1.0,1.1819,1.4809,1.5888,62,26.575,23,9.8585,1209.7012,本院,46.5357,True
埼玉県美里町,36.1785,139.2035,43.5915,448.1857,448.1857,124.4967,55793.2067,27183.9993,450.1228,996.214,2.2132,14.8215,5.4523,2200.4,1.0,1.2066,1.5418,1.6539,65,23.9111,28,10.3002,1536.0037,本院,45.6774,True
埼玉県美里町,36.1785,139.2257,45.3952,448.1857,448.1857,149.1035,59535.7745,28716.6613,480.8682,1050.4914,2.1846,13.7856,4.8005,2176.1,1.0,1.2066,1.5418,1.6539,71,24.7243,28,9.7504,1619.6906,本院,44.891,True
埼玉県深谷市,36.1785,139.2478,48.2281,448.1857,448.1857,151.69,61176.7328,29380.1565,440.6601,1021.3169,2.3177,13.4785,4.5876,2675.1,1.0,1.2276,1.5952,1.7185,75,25.5274,28,9.5302,1629.1784,本院,44.1803,True
埼玉県深谷市,36.1785,139.2699,48.0159,448.1857,448.1857,149.165,59559.9791,28529.3687,425.4263,980.5526,2.3049,12.7785,4.4791,2521.3,1.0,1.2276,1.5952,1.7185,66,23.1341,24,8.4124,1564.1522,本院,43.5491,True
埼玉県深谷市,36.1785,139.292,51.6286,448.1857,448.1857,182.3286,64758.709,31281.8831,483.3324,1093.095,2.2616,12.7785,4.085,2621.0,1.0,1.2296,1.6006,1.7166,70,22.3772,24,7.6722,1749.5713,本院,43.0008,True
埼玉県深谷市,36.1785,139.3142,50.5199,448.1857,448.1857,194.3057,76485.0129,36605.0347,587.4922,1291.5332,2.1984,16.5786,4.529,2732.2,1.0,1.2143,1.5546,1.6531,80,21.8549,35,9.5615,2007.78,本院,42.5387,True
埼玉県深谷市,36.1785,139.3363,51.7719,448.1857,448.1857,212.2353,81698.8083,39482.783,622.1909,1385.087,2.2261,17.5571,4.4468,3105.6,1.0,1.2143,1.5546,1.6531,86,21.7816,37,9.3712,2153.2159,本院,42.1656,True
埼玉県熊谷市,36.1785,139.3584,52.6207,448.1857,448.1857,222.4787,80133.1575,38820.2824,640.0968,1388.9896,2.17,16.5141,4.254,2699.5,1.0,1.2143,1.5546,1.6531,79,20.3502,36,9.2735,2159.2827,浦和,41.8017,False
埼玉県熊谷市,36.1785,139.3805,53.4324,448.1857,448.1857,246.9279,79632.7099,38255.4512,633.827,1380.3747,2.1778,14.5716,3.809,2603.5,1.0,1.2074,1.532,1.6222,78,20.3893,31,8.1034,2114.7989,浦和,40.619,True
埼玉県熊谷市,36.1785,139.4027,52.7215,448.1857,448.1857,217.5554,81520.3791,39230.5483,659.7457,1433.6114,2.173,17.6146,4.49,2618.4,1.0,1.2256,1.5668,1.6488,71,18.0981,33,8.4118,2246.1545,浦和,39.5012,False
群馬県千代田町,36.1785,139.4248,54.0796,448.1857,448.1857,233.6596,78176.5693,37390.1494,624.5939,1368.5314,2.1911,14.9216,3.9908,2554.4,1.0,1.2256,1.5668,1.6488,69,18.4541,29,7.7561,2144.1884,浦和,38.4539,True
群馬県千代田町,36.1785,139.4469,54.87,448.1857,448.1857,255.5067,75534.3248,36286.9166,602.3341,1335.3072,2.2169,12.9216,3.5609,2587.6,1.0,1.2208,1.5467,1.6287,68,18.7395,29,7.9919,2065.2679,浦和,37.4829,True
埼玉県行田市,36.1785,139.469,59.2361,448.1857,448.1857,287.2993,70420.5308,33321.174,525.0732,1204.8591,2.2946,9.5215,2.8575,2588.6,1.0,1.2399,1.5808,1.6773,66,19.8072,22,6.6024,1904.6866,浦和,36.5945,True
群馬県明和町,36.1785,139.4912,59.4695,448.1857,448.1857,290.9763,61381.1591,28874.0992,434.9153,1040.3434,2.3921,6.486,2.2463,2465.1,1.0,1.2399,1.5808,1.6773,54,18.7019,21,7.273,1644.6139,浦和,35.7947,True
埼玉県羽生市,36.1785,139.5133,57.1671,448.1857,448.1857,275.2244,57772.293,27653.7558,392.1985,984.0249,2.509,5.793,2.0948,2618.1,1.0,1.2251,1.5586,1.6338,51,18.4423,19,6.8707,1533.7142,浦和,35.0896,True
埼玉県羽生市,36.1785,139.5354,58.2653,448.1857,448.1857,268.9934,56755.5406,27169.326,375.0103,961.747,2.5646,3.6856,1.3565,2689.7,1.0,1.231,1.5905,1.7288,47,17.2989,19,6.9932,1529.6608,浦和,34.4851,True
埼玉県羽生市,36.1785,139.5575,56.1857,448.1857,448.1857,244.286,52479.7928,25005.3663,330.933,873.4089,2.6392,3.9351,1.5737,2625.0,1.0,1.231,1.5905,1.7288,47,18.796,20,7.9983,1389.159,浦和,33.9863,True
埼玉県羽生市,36.1785,139.5796,58.1538,448.1857,448.1857,241.341,50230.7384,23396.8899,362.7426,862.8798,2.3788,3.9351,1.6819,2022.4,1.0,1.2461,1.6231,1.806,41,17.5237,18,7.6933,1400.534,浦和,33.5982,True
埼玉県羽生市,36.1785,139.6018,56.6048,448.1857,448.1857,222.7062,47685.0481,21788.3316,334.3796,796.2538,2.3813,4.6351,2.1273,1965.6,1.0,1.2461,1.6231,1.806,43,19.7353,17,7.8023,1292.3937,浦和,33.3245,True
埼玉県加須市,36.1785,139.6239,58.9602,448.1857,448.1857,256.4529,53275.1119,24783.5626,371.6001,916.9102,2.4675,4.0426,1.6311,1899.2,1.0,1.2496,1.6173,1.7965,40,16.1397,20,8.0699,1482.9481,浦和,33.1681,True
埼玉県加須市,36.1785,139.646,63.6499,448.1857,448.1857,287.7233,59111.978,27769.1295,390.3299,1028.7129,2.6355,3.6926,1.3297,1876.3,1.0,1.2632,1.659,1.8696,41,14.7646,19,6.8421,1706.6583,浦和,33.1307,True
茨城県古河市,36.1785,139.6681,59.2042,448.1857,448.1857,271.1958,55711.4834,25974.436,351.161,969.6212,2.7612,2.4,0.924,1574.3,1.0,1.2376,1.6062,1.7709,40,15.3998,16,6.1599,1557.4507,浦和,33.2126,True
埼玉県神川町,36.1965,139.0929,48.0477,448.1857,448.1857,159.2088,34428.6942,16623.5832,194.5666,574.3218,2.9518,4.086,2.458,1933.5,1.0,1.2351,1.5753,1.699,47,28.2731,12,7.2187,904.7431,本院,52.2681,True
埼玉県神川町,36.1965,139.115,43.9576,448.1857,448.1857,98.4294,43544.1311,21214.1594,222.941,693.1362,3.1091,10.179,4.7982,2731.9,1.0,1.2322,1.572,1.7032,62,29.2258,19,8.9563,1089.6182,本院,51.197,True
埼玉県神川町,36.1965,139.1372,44.0212,448.1857,448.1857,102.6958,45948.0534,22229.7409,287.4846,761.3312,2.6482,11.229,5.0513,2544.6,1.0,1.2145,1.5686,1.7036,61,27.4407,18,8.0973,1194.2408,本院,50.1821,True
埼玉県美里町,36.1965,139.1593,43.5332,448.1857,448.1857,84.5396,46226.6219,22163.4764,339.4391,796.546,2.3467,14.229,6.42,2144.9,1.0,1.2145,1.5686,1.7036,57,25.718,19,8.5727,1249.4796,本院,49.2267,True
埼玉県美里町,36.1965,139.1814,44.2122,448.1857,448.1857,106.5946,51662.2819,24672.4475,400.2949,902.2187,2.2539,14.229,5.7672,2146.2,1.0,1.2145,1.5686,1.7036,64,25.9399,19,7.7009,1415.24,本院,48.3344,True
埼玉県美里町,36.1965,139.2035,43.8727,448.1857,448.1857,121.628,57916.9204,27943.7992,445.7507,1013.422,2.2735,15.8646,5.6773,2463.6,1.0,1.2106,1.5483,1.6594,67,23.9767,27,9.6623,1569.0518,本院,47.5088,True
埼玉県美里町,36.1965,139.2257,45.634,448.1857,448.1857,146.8937,61227.9071,29604.3731,459.5341,1054.3547,2.2944,14.4785,4.8907,2634.9,1.0,1.2106,1.5483,1.6594,71,23.9829,29,9.7959,1632.4268,本院,46.7534,True
埼玉県深谷市,36.1965,139.2478,45.9523,448.1857,448.1857,149.8805,62703.8994,30409.4844,465.6654,1072.6282,2.3034,14.8286,4.8763,2702.3,1.0,1.2106,1.5483,1.6594,72,23.6768,32,10.523,1660.719,本院,46.0716,True
埼玉県深谷市,36.1965,139.2699,47.2361,448.1857,448.1857,135.531,60107.2136,28990.0081,396.1122,969.3987,2.4473,14.1286,4.8736,2888.2,1.0,1.2296,1.6006,1.7166,73,25.1811,25,8.6237,1551.5872,本院,45.4668,True
埼玉県深谷市,36.1965,139.292,50.9072,448.1857,448.1857,176.2111,62974.2257,30503.8351,454.0828,1053.6922,2.3205,12.4286,4.0744,2627.8,1.0,1.2296,1.6006,1.7166,66,21.6366,23,7.54,1686.5046,本院,44.9421,True
埼玉県深谷市,36.1965,139.3142,54.4721,448.1857,448.1857,217.9354,72831.1028,35177.634,540.5267,1225.5156,2.2673,13.4785,3.8316,2817.0,1.0,1.2296,1.6006,1.7166,76,21.6046,31,8.8124,1961.5192,本院,44.5002,True
埼玉県深谷市,36.1965,139.3363,56.313,448.1857,448.1857,265.0238,81082.0332,39320.143,599.1142,1367.1834,2.282,13.8211,3.515,3136.5,1.0,1.2143,1.5546,1.6531,86,21.8717,34,8.647,2125.3835,本院,44.1438,True
埼玉県熊谷市,36.1965,139.3584,58.9761,448.1857,448.1857,288.2913,82745.6671,40318.5218,614.9694,1413.6579,2.2987,13.4711,3.3412,3152.0,1.0,1.2208,1.5756,1.6747,86,21.3301,36,8.9289,2227.4099,浦和,43.4057,True
埼玉県熊谷市,36.1965,139.3805,57.7241,448.1857,448.1857,280.1194,79739.1629,38489.6227,607.3028,1374.8165,2.2638,12.8715,3.3442,2719.1,1.0,1.2156,1.5611,1.6502,79,20.525,34,8.8335,2146.1964,浦和,42.2682,True
群馬県千代田町,36.1965,139.4027,63.2467,448.1857,448.1857,358.461,78599.306,37700.4596,567.1888,1329.6475,2.3443,9.5285,2.5274,3021.1,1.0,1.2256,1.5668,1.6488,73,19.3632,31,8.2227,2083.266,浦和,41.1954,True
群馬県千代田町,36.1965,139.4248,58.4244,448.1857,448.1857,273.7932,78326.8635,37354.9948,591.5718,1352.3128,2.286,12.5716,3.3654,2684.5,1.0,1.2327,1.5892,1.6717,70,18.7391,27,7.2279,2149.0618,浦和,40.1925,True
群馬県千代田町,36.1965,139.4469,63.6658,448.1857,448.1857,347.8981,74864.8613,35191.0814,552.0513,1280.9237,2.3203,8.8285,2.5087,2542.9,1.0,1.2327,1.5892,1.6717,71,20.1756,27,7.6724,2035.6121,浦和,39.2648,True
群馬県千代田町,36.1965,139.469,63.5225,448.1857,448.1857,317.4036,68202.1182,31939.1504,459.9788,1134.8304,2.4671,7.186,2.2499,2663.5,1.0,1.2512,1.6216,1.7171,65,20.3512,21,6.575,1840.2059,浦和,38.4178,True
群馬県明和町,36.1965,139.4912,60.6154,448.1857,448.1857,304.7531,64007.6302,30670.4087,421.5459,1089.6005,2.5848,5.793,1.8888,2783.8,1.0,1.2345,1.5895,1.666,63,20.541,20,6.5209,1731.8738,浦和,37.6569,True
群馬県明和町,36.1965,139.5133,60.0531,448.1857,448.1857,291.0906,59987.8859,28854.7633,403.6852,1040.7523,2.5781,3.443,1.1932,2552.8,1.0,1.2254,1.5927,1.6763,52,18.0213,17,5.8916,1657.5865,浦和,36.9875,True
群馬県明和町,36.1965,139.5354,54.3714,448.1857,448.1857,255.3497,54705.0141,26285.3008,327.7914,912.9656,2.7852,3.093,1.1767,2693.5,1.0,1.2096,1.5391,1.6297,50,19.022,17,6.4675,1405.1029,浦和,36.4146,True
群馬県明和町,36.1965,139.5575,53.0557,448.1857,448.1857,239.0217,51384.8918,24710.3816,297.133,854.5875,2.8761,1.6426,0.6647,2715.9,1.0,1.2096,1.5391,1.6297,46,18.6157,16,6.475,1315.2559,浦和,35.9428,True
埼玉県羽生市,36.1965,139.5796,56.3342,448.1857,448.1857,245.6908,49785.2627,23896.3728,349.9559,878.4317,2.5101,2.9926,1.2523,2065.2,1.0,1.231,1.5905,1.7288,47,19.6683,16,6.6956,1397.1478,浦和,35.5761,True
群馬県板倉町,36.1965,139.6018,54.679,448.1857,448.1857,225.5,44452.5412,21208.6906,337.6344,806.2424,2.3879,4.0426,1.9061,1597.0,1.0,1.231,1.5905,1.7288,39,18.3887,14,6.6011,1282.3305,浦和,35.3178,True
埼玉県神川町,36.2145,139.0929,54.6897,448.1857,448.1857,236.7304,48189.1519,23379.7282,316.2299,846.3953,2.6765,5.129,2.1938,2279.2,1.0,1.2351,1.5753,1.699,58,24.8078,15,6.4158,1333.3472,本院,53.9494,True
埼玉県神川町,36.2145,139.115,46.7162,448.1857,448.1857,168.3978,55372.1378,27065.8916,363.4332,961.4253,2.6454,10.529,3.8901,2747.7,1.0,1.2112,1.5296,1.6446,70,25.8628,21,7.7588,1470.6214,本院,52.9127,True
埼玉県神川町,36.2145,139.1372,45.4218,448.1857,448.1857,155.8973,54584.2367,26663.2956,386.3552,963.5631,2.494,11.229,4.2114,2534.5,1.0,1.2112,1.5296,1.6446,73,27.3785,21,7.876,1473.8914,本院,51.9315,True
埼玉県本庄市,36.2145,139.1593,44.2334,448.1857,448.1857,107.1836,51883.0191,25101.5636,361.3472,891.6954,2.4677,14.229,5.6686,2524.2,1.0,1.2145,1.5686,1.7036,65,25.8948,19,7.5692,1398.7329,本院,51.0091,True
埼玉県本庄市,36.2145,139.1814,44.4244,448.1857,448.1857,111.3806,53454.1301,25696.1265,392.327,927.4362,2.3639,14.579,5.6736,2412.4,1.0,1.2145,1.5686,1.7036,64,24.9065,18,7.0049,1454.7968,本院,50.1488,True
埼玉県本庄市,36.2145,139.2035,46.3607,448.1857,448.1857,136.245,61138.1251,29356.3238,449.5057,1057.227,2.352,15.5216,5.2873,2653.7,1.0,1.2214,1.5819,1.7033,72,24.5262,23,7.8348,1672.4718,本院,49.3537,True
埼玉県本庄市,36.2145,139.2257,48.3501,448.1857,448.1857,175.2812,66284.698,32224.5211,516.5825,1183.7555,2.2915,14.8286,4.6016,2593.2,1.0,1.2106,1.5483,1.6594,78,24.2052,28,8.689,1832.7742,本院,48.6271,True
埼玉県深谷市,36.2145,139.2478,48.8806,448.1857,448.1857,179.4736,66493.2982,32484.6173,475.0464,1146.1721,2.4128,14.1355,4.3515,2999.4,1.0,1.2106,1.5483,1.6594,79,24.3192,32,9.8508,1774.585,本院,47.9721,True
埼玉県深谷市,36.2145,139.2699,49.0345,448.1857,448.1857,180.511,66020.5677,32145.8185,459.5787,1110.8024,2.417,13.4785,4.1929,2850.7,1.0,1.2108,1.5484,1.6541,69,21.4647,31,9.6436,1720.0035,本院,47.3917,True
埼玉県深谷市,36.2145,139.292,55.618,448.1857,448.1857,231.0428,66237.8648,32122.0151,456.5857,1100.8498,2.411,10.4286,3.2465,2786.9,1.0,1.2296,1.6006,1.7166,64,19.924,26,8.0941,1761.9833,本院,46.8886,True
埼玉県深谷市,36.2145,139.3142,57.4005,448.1857,448.1857,253.8504,72912.428,35424.7361,491.7761,1201.9235,2.444,11.4286,3.2261,3139.0,1.0,1.2296,1.6006,1.7166,74,20.8894,28,7.9041,1923.7586,本院,46.4654,True
埼玉県深谷市,36.2145,139.3363,68.2759,448.1857,448.1857,374.9503,80954.4711,39087.6435,554.0724,1340.5804,2.4195,8.7855,2.2477,3309.3,1.0,1.237,1.63,1.7401,88,22.5135,35,8.9542,2185.0863,本院,46.1242,True
群馬県大泉町,36.2145,139.3584,65.7454,448.1857,448.1857,389.646,83953.292,40611.593,569.9737,1393.1225,2.4442,7.4856,1.8432,3406.2,1.0,1.2208,1.5756,1.6747,86,21.1762,41,10.0956,2195.0536,浦和,45.0418,True
群馬県大泉町,36.2145,139.3805,64.6419,448.1857,448.1857,380.7185,81188.1776,39233.272,552.0633,1361.2038,2.4657,7.1285,1.817,3296.9,1.0,1.2156,1.5611,1.6502,79,20.136,38,9.6857,2124.946,浦和,43.9469,True
群馬県千代田町,36.2145,139.4027,63.7666,448.1857,448.1857,346.4955,73356.8992,35077.6965,503.7857,1238.8442,2.4591,5.0855,1.4498,2792.1,1.0,1.2259,1.5912,1.6804,68,19.3855,31,8.8375,1971.2697,浦和,42.9164,True
群馬県千代田町,36.2145,139.4248,68.5729,448.1857,448.1857,307.0983,66137.6378,30932.4122,434.8193,1097.9855,2.5252,3.143,1.0161,2560.2,1.0,1.2917,1.8079,1.9061,61,19.7204,26,8.4054,1985.0043,浦和,41.9548,True
埼玉県神川町,36.2325,139.115,51.4801,448.1857,448.1857,202.185,61641.5187,29913.4693,410.3315,1079.1591,2.63,10.879,3.6368,2882.1,1.0,1.2284,1.5644,1.6931,81,27.0781,25,8.3574,1688.237,本院,54.648,True
埼玉県上里町,36.2325,139.1372,50.4721,448.1857,448.1857,212.866,64035.8475,30989.3726,448.0875,1132.0065,2.5263,11.229,3.6235,2801.5,1.0,1.2112,1.5296,1.6446,80,25.8153,29,9.358,1731.5469,本院,53.6987,True
埼玉県上里町,36.2325,139.1593,47.1618,448.1857,448.1857,153.9464,61283.6799,29617.7895,443.4252,1085.4398,2.4479,14.229,4.8042,2588.3,1.0,1.2145,1.5686,1.7036,76,25.6603,26,8.7785,1702.6447,本院,52.8074,True
埼玉県本庄市,36.2325,139.1814,48.1167,448.1857,448.1857,163.4938,60179.4665,28960.8511,446.8865,1067.0545,2.3878,12.879,4.447,2459.0,1.0,1.2145,1.5686,1.7036,71,24.5159,26,8.9776,1673.8051,本院,51.977,True
埼玉県本庄市,36.2325,139.2035,49.305,448.1857,448.1857,178.4862,65423.9949,31545.3421,486.9179,1156.6545,2.3755,13.929,4.4155,2621.1,1.0,1.2118,1.5611,1.6884,69,21.8733,26,8.2421,1805.6081,本院,51.2105,True
埼玉県本庄市,36.2325,139.2257,52.0053,448.1857,448.1857,196.5438,67069.5217,32315.2783,528.4463,1203.7449,2.2779,13.4855,4.1731,2248.0,1.0,1.2214,1.5819,1.7033,67,20.7332,26,8.0457,1904.2546,本院,50.5108,True
埼玉県深谷市,36.2325,139.2478,51.3263,448.1857,448.1857,208.4892,70377.7614,34162.2259,522.5321,1238.5927,2.3704,13.8285,4.0479,2676.4,1.0,1.2108,1.5484,1.6541,77,22.5395,32,9.3671,1917.8782,本院,49.8807,True
埼玉県深谷市,36.2325,139.2699,50.5836,448.1857,448.1857,197.82,67657.8029,32694.1098,452.8978,1135.3623,2.5069,12.7855,3.9107,2955.7,1.0,1.2108,1.5484,1.6541,75,22.9399,30,9.176,1758.0328,本院,49.3229,True
埼玉県深谷市,36.2325,139.292,61.5385,448.1857,448.1857,309.7213,69855.7852,33962.6736,467.6444,1169.1599,2.5001,8.7355,2.5721,2923.2,1.0,1.2296,1.6006,1.7166,72,21.1997,36,10.5999,1871.3183,本院,48.8398,True
埼玉県深谷市,36.2325,139.3142,62.7268,448.1857,448.1857,327.4524,76336.958,36870.3292,466.4677,1223.3346,2.6225,9.3855,2.5456,3377.8,1.0,1.2296,1.6006,1.7166,76,20.6128,36,9.7639,1958.0285,本院,48.4337,True
埼玉県深谷市,36.2325,139.3363,68.4987,448.1857,448.1857,367.4234,82364.0632,39493.0793,498.2383,1313.6691,2.6366,5.7355,1.4523,3528.7,1.0,1.2379,1.6477,1.712,82,20.7631,39,9.8751,2164.566,浦和,47.8208,True
埼玉県上里町,36.2506,139.1593,56.9231,448.1857,448.1857,295.8476,73458.9719,35514.3109,539.9875,1330.0504,2.4631,10.879,3.0633,2761.1,1.0,1.2067,1.5274,1.6317,88,24.7787,33,9.292,2031.4997,本院,54.6201,True
埼玉県本庄市,36.2506,139.1814,54.5411,448.1857,448.1857,273.783,71404.6908,34736.8452,524.3685,1293.914,2.4676,11.186,3.2202,2781.3,1.0,1.1925,1.5121,1.603,79,22.7424,36,10.3636,1956.5255,本院,53.8179,True
埼玉県本庄市,36.2506,139.2035,52.8647,448.1857,448.1857,253.1323,67569.7758,32878.4217,504.7214,1225.1814,2.4274,10.843,3.2979,2522.0,1.0,1.1925,1.5121,1.603,72,21.8989,32,9.7328,1852.595,本院,53.0781,True
埼玉県本庄市,36.2506,139.2257,54.6419,448.1857,448.1857,256.8856,72000.8759,34928.5853,523.7996,1283.7032,2.4508,11.893,3.4049,2757.1,1.0,1.2044,1.5399,1.6387,78,22.3313,31,8.8753,1976.7601,本院,52.4035,True
埼玉県深谷市,36.2506,139.2699,59.1141,448.1857,448.1857,310.4161,67374.0339,32680.3964,470.4422,1169.9444,2.4869,8.3925,2.5681,2552.3,1.0,1.2108,1.5484,1.6541,70,21.4196,34,10.4038,1811.5809,本院,51.2598,True
